issue_date,tenor,cusip,Banks,Individuals,Dealers,Pensions & insurers,Investment funds,Foreign,Other,public_size_bn
2000-01-31,2-Year,9128275X6,2.558060365605607,9.866403731053225,74.37930266204704,0.019059006697777034,1.1069285911899138,11.867703760049258,0.2025418833571837,15.336581
2000-02-15,5-Year,9128275S7,0.6149699224840701,6.8323005979077465,75.89945066497148,0.005159041357146412,1.2127023980702596,14.204509733708882,1.2309076415004263,13.122592999999998
2000-02-15,10-Year,9128275Z1,0.6785471079326542,4.395971535052355,78.44128807453232,0.000900288056166451,5.376970415454128,10.35421293397035,0.7521096450020149,11.107556
2000-02-15,30-Year,912810FM5,4.277622026347181,1.2535511936793384,76.72360689881414,0.0,14.959299713666677,2.208124333044957,0.57779583444771,10.099069
2000-02-29,2-Year,9128276A5,1.6251541334748123,10.67037898381875,66.95163983779408,0.06920316693474932,5.7126146470170145,13.521032404841899,1.4499768261187067,13.344764999999999
2000-03-31,2-Year,9128276B3,2.458549612251883,13.466205035220252,64.82381349032475,0.016716201956495175,2.232538400446018,15.618252081345673,1.3839251784549291,13.723213
2000-05-01,2-Year,9128276C1,2.150129606963647,12.106547647661342,67.03210776791293,0.02341430224861611,3.5118864931424785,14.939005224954052,0.23690895711691987,13.521650000000001
2000-05-15,5-Year,9128276D9,0.8345190303899352,7.613992385778063,80.0763258605406,0.02207519876287066,1.7126834450930124,9.411609871171894,0.32879420826362304,13.068965
2000-05-15,10-Year,9128275Z1,1.307513646060775,2.466522326343511,78.37110679863609,0.00793358542937681,7.5704035186097824,9.856216399061934,0.42030372585854026,8.508132999999999
2000-05-31,2-Year,9128276E7,0.602912944888118,16.720101741276242,69.51955921297144,0.022348570085741114,1.1623793995122282,11.746683942552394,0.2260141887138271,11.034263000000001
2000-06-30,2-Year,9128276F4,0.5162549259885357,13.527099213866503,69.83431339504084,0.07318242027152148,1.0126466892781465,13.164808326723426,1.8716950288310195,11.211709
2000-07-31,2-Year,9128276H0,0.815202813033522,10.651318722473931,68.396777467347,0.021749204043100268,0.2382433398180078,17.510241529601906,2.3664669236825553,11.724566999999999
2000-08-15,5-Year,9128276D9,0.49312341657618525,5.740318494390155,74.62836590662323,0.0009500542888165038,1.0303564965617082,18.105320304017372,0.0,11.052
2000-08-15,10-Year,9128276J6,1.9927155508133108,0.7929064411999082,82.96494189998965,7.203410815020913e-05,2.133335134186037,10.89966098947852,1.2163679502244313,11.105849999999998
2000-08-15,30-Year,912810FM5,4.356096644360152,0.22540820090634534,61.995373429354906,0.0,31.20153223719421,1.4850329469409609,0.7365565412434242,5.050393
2000-08-31,2-Year,9128276K3,2.220722741801369,11.545120867994148,68.91742918256008,0.14061817306095872,0.45252183747326513,16.568870576335172,0.15471662077501258,11.738881
2000-10-02,2-Year,9128276L1,0.34056667875664476,10.238635947169746,52.65947923788485,0.00682430818575767,18.1646823516229,18.113904443677765,0.4759070327023376,11.869335
2000-10-31,2-Year,9128273L4,0.9946391108430547,8.194094126886672,68.43753186485614,0.004339044238725536,6.736626523275718,15.545884308063462,0.08688502183624014,11.523275
2000-11-15,5-Year,9128276N7,0.05371269020851666,2.7258332608040488,82.53336701377057,0.0013797344749480122,2.2247882797448195,12.231159669809404,0.2297593511876941,13.408376999999998
2000-11-15,10-Year,9128276J6,0.005225629623049208,0.5101123317247862,88.81866349523962,0.0,0.34199473869977476,10.09909724976249,0.22490655495027873,8.802767
2000-11-30,2-Year,9128276P2,0.29701851440423804,7.511431579602728,36.4450569905234,0.058122700731203195,9.01249829960184,46.48110329934811,0.19476861578847943,11.725195
2001-01-02,2-Year,9128276Q0,0.4897075333366874,8.041758271218644,63.88889807666563,0.0959639102582069,4.45916655104575,23.027856778150763,0.0,11.488693999999999
2001-01-31,2-Year,9128276S6,0.49156422032315317,7.818655098974189,65.91802427720282,0.013804460680844583,1.8674803129660194,23.805062202173712,0.08540942767927215,12.119271
2001-02-15,5-Year,9128276N7,0.049553842250169164,2.905721741641196,83.42901104493806,0.009114188385169976,11.061617017429247,2.5519727478475933,0.0,10.971903999999999
2001-02-15,10-Year,9128276T4,0.10428695058305101,0.8116699614691658,80.55619464668196,0.0015538092314805025,7.815115238125355,10.495027265263042,0.21615212864595432,11.005212
2001-02-15,30-Year,912810FP8,0.0,0.4525071410486679,54.01713411877456,0.0004997759504414171,42.60190156752728,2.3789335241011456,0.5490238725979144,10.004483
2001-02-28,2-Year,9128276U1,0.24666858103533468,8.017749900439517,54.419305548849614,0.024958188227939593,20.112161190325885,17.01694651904972,0.16221007207198707,11.018428
2001-04-02,2-Year,9128276V9,0.5409883154227229,18.923771818535776,54.41522336195992,0.009674618506627704,9.312297230442875,16.719375926242527,0.07866872888957364,11.008185999999998
2001-04-30,2-Year,9128276W7,0.5704036752906866,9.851382206943493,69.38472463555183,0.01933995289447132,0.22671222300015142,19.760334506224016,0.18710280009535046,10.005195
2001-05-15,5-Year,9128276X5,0.08937677384908181,2.780760250033524,80.6493364097479,0.585862292105195,10.586349773820785,5.271145941876186,0.03716855856731431,13.005616
2001-05-15,10-Year,9128276T4,0.015605723668506884,4.136916289010005,70.30276325717332,0.0006664365979433544,19.548806873005063,5.942392998328243,0.05284842221690801,9.003107
2001-05-31,2-Year,9128276Y3,0.8608701774767759,10.751290880206877,67.12622082042654,0.029504118774980992,0.2979715968349182,20.75289710443578,0.18124530184413745,9.998603999999998
2001-07-02,2-Year,9128276Z0,0.5240447846193929,9.539372558420482,67.03769391215499,0.011904325932083732,1.4949016316468964,20.28865173331075,1.1034310539154193,11.004402999999998
2001-07-31,2-Year,9128277A4,0.4270253022717977,8.6931227907062,65.55268689282171,0.03869778818605263,8.539922871017646,16.66212623726701,0.08641811772958535,12.00327
2001-08-15,5-Year,9128276X5,0.06912917523163505,1.531547781312765,85.47077559569111,0.0018191888218851327,6.7092138548329165,6.230721714956579,0.0,10.993911
2001-08-15,10-Year,9128277B2,0.09560435375628588,0.9933527753392211,64.01340878554842,0.0002726619082316358,15.01640015934362,18.995446273470627,0.8855149906336091,11.002636999999998
2001-08-15,30-Year,912810FP8,1.101906337961273,1.0564102051325635,73.21727653149482,0.19998300144487713,20.24827889629381,4.159646430053445,0.016498597619202363,5.000425000000001
2001-08-31,2-Year,9128277C0,0.36082769916585294,7.44688078348545,70.54543703692381,0.11551344081393473,4.243015133689484,17.212252768554283,0.07607313736719795,13.998370999999999
2001-10-01,2-Year,9128277D8,0.81237287841628,5.250600938395768,60.91378499913134,0.006784717218689252,0.751051734056723,32.18919131050576,0.07621342227544953,17.008815
2001-10-05,10-Year,9128277B2,0.8333280555889812,0.003749976250150416,77.51305908395913,0.0,18.69988156741674,2.916648194561434,0.03333312222355925,6.000038000000001
2001-10-31,2-Year,9128277E6,0.23514437648987693,3.6715618685164624,59.66650960558728,0.054484672601312956,4.005162758160929,32.15737467538737,0.2097620432567786,19.005345
2001-11-15,10-Year,9128277B2,2.86589111717224,1.1026065727983985,79.23734378132608,0.00021434808957978196,2.8579745277304265,13.932625822685829,0.0,6.997963
2001-11-15,5-Year,9128277F3,18.8047652308702,1.2028314016893193,57.49844689609503,0.16032544283849584,1.2918837330262347,20.997602336283222,0.044144959197471634,16.001827000000002
2001-11-30,2-Year,9128277G1,0.262751613975571,3.514394490033998,68.08007349008285,0.0009998521171106789,2.3870278995878036,25.710483011417455,0.044269642785214725,21.003106
2001-12-31,2-Year,9128277H9,0.180270086013056,3.7055841337281965,62.490574883930265,0.009816946127182145,22.615161408115274,10.902114308468533,0.09647823361749291,23.001043000000003
2002-01-31,2-Year,9128277K2,0.29970188952578825,4.257743704962796,75.2143422506571,0.0033187806799781752,3.9009467921485643,16.192210981685328,0.13173560034043494,25.009185000000002
2002-02-15,5-Year,9128277F3,0.08453732556061544,1.5015625045972008,83.98195812162757,0.04797079077737881,5.758285802807813,8.570781285558349,0.0549041690710693,15.634514000000001
2002-02-15,10-Year,9128277L0,0.10596319555559179,1.4782617572654628,64.27476581065446,0.9142589979490306,20.50845240475915,12.701338974363315,0.016958859452997254,12.636463
2002-02-28,2-Year,9128277M8,0.6839680228786583,5.08350699846873,78.78409709675928,0.005757407554526348,2.474705689522122,11.462038873136207,1.5059259116804886,25.011256999999997
2002-04-01,2-Year,912828AA8,0.6998778163812128,5.577086599489809,71.20148985135167,0.009831969324255709,6.9179384160321415,14.699954136143095,0.8938212112778208,25.000078000000002
2002-04-30,2-Year,912828AB6,0.34920072407444347,5.132231721896997,75.1160213447363,0.23371623286302562,1.075638522785443,17.375259334243243,0.7179321194005427,25.006821000000002
2002-05-15,10-Year,9128277L0,6.41856370082651,1.3142296631655757,72.946246812138,0.0012273683504251196,14.049730965403395,5.266773965935346,0.003227524180747536,10.999143
2002-05-15,5-Year,912828AC4,7.581328602747359,2.275625266861004,69.45239644929819,0.005424678251610752,8.535076996356562,11.976090344427087,0.1740576620581738,22.010522
2002-05-31,2-Year,912828AD2,0.30613310695491397,5.655738129948324,70.61842569217275,0.15588332029583277,7.786813901531313,15.389436068838002,0.08756978025885365,26.99904
2002-07-01,2-Year,912828AE0,1.1370238983915637,4.125398620680052,87.6695385402512,0.0028847853753009487,4.425312610378221,2.626784095330195,0.014812761875743,27.003742000000003
2002-07-31,2-Year,912828AG5,0.15799384868299157,5.609579390011733,70.40693661073857,0.006408007499478864,6.977457621728912,16.77170283118802,0.06992169015029276,27.013077000000003
2002-08-15,5-Year,912828AH3,0.0647193800748252,2.0015086047522774,64.67656844110782,0.007267757448043257,2.9882702028667305,30.264758953014127,0.0,22.015044000000003
2002-08-15,10-Year,912828AJ9,3.7529405595928225,1.0684329427991726,74.18247555347396,0.014291763944717921,8.326216149682148,12.154387043852216,0.5012559866549473,18.003376000000003
2002-09-03,2-Year,912828AK6,0.1944464523131833,4.047759692476141,70.40803464146312,0.01528243208334617,8.240552516761426,16.998626617782637,0.09529764712016325,27.004863999999998
2002-09-30,2-Year,912828AL4,0.18918103701278752,3.388686577737815,68.27586768770482,0.00581411819731969,1.141270666273874,26.938994531581116,0.06018538149225454,27.003235000000004
2002-10-31,2-Year,912828AM2,3.8560571712202334,8.240121909655267,64.4406966494545,0.003973350629937157,0.2744685449123412,23.088388795580777,0.09629357854695791,27.004915999999998
2002-11-15,5-Year,912828AN0,6.637944175205804,0.9266198486238226,74.75692851557307,0.0011361984744217635,3.3401053792271465,14.316896116646316,0.020369766249433378,22.003198
2002-11-15,10-Year,912828AP5,4.195133012436026,0.6108718049676441,74.5380756927094,0.0,8.276944105574255,12.374392512576373,0.004582871736307894,18.001813
2002-12-02,2-Year,912828AQ3,0.22285754634463528,2.7176046316513336,76.3469120503957,0.015366166301093847,1.7461518954055053,16.895377549853304,2.0557301600484346,27.007386999999998
2002-12-31,2-Year,912828AR1,0.6527469182998176,16.257566562983758,62.138098081983436,0.01305138394653857,2.5940967757342746,15.606493183845316,2.7379470932068757,27.008629999999997
2003-01-31,2-Year,912828AS9,0.22742009364849114,3.0930021529916925,62.96640607851951,0.0113691530288368,6.96890936603788,26.69166053368137,0.041232622092204865,27.002891
2003-02-18,5-Year,912828AT7,2.553784975074265,8.178403028329983,70.23808482373275,0.20870382427887832,3.3290301187528932,15.009179219097776,0.48281401073345864,24.005309999999998
2003-02-18,10-Year,912828AU4,3.396903303963094,0.7429884052213167,54.79611703122826,8.332455648005075e-05,28.218249899899426,12.84693567833077,0.0,18.001896000000002
2003-02-28,2-Year,912828AV2,0.13558999611912156,2.861434861281374,67.70305776034571,0.02391195954286082,4.541542622141926,24.70458025881066,0.029882541758333495,26.999042000000003
2003-03-31,2-Year,912828AW0,0.1283833069849534,3.336369708665374,49.81427123566156,0.008503579299488029,29.45501352850579,17.240488518779078,0.016970122103769223,27.000394999999997
2003-04-30,2-Year,912828AX8,0.09506923563090221,2.752737846592006,50.367844726247924,0.005277303602276328,24.258857333781783,22.472054918324744,0.04815863582035184,27.002426000000003
2003-05-15,5-Year,912828AZ3,0.27814729847735253,0.9027692028423404,67.63702996786489,0.009442843882406377,15.488474703537753,15.68067545884306,0.0034605245521995135,18.003051
2003-05-15,10-Year,912828BA7,1.390625981671521,0.781259851433919,75.92263582667553,0.0,13.058678896984924,8.660234984005228,0.18656445922887469,18.001821
2003-05-15,3-Year,912828AY6,0.2636275680620474,3.616215713530286,72.4009480774596,0.004545302897621507,9.400818172702786,13.36682676132533,0.9470184040223386,22.000733999999998
2003-06-02,2-Year,912828BB5,0.30741258520844483,3.381010450027946,59.997664856323674,0.015099635796784583,6.985811502226566,29.279293783433946,0.033707186982649975,25.000602999999998
2003-06-16,5-Year,912828AZ3,1.9380320421297632,0.31935194661885075,85.87525980429544,0.0003800062827705418,8.225802666604087,3.644726926151846,0.0,14.999752
2003-06-30,2-Year,912828BC3,0.3792859763304048,3.2005599093931054,61.65251027271184,0.014571307571464203,5.6123533009711375,29.09861723370905,0.04210199931299264,25.001188000000003
2003-07-31,2-Year,912828BE9,0.2217286740846083,2.7083785151738593,61.80843784921347,0.039706688091025476,4.237260000929569,30.947377498647448,0.03711077386003167,25.000825999999996
2003-08-15,3-Year,912828BF6,0.2122081315356282,1.0620072285334716,81.26309062947469,0.002328935810904411,3.942942489159095,13.45699940826699,0.060423177219224807,24.002379
2003-08-15,5-Year,912828BG4,0.08368207808827609,1.2672119387764453,66.96052595402485,0.004176883228619648,8.8157675120134,22.777066356066516,0.09156927780189297,18.003855
2003-08-15,10-Year,912828BH2,0.0440085526767769,1.2784640059856962,68.67861210442912,0.005581599626471577,9.874427337597528,19.854943944911334,0.2639624547730758,18.005591
2003-09-02,2-Year,912828BJ8,0.2764704430722424,3.2486036990740574,70.06688301733386,0.031377099500922136,9.166072688240698,17.171304684594954,0.03928836818324514,25.002311000000002
2003-09-15,5-Year,912828BK5,0.03874472829540631,0.861457787899734,75.84468038317536,0.012092104718001807,4.124438818543252,19.12239815870053,0.0,16.002177
2003-09-15,10-Year,912828BH2,0.7694042561112737,0.5836626457906645,76.22786611835187,0.0008461331484352923,15.92268742964595,5.961392636703195,0.5341407802486062,13.000318
2003-09-30,2-Year,912828BL3,0.1472570161249232,2.8609734592624783,61.821950829914464,0.03215498125052641,6.585772092691772,28.389568956077333,0.162322664678497,25.003902000000004
2003-10-15,5-Year,912828BM1,0.028788983440676753,0.5897396688185363,50.01187193909964,0.002113067622790172,22.1309449250805,27.176050166475967,0.0604912494618867,15.995702000000001
2003-10-31,2-Year,912828BN9,0.214435668434112,2.502522518052807,53.750835791430305,0.03142210404639396,16.27100391699411,27.11492971083011,0.11485029021216844,26.000804999999996
2003-11-17,3-Year,912828BP4,0.10950934023414416,0.8247745130595098,62.80302324119062,0.004333702962081808,8.41946811046759,27.514846787140556,0.32404430494550934,23.997953
2003-11-17,5-Year,912828BQ2,0.09342270417922562,1.7332192514010598,68.50421314524311,0.00037494061877950077,3.725534968399379,25.87090269578556,0.07233229437287869,16.002534
2003-11-17,10-Year,912828BR0,0.01358658732099671,1.027634177548582,61.98901050943114,0.0,18.086041563664452,18.82124650527683,0.062480656757986176,17.002062000000002
2003-12-01,2-Year,912828BS8,0.2068985196603203,2.458531268173324,65.22566206180298,0.03107708062035406,7.333568023426143,24.708990309842456,0.035272736474432305,26.003086
2003-12-15,5-Year,912828BT6,0.04046867917981144,0.6084051852909257,65.01499247376317,0.002831245045321171,7.703067769631404,26.56245351570635,0.06778113138302008,16.000028
2003-12-15,10-Year,912828BR0,1.5424666200257515,0.456665445647946,76.5032112570149,0.0024748127391694035,10.62002975108217,10.790850159004636,0.08430195448544395,12.000907999999999
2003-12-31,2-Year,912828BU3,0.2417064208014011,2.617626901638195,68.30743026645763,0.026287231353204158,7.634485602483005,20.85830482538139,0.3141587518851775,26.008824999999998
2004-01-15,5-Year,912828BV1,0.028289248473336682,2.239431150518174,59.74929239384783,1.5687128785631987,10.001845956262208,25.914626335084428,0.49780203725082245,16.002546
2004-02-02,2-Year,912828BX7,0.23523739763119642,3.2730788285649868,54.81847846177524,0.033547654244791655,8.076742941589698,33.08653264167913,0.4763820745149435,26.001818000000004
2004-02-17,3-Year,912828BY5,0.10654753552634785,1.0800572689852652,54.536004429608134,0.04201910142475086,9.810926646798409,33.94884609212274,0.4755989255343551,23.803459999999998
2004-02-17,5-Year,912828BZ2,0.09368359028160064,1.2112007908087232,56.82276849287079,1.6053367091834665,5.897948433722593,33.52314159012789,0.8459203930049419,16.00387
2004-02-17,10-Year,912828CA6,0.0072146381071937805,0.9024731467109465,54.55230859362092,0.03747863951788977,14.01708613696981,30.107840412704785,0.37559843236845203,16.009119000000002
2004-03-01,2-Year,912828CB4,0.27426867839078484,3.355799346517839,53.06281304995263,0.020921274474814483,9.61806752033671,32.90101160515402,0.767118525173216,26.002239999999997
2004-03-15,5-Year,912828CC2,1.5989312710036827,0.5887171371052037,54.12643522495975,0.0,8.905658330324679,34.341468438690605,0.43878959791608846,16.001063
2004-03-15,10-Year,912828CA6,0.9091300016809813,0.40913577465649204,80.3811836636248,0.001818260003361963,6.909388012775458,11.22775552076012,0.16158876649877763,10.999527
2004-03-31,2-Year,912828CD0,0.14047696102469004,3.5707589193698928,53.11503075411414,0.021915036568385986,8.553547597967404,33.61547036228758,0.982800368667904,26.004976000000003
2004-04-15,5-Year,912828CE8,0.05767738843284037,0.5671630692244266,58.57879915427326,0.002243356711526511,9.404601255842335,30.70132392414955,0.6881918513660573,16.002805
2004-04-30,2-Year,912828CF5,0.16969502853909402,3.4553319940952303,55.859347462368405,0.01238397189438349,5.138079171347674,34.76742420038097,0.597738171374249,26.001351
2004-05-17,10-Year,912828CJ7,0.014802313799588667,2.8529410451366597,56.400747753443966,0.057316478467565296,10.257117057110737,29.99118059349347,0.42589475854800296,15.004411000000001
2004-05-17,3-Year,912828CG3,0.13239303461900578,2.0299668136237545,54.19148506596403,0.043017216302395904,12.978075426824528,29.997477712082375,0.6275847305839035,24.002018
2004-05-17,5-Year,912828CH1,0.07452233383685901,1.4430203435306281,64.6287274664926,0.0007332251093071995,2.651775264637606,30.695469348724124,0.5057520176688588,15.002214000000002
2004-06-01,2-Year,912828CK4,0.56042908665385,6.511063137508029,55.37966300683015,0.031627871343897045,6.22458099767901,30.748208676936567,0.5444272230485054,25.009587
2004-06-15,5-Year,912828CL2,0.07181057416869346,1.0679082109576739,43.37490637967141,0.0009663603948455268,24.060874306903,30.856887090584756,0.5666470773196282,15.004754
2004-06-15,10-Year,912828CJ7,0.002098892204694362,0.6750237224792754,61.87284351319373,0.0017990504611665962,7.256569982363308,29.984174352776606,0.20749048652121413,10.005278
2004-06-30,2-Year,912828CM0,0.18093782232311334,3.8545750492473427,37.07089949815117,0.03081145536719757,26.195635426383557,31.91115039977113,0.7559903487564829,25.006933
2004-07-15,5-Year,912828CN8,3.3421610797814747,0.7249002030128434,57.94246596559193,0.0,6.8334061759036775,30.723170108661392,0.43389646704870033,15.004961999999999
2004-08-02,2-Year,912828CQ1,0.1273487449337528,4.5734321107465,39.3513037395457,0.03209754922193541,22.873659213925396,32.55578808169049,0.4863705599362265,24.004948
2004-08-16,10-Year,912828CT5,0.0012853881643742958,0.8734569629191222,45.3065336566037,0.0,21.780545393054567,31.771510542468086,0.266668056790163,14.003551999999999
2004-08-16,3-Year,912828CR9,0.044911923913574986,1.218811365920525,63.02129505938845,0.0005226015632966834,3.3211329347504233,31.792152542215756,0.6011735722479847,22.005291999999997
2004-08-16,5-Year,912828CS7,0.04361439648312275,1.2056941313843705,57.31534195046459,0.0003998874983171401,8.334455239925834,32.63081986267863,0.4696745315651197,15.004220000000002
2004-08-31,2-Year,912828CU2,0.13417026990754657,4.042319346652308,52.252241107111544,0.019560509996145385,6.374118746124657,36.96336578062055,0.21422423958725656,24.007554
2004-09-15,5-Year,912828CV0,31.56565853468682,0.6172443344017049,36.48098087320966,0.00966339464124114,4.631798339748827,26.697626850215183,0.0,15.005079000000002
2004-09-15,10-Year,912828CT5,0.0006666494078542189,0.41372262251432823,97.0928530405824,0.0,0.2777705866059245,2.222164692847396,0.0,9.000233
2004-09-30,2-Year,912828CW8,0.23783958619553058,3.7405441777730823,47.154202754758224,0.031265630211372325,21.10444620174459,27.30795550107203,0.4237461482451629,24.003994000000002
2004-10-15,5-Year,912828CX6,0.020326434541449966,0.705067366802374,60.33336285664645,0.0,11.733184423873205,26.85755121378471,0.35050770435180967,15.005091
2004-11-01,2-Year,912828CY4,0.2562425514579119,2.9515563253999266,58.31950269427251,0.02334551618019207,7.146122897044858,30.66780296784196,0.6354270478026622,24.008892999999997
2004-11-15,5-Year,912828DB3,0.052099970083845225,1.3202636354473904,54.77787921659137,0.0029996144495560836,14.46794038739554,29.00293882226338,0.3758783537689289,15.001928
2004-11-15,3-Year,912828AN0,0.04309981699504167,1.576612662467225,45.95244779242147,0.0,23.76610699460273,28.62718471995388,0.03454801355965228,22.007054000000004
2004-11-15,10-Year,912828DC1,0.007427562871641501,1.093744342286094,58.586816175889254,0.007270441349356775,11.627349743438407,28.638968380079245,0.0384233540859916,14.001901000000002
2004-11-30,2-Year,912828DD9,0.4428043327398144,2.8966385953566887,55.23884594185869,0.029243406830235064,9.58319355581956,31.75325763012348,0.05601653727153432,24.005411
2004-12-15,5-Year,912828DE7,0.009565082051406817,0.7313388415319195,34.50511032005698,0.0023329468418065405,32.82281568686788,31.93470948312896,0.0,15.002485
2004-12-15,10-Year,912828DC1,0.00405553437665381,0.43410884409825856,90.3044172991541,0.0020888779803038804,7.862181164165031,1.3999926889270689,0.0,9.000047
2004-12-31,2-Year,912828DF4,0.3274243367329446,3.154338446407662,64.34561229100844,0.03145306625528,12.586621432019363,19.121797895594067,0.4327525319822485,24.004019
2005-01-18,5-Year,912828DG2,0.02822449530303744,0.41557653580075626,60.02690357559369,0.0009996869646884572,20.460259877290422,18.660823340851202,0.40721248819619615,15.004697
2005-01-31,2-Year,912828DJ6,0.20066071159158655,3.595232471633622,68.09704448617967,0.03312922374191668,6.166260008219876,21.246820000312145,0.6608530983211682,24.027125000000005
2005-02-15,3-Year,912828DK3,0.006181093870000144,0.7275920121723919,56.03008883777165,0.0042040528159927445,22.79028393854575,20.315801175662234,0.12584888916198822,22.002577999999996
2005-02-15,5-Year,912828DL1,0.025664639160173013,0.6446690711433797,54.42470044866457,0.0031664165197616057,26.001779192777107,18.898507017945583,0.0015132137894439675,15.001185
2005-02-15,10-Year,912828DM9,0.008819743370463144,0.688497019319523,71.97196250002233,0.004891922436248789,7.006696934692835,20.012604734452527,0.30652714570608836,14.002675
2005-02-28,2-Year,912828DN7,0.14539897994946985,3.6264561662438606,65.95490340627498,0.022389260219687172,10.580435427165842,19.20269574190844,0.46772101823772905,24.007046
2005-03-15,10-Year,912828DM9,5.559861535104424,0.22290110532816082,82.1819776090051,0.0,9.713897287277327,2.3226735155444134,0.0,9.000404
2005-03-15,5-Year,912828DP2,6.288483715613571,0.6639832141823205,50.50389042407596,0.021992598757431495,21.928866872002008,20.583739552182703,0.009043623186010466,15.005048
2005-03-31,2-Year,912828DQ0,0.19083775453505805,4.144866200664172,66.69625985833267,0.008499640181898966,5.8473149636665385,23.060857090383173,0.05136449223649532,24.001016
2005-04-15,5-Year,912828DR8,0.039997333511099256,0.7132857809479368,71.54856342910473,0.0,10.432637824145056,17.22551829878008,0.039997333511099256,15.001
2005-05-02,2-Year,912828DS6,0.08331944675887352,3.36610564905849,72.38376937177136,0.04165972337943676,6.36977170471588,17.74704215964006,0.004165972337943676,24.004
2005-05-16,3-Year,912828DT4,0.06818181818181819,2.1545454545454543,59.409090909090914,0.004545454545454545,14.299999999999999,24.045454545454543,0.027272727272727275,22.0
2005-05-16,5-Year,912828DU1,0.2533164455702953,1.5398973401773215,65.2356509566029,0.0,8.532764482367842,24.39837344177055,0.039997333511099256,15.001
2005-05-16,10-Year,912828DV9,0.0071428571428571435,0.5285714285714286,50.01428571428571,0.0,29.878571428571426,19.32857142857143,0.25,14.0
2005-05-31,2-Year,912828DW7,0.15452438303867655,4.258510203154115,36.86769985911012,0.027269008771531156,33.29091487524429,25.38290233150025,0.01817933918102077,22.003
2005-06-15,5-Year,912828DX5,0.04999642882651239,0.4142561245625312,50.0464252553389,0.0,10.927790872080566,38.5686736661667,0.0,14.001
2005-06-15,10-Year,912828DV9,0.0,0.21247344081989752,88.98887639045118,0.0,3.737032870891139,7.074115735533058,0.0,8.001
2005-06-30,2-Year,912828DY3,0.14502175326298947,4.585687853177977,68.22023303495524,0.04000600090013502,7.841176176426464,19.10286542981447,0.06500975146271941,19.997
2005-07-15,5-Year,912828DZ0,0.04615029613106684,0.4845781093762018,69.72540573802016,0.0,13.498961618337052,16.229520806091838,0.007691716021844474,13.001
2005-08-01,2-Year,912828EB2,1.0296910926721983,4.218734379686094,62.69119264220734,0.024992502249325203,12.756173148055582,19.21923422973108,0.059982005398380486,20.006
2005-08-15,3-Year,912828EC0,0.07776049766718507,0.7887136191957344,71.62852699400133,0.0,13.435903132637192,14.02466118640302,0.04443457009553432,18.004
2005-08-15,5-Year,912828ED8,0.023076923076923075,0.7615384615384615,77.53076923076922,0.0,5.538461538461538,16.153846153846153,0.0,13.0
2005-08-15,10-Year,912828EE6,0.007691716021844474,0.49996154141989074,52.78055534189677,0.0,15.552649796169526,31.16683332051381,0.0,13.001
2005-08-31,2-Year,912828EF3,0.3649270145970806,4.489102179564087,53.904219156168764,0.029994001199760045,21.14577084583083,19.996000799840033,0.06998600279944012,20.004
2005-09-15,5-Year,912828EG1,0.007691716021844474,0.29997692485193445,45.41189139296977,0.0,36.57410968387047,17.69094685024229,0.0,13.001
2005-09-15,10-Year,912828EE6,0.0,0.375,77.875,0.0,15.725,6.0249999999999995,0.0,8.0
2005-09-30,2-Year,912828EH9,0.12496251124662601,4.453663900829751,52.07937618714386,0.06498050584824552,17.239828051584524,25.967209837048888,0.06498050584824552,20.006
2005-10-17,5-Year,912828EJ5,13.66817937081763,0.5922621336820245,40.550726867164066,0.015383432043688947,28.543958157064843,16.62949003922775,0.0,13.001
2005-10-31,2-Year,912828EK2,0.274972502749725,3.87961203879612,61.598840115988395,0.0,10.51894810518948,23.667633236676334,0.059994000599940006,20.002
2005-11-15,3-Year,912828EL0,0.10554969168379534,2.3165379701127713,68.9295039164491,0.0,13.093717015721348,15.554691406032997,0.0,18.001
2005-11-15,5-Year,912828EM8,7.769230769230768,1.3153846153846154,69.94615384615385,0.0,4.6,16.369230769230768,0.0,13.0
2005-11-15,10-Year,912828EN6,0.0,0.5846153846153846,44.146153846153844,0.0,37.96153846153846,17.315384615384616,0.0,13.0
2005-11-30,2-Year,912828EP1,0.135,3.82,55.69499999999999,0.005,15.590000000000002,24.709999999999997,0.045,20.0
2005-12-15,5-Year,912828EQ9,0.030766864087377895,0.6461041458349357,55.84185831859087,0.0,27.705561110683796,15.768017844781172,0.007691716021844474,13.001
2005-12-15,10-Year,912828EN6,0.0,0.21250000000000002,83.0875,0.0,13.450000000000001,3.25,0.0,8.0
2006-01-03,2-Year,912828ER7,0.13,4.415,66.245,0.03,5.1450000000000005,23.95,0.08499999999999999,20.0
2006-01-17,5-Year,912828ES5,0.030766864087377895,0.6537958618567803,71.06376432582108,0.007691716021844474,8.637797092531343,19.61387585570341,0.0,13.001
2006-01-31,2-Year,912828EU0,0.08634401272438082,4.167234719381958,71.0838445807771,0.0045444217223358325,3.4673937741422405,21.063394683026583,0.13178822994773914,22.005
2006-02-15,30-Year,912810FT0,0.2,0.15,34.40714285714286,20.764285714285712,41.34285714285714,3.1,0.03571428571428571,14.0
2006-02-15,3-Year,912828EV8,0.08094467193600609,0.7475478525854681,75.916579373393,0.0047614512903532994,6.794590991334158,16.18893438720122,0.2666412722597848,21.002
2006-02-15,10-Year,912828EW6,0.0,0.3999692331359126,57.880163064379666,2.3075148065533417,13.745096531036074,25.37497115606492,0.28459349280824553,13.001
2006-02-28,2-Year,912828EY2,0.24995455371750588,4.385566260679876,65.97436829667333,0.018178512997636793,6.621523359389202,22.72314124704599,0.027267769496455194,22.004
2006-02-28,5-Year,912828EX4,0.02142857142857143,0.9928571428571429,77.82857142857142,0.0,8.642857142857142,12.5,0.014285714285714287,14.0
2006-03-15,10-Year,912828EW6,0.375,0.1875,93.9875,0.0,5.125,0.3375,0.0,8.0
2006-03-31,2-Year,912828EZ9,0.14540167211922936,4.298436932024718,61.327699018538716,0.009087604507451835,12.204652853507815,21.969283896764814,0.045438022537259176,22.008
2006-03-31,5-Year,912828FA3,0.0714387769681383,1.0215745106443777,73.31761680240034,0.0071438776968138305,11.658808401200172,13.8948421203029,0.03571938848406915,13.998
2006-05-01,2-Year,912828FC9,0.24995455371750588,4.290129067442283,71.27794946373388,0.004544628249409198,7.816760588983822,16.356117069623703,0.009089256498818397,22.004
2006-05-01,5-Year,912828FD7,7.170916363116921,1.0642096993071923,71.88057995857439,0.0,3.7497321619884296,16.105992429112206,0.03571173487608028,14.001
2006-05-15,3-Year,912828FE5,0.0,0.0,74.60120946621589,0.0,7.490119518118185,16.02304652159421,1.885624494071711,21.001
2006-05-15,10-Year,912828FF2,0.0,0.0,69.15384615384616,2.8846153846153846,8.384615384615385,18.23076923076923,1.3461538461538463,13.0
2006-05-31,5-Year,912828FH8,0.035709184402228256,1.5069275817740324,76.87473218111698,0.0,6.04199400085702,15.533495214969289,0.007141836880445651,14.002
2006-05-31,2-Year,912828FG0,0.19995455578277663,4.567143830947512,66.18041354237674,0.009088843444671665,6.584867075664621,22.372188139059304,0.08634401272438082,22.005
2006-06-15,10-Year,912828FF2,0.0,0.43750000000000006,85.5625,0.0,8.0625,5.9375,0.0,8.0
2006-06-30,2-Year,912828FJ4,0.1999818198345605,4.849559130988092,66.92573402417962,0.013635124079629125,10.889919098263794,17.066630306335785,0.04999545495864013,22.002
2006-06-30,5-Year,912828FK1,0.03571428571428571,1.4071428571428573,80.7,0.0,5.2214285714285715,12.614285714285714,0.014285714285714287,14.0
2006-07-31,2-Year,912828FM7,0.09997727789138831,4.898886616678028,62.92660758918428,0.027266530334015,9.034310384003636,22.953874119518293,0.059077482390365824,22.005
2006-07-31,5-Year,912828FN5,0.07856581672737661,1.414184701092779,76.2945503892579,0.007142346975216056,5.23534033283337,16.963074066138134,0.014284693950432113,14.001
2006-08-15,3-Year,912828FP0,0.09999047709741929,1.333206361298924,73.04066279401962,0.009522902580706599,3.880582801637939,21.593181601752214,0.047614512903532996,21.002
2006-08-15,10-Year,912828FQ8,0.0,0.8769230769230769,69.12307692307692,0.0,4.861538461538462,25.115384615384617,0.015384615384615385,13.0
2006-08-15,30-Year,912810FT0,0.0,0.15001500150015,68.01680168016802,0.0,23.232323232323232,7.570757075707571,1.03010301030103,9.999
2006-08-31,5-Year,912828FS4,0.0642811227769445,1.4427540889936432,71.98057281622742,0.0,6.5281051353474755,19.96285979572888,0.007142346975216056,14.001
2006-08-31,2-Year,912828FR6,0.22727272727272727,4.536363636363636,73.66818181818182,0.03636363636363636,2.0272727272727273,19.43181818181818,0.07727272727272727,22.0
2006-09-15,10-Year,912828FQ8,0.0,0.17500000000000002,84.0125,0.0,7.5874999999999995,8.225,0.0,8.0
2006-10-02,2-Year,912828FT2,0.09,4.02,60.24,0.06999999999999999,3.4750000000000005,32.029999999999994,0.075,20.0
2006-10-02,5-Year,912828FU9,0.028571428571428574,0.9714285714285713,41.9,0.0071428571428571435,34.07142857142857,23.021428571428572,0.0071428571428571435,14.0
2006-10-31,2-Year,912828FV7,0.14998500149985,3.584641535846415,66.6083391660834,0.0,2.1347865213478654,27.4972502749725,0.019998000199980003,20.002
2006-10-31,5-Year,912828FW5,0.028571428571428574,0.8928571428571428,79.05,0.0,3.835714285714286,16.185714285714287,0.02142857142857143,14.0
2006-11-15,3-Year,912828FX3,0.06841745171306773,1.552549865796537,76.64333456133888,0.005262880901005211,3.38403241934635,18.31482553549813,0.03157728540603126,19.001
2006-11-15,10-Year,912828FY1,0.0,0.38461538461538464,65.76923076923077,0.0,4.753846153846154,28.884615384615387,0.20769230769230768,13.0
2006-11-30,2-Year,912828FZ8,0.295,4.135,40.735,0.005,25.180000000000003,29.549999999999997,0.105,20.0
2006-11-30,5-Year,912828GA2,0.04285714285714286,1.1785714285714286,63.99285714285714,0.0,15.164285714285713,19.607142857142858,0.0071428571428571435,14.0
2006-12-15,10-Year,912828FY1,0.0,0.1625,87.2375,0.0,5.887499999999999,6.7125,0.0,8.0
2007-01-02,2-Year,912828GB0,0.395,3.56,62.875,0.01,14.42,18.725,0.015,20.0
2007-01-02,5-Year,912828GC8,0.04615384615384615,0.9076923076923076,50.723076923076924,0.0,36.56153846153846,11.76923076923077,0.0,13.0
2007-01-31,2-Year,912828GE4,0.31492126968257933,4.078980254936266,71.44213946513372,0.009997500624843789,3.059235191202199,20.994751312171957,0.094976255936016,20.005
2007-01-31,5-Year,912828GF1,0.015385798907608278,1.161627817524425,78.8060620047696,0.0,7.092853296407416,12.924071082390952,0.0,12.999
2007-02-15,3-Year,912828GG9,0.09375585974123382,1.718857428589287,66.72917057316083,0.006250390649415589,18.94493405837865,12.500781298831177,0.012500781298831178,15.999
2007-02-15,10-Year,912828GH7,0.0,0.43076923076923074,69.02307692307691,0.0,4.407692307692308,25.73846153846154,0.4,13.0
2007-02-15,30-Year,912810PT9,0.0,0.044444444444444446,46.855555555555554,0.0,37.544444444444444,15.555555555555555,0.011111111111111112,9.0
2007-02-28,2-Year,912828GJ3,0.26662222962839527,4.027106593345554,45.76459478975726,0.005554629783924901,23.046158973504415,26.82886185635727,0.05554629783924901,18.003
2007-02-28,5-Year,912828GK0,0.015384615384615385,0.8923076923076922,72.83846153846154,0.0,4.438461538461539,21.80769230769231,0.007692307692307693,13.0
2007-03-15,10-Year,912828GH7,0.0,0.15,83.89999999999999,0.0,5.2,10.75,0.0,8.0
2007-04-02,2-Year,912828GL8,0.2277777777777778,4.483333333333333,68.81666666666668,0.0,1.261111111111111,25.13888888888889,0.06666666666666667,18.0
2007-04-02,5-Year,912828GM6,0.015385798907608278,1.1231633202554043,82.72944072620972,0.0,1.1308562197092082,15.00115393491807,0.0,12.999
2007-04-30,2-Year,912828GP9,0.29442808732848175,3.694239208932837,55.635798011221596,0.0,12.982612077106829,27.304038664518636,0.08332870396089107,18.001
2007-04-30,5-Year,912828GQ7,0.0,0.7615384615384615,60.58461538461538,0.0,9.846153846153847,28.784615384615385,0.023076923076923075,13.0
2007-05-15,3-Year,912828GR5,0.09997857601942442,2.656573591373277,78.67599800042848,0.021423980575590945,1.9352995786617155,16.603584946082982,0.0071413268585303145,14.003
2007-05-15,10-Year,912828GS3,0.0,0.46153846153846156,55.19230769230769,0.0,17.115384615384617,26.853846153846156,0.3769230769230769,13.0
2007-05-15,30-Year,912810PT9,0.0,0.04,90.36,0.0,2.18,7.3999999999999995,0.0,5.0
2007-05-31,2-Year,912828GT1,0.3054367745876604,5.086910645859943,73.17154439940023,0.016660187704781476,2.4212806130949076,18.881546065419002,0.10551452213028267,18.007
2007-05-31,5-Year,912828GU8,0.023076923076923075,1.3692307692307693,80.46153846153847,0.0,1.9846153846153847,16.153846153846153,0.007692307692307693,13.0
2007-06-15,10-Year,912828GS3,0.0,0.375,91.66250000000001,0.0,2.45,5.4875,0.0125,8.0
2007-07-02,2-Year,912828GV6,0.1722126548525082,4.527526248541747,69.17949002833176,0.01666574079217821,3.3942558746736298,22.63763124270874,0.07221821009943892,18.001
2007-07-02,5-Year,912828GW4,0.023076923076923075,1.3461538461538463,66.55384615384615,0.015384615384615385,3.3000000000000003,28.730769230769234,0.03076923076923077,13.0
2007-07-31,2-Year,912828GY0,0.33322225924691773,3.7987337554148617,69.1824947239809,0.005553704320781961,1.5494835054981673,25.102743529934468,0.02776852160390981,18.006
2007-07-31,5-Year,912828GZ7,0.0,0.8923076923076922,79.76153846153846,0.0,1.653846153846154,17.684615384615384,0.0,13.0
2007-08-15,10-Year,912828HA1,0.0,1.1923076923076923,66.72307692307692,0.0,7.792307692307693,23.884615384615383,0.4076923076923077,13.0
2007-08-15,30-Year,912810PU6,0.0,0.05555555555555555,88.54444444444445,0.0,5.433333333333333,5.966666666666667,0.0,9.0
2007-08-31,2-Year,912828HB9,0.18886790356627042,4.538384623930675,65.16498166870348,0.03332963004110655,11.826463726252639,18.164648372403068,0.08332407510276636,18.002
2007-08-31,5-Year,912828HC7,0.015384615384615385,1.4000000000000001,77.60000000000001,0.03076923076923077,5.676923076923076,15.230769230769232,0.04615384615384615,13.0
2007-09-17,10-Year,912828HA1,0.0,0.2375,77.8125,0.0,19.5875,2.375,0.0,8.0
2007-10-01,5-Year,912828HE3,0.015388166499961529,0.8848195737477879,55.751327229360626,0.0,5.970608601985074,37.39324459490652,0.0,12.997
2007-10-01,2-Year,912828HD5,0.13900472616068948,3.4751181540172364,62.91353906032805,0.011120378092855158,1.4845704753961635,31.971087016958577,0.0,17.985
2007-10-31,2-Year,912828HF0,0.03498950314905528,2.7941617514745576,75.51234629611116,0.009997000899730081,2.259322203338998,19.36918924322703,0.024992502249325203,20.006
2007-10-31,5-Year,912828HG8,0.007691716021844474,0.8460887624028921,78.83239750788401,0.038458580109222366,4.538112452888239,15.498807784016613,0.2384431966771787,13.001
2007-11-15,10-Year,912828HH6,0.0,1.0460733789708485,70.2022921313745,0.0,5.884162756711022,22.76747942465964,0.09230059226213368,13.001
2007-11-15,30-Year,912810PU6,0.0,0.06,69.06,0.0,22.38,8.5,0.0,5.0
2007-11-30,2-Year,912828HJ2,0.2599870006499675,2.9248537573121345,73.22633868306585,0.004999750012499375,2.6548672566371683,20.87395630218489,0.04999750012499375,20.001
2007-11-30,5-Year,912828HK9,0.04615384615384615,0.8384615384615385,77.63846153846153,0.007692307692307693,1.776923076923077,19.692307692307693,0.007692307692307693,13.0
2007-12-17,10-Year,912828HH6,0.0,0.35000000000000003,92.03750000000001,0.0,5.375,2.25,0.0,8.0
2007-12-31,5-Year,912828HM5,0.007692307692307693,0.6307692307692307,70.76923076923077,0.0,6.730769230769231,21.846153846153847,0.015384615384615385,13.0
2007-12-31,2-Year,912828HL7,0.1272727272727273,2.2636363636363637,72.27272727272728,0.00909090909090909,6.318181818181818,18.977272727272727,0.027272727272727275,22.0
2008-01-31,5-Year,912828HQ6,0.007145409074669524,0.5359056806002144,78.77098963915684,0.0,4.108610217934977,16.5773490532333,0.0,13.995
2008-01-31,2-Year,912828HP8,0.12082326472793933,2.370635780351637,79.11007416048662,0.004166319473377219,0.3374718773435547,17.60269977501875,0.45412882259811677,24.002
2008-02-15,10-Year,912828HR4,0.0,0.6691792939004692,61.99523113606645,0.0,5.961079916929466,31.12068302438274,0.24613491269902316,13.001
2008-02-15,30-Year,912810PW2,0.0,0.1333481497944216,89.98777641960218,0.0,7.334148238693188,2.5558395377264143,0.0,8.999
2008-02-29,2-Year,912828HS2,0.1,1.9653846153846153,79.99615384615385,0.0038461538461538464,0.5076923076923077,17.403846153846153,0.02692307692307692,26.0
2008-02-29,5-Year,912828HT0,0.07500468779298707,0.40627539221201325,78.4236514782174,0.0,2.1251328208013,18.96993562097631,0.0,15.999
2008-03-17,10-Year,912828HR4,0.0,0.2,91.19,0.0,5.96,2.65,0.0,10.0
2008-03-31,2-Year,912828HU7,0.03571428571428571,1.9392857142857143,72.27857142857142,0.0071428571428571435,10.685714285714285,15.017857142857144,0.039285714285714285,28.0
2008-03-31,5-Year,912828HV5,0.005553704320781961,0.2943463290014439,66.17794068643785,0.0,12.634677329778961,20.887481950460955,0.0,18.006
2008-04-30,5-Year,912828HY9,0.0,0.2578947368421053,72.22105263157896,0.0,9.552631578947368,17.36842105263158,0.5947368421052632,19.0
2008-04-30,2-Year,912828HX1,0.05999800006666444,1.769941001966601,67.3177560747975,0.0,1.199960001333289,29.615679477350753,0.03999866671110963,30.001
2008-05-15,30-Year,912810PW2,0.0,0.36666666666666664,88.35,0.0,5.45,4.5,1.3333333333333335,6.0
2008-05-15,10-Year,912828HZ6,0.0,0.966602226518232,71.09526031597893,0.0,5.179654689687354,22.491833877741485,0.26664889007399506,15.001
2008-06-02,2-Year,912828JA9,0.05999000166638893,2.4529245125812364,76.86052324612564,0.0,4.585902349608398,15.907348775204133,0.13331111481419763,30.005
2008-06-02,5-Year,912828JB7,0.03157728540603126,0.6210199463186148,83.77980106310194,0.0,3.784011367822746,11.125730224725014,0.6578601126256512,19.001
2008-06-16,10-Year,912828HZ6,0.0,0.2818181818181818,86.9090909090909,0.0,7.245454545454545,4.890909090909091,0.6818181818181818,11.0
2008-06-30,2-Year,912828JC5,0.03666300036663,2.28310502283105,71.33619971336199,0.0,10.77225610772256,15.541779155417792,0.029997000299970003,30.003
2008-06-30,5-Year,912828JD3,0.0,0.45497725113744314,79.54102294885256,0.0,4.71976401179941,14.734263286835658,0.5499725013749313,20.001
2008-07-31,2-Year,912828JF8,0.045151094914051663,2.6252136614312898,63.71464508014319,0.0,3.121875705485858,30.483439223401167,0.009675234624439644,31.007
2008-07-31,5-Year,912828JG6,0.0,0.552354649778582,68.41578972429885,0.0,4.3331269939526695,26.698728631969903,0.0,21.001
2008-08-15,30-Year,912810PX0,0.0,0.29,58.87,0.0,37.18,3.62,0.04,10.0
2008-08-15,10-Year,912828JH4,0.0,0.676430798188342,68.61361096406094,0.0,12.328686547850126,18.228339509440623,0.15881418740074113,17.001
2008-09-02,2-Year,912828JJ0,0.08124746101684323,2.3093028342864286,71.2508984094247,0.0,4.00299990625293,22.189931564638606,0.1656198243804881,32.001
2008-09-02,5-Year,912828JK7,0.0181801654395055,0.5681301699845469,71.02081628942824,0.0,5.0131806199436415,23.293336969366422,0.0909008271975275,22.002
2008-09-15,10-Year,912828JH4,0.0,0.3250812703175794,74.28523797616072,0.0,6.810035842293908,18.487955322163874,0.1000250062515629,11.997
2008-09-30,2-Year,912828JL5,0.026472145420318845,1.8471674804400258,63.92728984057886,0.0,10.618271663039003,23.56903347255721,0.008824048473439615,33.998
2008-09-30,5-Year,912828JM3,0.004167361226871145,0.39589931655275884,73.37056176029338,0.0,5.375895982663778,20.85347557926321,0.0,23.996
2008-10-15,10-Year,912828EE6,0.0,0.0,67.2,0.0,31.269999999999996,1.53,0.0,10.0
2008-10-15,10-Year,912828DM9,0.0,0.03,77.45,0.0,21.23,1.3,0.0,10.0
2008-10-15,10-Year,912828DV9,0.0,0.0,81.67999999999999,0.0,16.669999999999998,1.6500000000000001,0.0,10.0
2008-10-15,10-Year,912828HR4,0.0,0.01,62.660000000000004,0.0,21.92,15.4,0.0,10.0
2008-10-31,5-Year,912828JQ4,0.0,0.3416666666666667,58.037499999999994,0.0,17.658333333333335,23.962500000000002,0.0,24.0
2008-10-31,2-Year,912828JP6,0.029410899679421197,1.5117202435222494,58.2571100849975,0.0,12.708449751477898,27.493309020322933,0.0,34.001
2008-11-17,3-Year,912828JU5,0.027999999999999997,0.052,63.812000000000005,0.0,5.908,30.2,0.0,25.0
2008-11-17,10-Year,912828JR2,0.0,0.97024256064016,61.340335083770945,0.0,10.152538134533634,27.341835458864715,0.19504876219054765,19.995
2008-11-17,30-Year,912810PX0,0.0,0.16008004002001003,80.45022511255627,0.0,17.428714357178592,1.9509754877438719,0.0,9.995
2008-12-01,2-Year,912828JS0,0.03333240743312686,1.133301852726313,65.81206077608955,0.0,6.374822921585512,26.082608816421764,0.5638732257437293,36.001
2008-12-01,5-Year,912828JT8,0.3923076923076923,0.3692307692307692,61.86923076923077,0.0,21.284615384615385,16.08076923076923,0.0,26.0
2008-12-15,3-Year,912828KA7,0.0,0.18214285714285716,65.71428571428571,0.10714285714285715,9.139285714285714,24.857142857142858,0.0,28.0
2008-12-15,10-Year,912828JR2,0.0,0.20002500312539068,87.80472559069884,0.0,6.144518064758095,5.850731341417678,0.0,15.998
2008-12-31,2-Year,912828JV3,0.018419113777497106,0.8525418377012947,70.81886117250815,0.2631301968213872,9.964740553625933,18.037574992106094,0.039469529523208084,38.004
2008-12-31,5-Year,912828JW1,0.0,0.13213813792364557,69.24395557301524,0.0,15.263740580693547,15.356594407342595,0.0,28.001
2009-01-15,10-Year,912828JR2,0.0,0.05,83.04375,0.0,13.462499999999999,3.45,0.0,16.0
2009-01-15,3-Year,912828KB5,0.023333333333333334,0.09333333333333334,73.11,0.11666666666666668,6.696666666666666,19.96,0.0,30.0
2009-02-02,2-Year,912828JY7,0.0275,0.985,64.515,0.0,9.02,25.4025,0.0475,40.0
2009-02-02,5-Year,912828JZ4,0.0,0.11666666666666668,65.67333333333333,0.0,12.596666666666668,21.613333333333333,0.0,30.0
2009-02-17,3-Year,912828KC3,0.018749414080809972,0.26874160182494294,55.8263804256117,0.0,13.743320521233713,30.13343333020843,0.009374707040404986,32.001
2009-02-17,10-Year,912828KD1,0.9761439931431837,0.22856054473596493,61.96371601352316,0.0,7.952002285605447,28.77005856863959,0.10951859435264988,21.001
2009-02-17,30-Year,912810QA9,0.0,0.25,52.25,0.07857142857142857,38.43571428571428,8.842857142857143,0.14285714285714285,14.0
2009-03-02,5-Year,912828KF6,0.3375,0.159375,52.009375000000006,0.0,21.690625,25.803124999999998,0.0,32.0
2009-03-02,7-Year,912828KS8,1.3635743829825917,0.03181673560292714,60.2427162401709,0.0,12.453979364574337,25.898822780782695,0.0,22.001
2009-03-02,2-Year,912828KE9,0.062496875156242186,0.9799510024498775,71.57642117894105,0.0,3.137343132843358,24.048797560121994,0.1974901254937253,40.002
2009-03-16,30-Year,912810QA9,0.2545454545454546,0.16363636363636364,47.03636363636364,0.0,44.981818181818184,7.254545454545455,0.3,11.0
2009-03-16,3-Year,912828KG4,0.7970588235294118,0.2852941176470588,61.64411764705883,0.020588235294117647,12.741176470588236,24.494117647058825,0.014705882352941175,34.0
2009-03-16,10-Year,912828KD1,0.5555555555555556,0.14444444444444443,77.27777777777777,0.0,13.255555555555556,8.544444444444444,0.2222222222222222,18.0
2009-03-31,2-Year,912828KH2,0.5324866878328042,1.1524711882202945,47.12632184195395,0.0,26.689332766680835,24.486887827804303,0.012499687507812305,40.001
2009-03-31,5-Year,912828KJ8,0.17647058823529413,0.1323529411764706,71.92058823529412,0.0,9.394117647058824,18.376470588235293,0.0,34.0
2009-03-31,7-Year,912828KT6,0.4583333333333333,0.025,66.825,0.0,12.004166666666666,20.6875,0.0,24.0
2009-04-15,3-Year,912828KK5,0.3314191023113625,0.37998914316733806,64.0724550727122,0.0,13.988171766520956,21.225107854061314,0.0,35.001
2009-04-15,10-Year,912828KD1,0.5610799400033332,0.08888395089161713,76.01244375312483,0.0,14.282539858896728,9.055052497083494,0.0,18.001
2009-04-30,2-Year,912828KL3,0.4799880002999925,0.959976000599985,70.93072673183171,0.0,7.309817254568636,20.27449313767156,0.042498937526561836,40.001
2009-04-30,5-Year,912828KN9,0.19428571428571428,0.1142857142857143,70.40285714285714,0.0,11.762857142857143,17.525714285714287,0.0,35.0
2009-04-30,7-Year,912828KR0,0.09615384615384616,0.02692307692307692,68.16538461538461,0.0,16.48846153846154,15.223076923076922,0.0,26.0
2009-05-15,30-Year,912810QB7,0.2857142857142857,0.14285714285714285,70.00714285714285,0.07142857142857142,23.92142857142857,5.5,0.07142857142857142,14.0
2009-05-15,3-Year,912828KP4,1.4455903779676027,0.5570951061337599,63.92880610233409,0.0,17.338513841670714,16.707139388052454,0.022855183841385025,35.003
2009-05-15,10-Year,912828KQ2,0.2499886368801418,0.27726012453979365,67.79691832189447,0.06817871914912958,12.981228125994274,18.45370664969774,0.17271942184446162,22.001
2009-06-01,2-Year,912828KU3,0.26309195690303183,1.0949636682535706,46.08368829867201,0.0,8.516662490603858,44.039087947882734,0.0,39.91
2009-06-01,5-Year,912828KV1,0.4147122754833543,0.20878618007093008,56.804141402585515,0.0,7.713648323990391,34.84441139457728,0.01430042329252946,34.964
2009-06-01,7-Year,912828KW9,0.38461538461538464,0.06153846153846154,68.76153846153846,0.0,13.98076923076923,16.715384615384615,0.09615384615384616,26.0
2009-06-15,3-Year,912828KX7,0.7028571428571428,0.2457142857142857,49.028571428571425,0.07142857142857142,19.445714285714285,30.488571428571426,0.014285714285714287,35.0
2009-06-15,10-Year,912828KQ2,0.18421052631578946,0.42105263157894735,65.80526315789473,0.07894736842105263,24.099999999999998,9.1,0.30526315789473685,19.0
2009-06-15,30-Year,912810QB7,0.15454545454545454,0.17272727272727273,48.90909090909091,0.03636363636363636,39.46363636363636,11.263636363636364,0.0,11.0
2009-06-30,7-Year,912828KZ2,0.0,0.06666666666666667,33.38888888888889,0.0,5.529629629629629,61.01481481481481,0.0,27.0
2009-06-30,5-Year,912828KY5,0.05134996351449961,0.25674981757249804,37.2233182886949,0.06756574146644685,7.667360341612389,54.73635847679792,0.0,37.001
2009-06-30,2-Year,912828LF5,2.7821522309711284,1.16485439320085,32.13598300212473,0.0,8.996375453068367,54.923134608173974,0.0,40.005
2009-07-15,3-Year,912828LB4,0.52,0.19714285714285715,47.34857142857143,0.014285714285714287,10.56,41.34857142857143,0.014285714285714287,35.0
2009-07-15,10-Year,912828KQ2,0.015792798483891344,0.18424931564539904,45.57801642451042,0.14739945251631922,31.10128448094336,22.967993261739313,0.0,18.996
2009-07-15,30-Year,912810QB7,0.5,0.1181818181818182,50.4,0.22727272727272727,42.372727272727275,6.372727272727273,0.0,11.0
2009-07-31,2-Year,912828LG3,1.5857142857142859,1.0476190476190477,67.49285714285715,0.0,8.40952380952381,21.464285714285715,0.0,42.0
2009-07-31,5-Year,912828LC2,0.5256410256410257,0.5615384615384615,63.26923076923077,0.01282051282051282,11.092307692307694,24.512820512820515,0.02564102564102564,39.0
2009-07-31,7-Year,912828LD0,0.4035714285714286,0.13214285714285715,39.07857142857143,0.08928571428571429,12.067857142857143,48.21071428571428,0.017857142857142856,28.0
2009-08-17,3-Year,912828LH1,0.43243243243243246,0.5216216216216216,39.68378378378378,0.08108108108108107,23.232432432432432,35.88918918918919,0.15945945945945947,37.0
2009-08-17,10-Year,912828LJ7,0.23921363952679192,0.6002087682672234,54.84081419624217,0.043493389004871263,17.084203201113432,27.005045233124562,0.19137091162143355,22.992
2009-08-17,30-Year,912810QC5,0.7066666666666667,0.16,45.666666666666664,0.0,46.586666666666666,6.753333333333334,0.12666666666666665,15.0
2009-08-31,2-Year,912828LV0,0.16667460355255012,1.228629934758798,53.066812705366914,0.0,12.307728939473309,33.227772751083386,0.0,41.998
2009-08-31,5-Year,912828LK4,0.0794851414066306,0.3230686392656599,46.56547268018769,0.06410092048921823,15.199610266403427,37.74262198405169,0.02564036819568729,39.001
2009-08-31,7-Year,912828LL2,0.14285714285714285,0.1464285714285714,41.364285714285714,0.1,12.242857142857142,45.96785714285714,0.03571428571428571,28.0
2009-09-15,10-Year,912828LJ7,0.835,0.21,48.375,0.075,19.314999999999998,31.165,0.025,20.0
2009-09-15,3-Year,912828LM0,0.5973369822640914,0.21577811694121363,49.50265775485501,1.3815062365138677,10.207357507499605,38.05589179516867,0.03947160675753908,38.002
2009-09-15,30-Year,912810QC5,0.25,0.16666666666666669,54.858333333333334,0.20833333333333334,37.95,6.550000000000001,0.025,12.0
2009-09-30,5-Year,912828LQ1,0.2275,0.245,51.725,0.075,16.46,31.269999999999996,0.0,40.0
2009-09-30,2-Year,912828LW8,0.29767441860465116,0.9813953488372094,48.776744186046514,0.6976744186046512,25.02558139534884,24.21627906976744,0.004651162790697674,43.0
2009-09-30,7-Year,912828LP3,0.6551724137931034,0.10344827586206896,36.758620689655174,0.12758620689655173,17.806896551724137,44.53448275862069,0.017241379310344827,29.0
2009-10-15,3-Year,912828LR9,0.5512738387153772,0.16978977825997005,45.03304707178594,0.06410160915295084,17.874636277854428,36.30715142423135,0.0,39.000581
2009-10-15,10-Year,912828LJ7,0.0600986327561048,0.22159995860094184,55.714992483921,0.0,28.113670413998083,15.889638510723882,0.0,20.000455
2009-10-15,30-Year,912810QC5,0.01667450646378906,0.11867246250278672,67.18541334183955,0.14756938220453317,22.827107545064106,9.679551002229548,0.025011759695683585,11.994358
2009-11-02,7-Year,912828LU2,0.2548385452654547,0.09312897217485666,42.01981160012155,0.1612902185224397,12.964507764833701,44.506422899082004,0.0,31.00002
2009-11-02,5-Year,912828LS7,0.2805855027246355,0.27081720527668546,46.86588871506767,0.31707332540162214,11.472932425820694,40.7927028257087,0.0,40.99998
2009-11-02,2-Year,912828LT5,0.25574356572438056,1.0915384469758909,33.20089651380817,0.11363350472068806,29.34307084592213,35.995117122848754,0.0,44.001107
2009-11-16,30-Year,912810QD3,0.07500000562500041,0.1328856349664226,48.07023548026766,0.718750053906254,44.93750337031275,5.612500420937531,0.4531250339843774,15.999998800000002
2009-11-16,10-Year,912828LY4,4.179969882873405,0.42616797303091847,51.44343397417538,0.026399304536721284,21.22462685843004,22.6874023230732,0.011999683880327856,25.0006586
2009-11-16,3-Year,912828LX6,0.01624931850358196,0.426426115688708,28.509054330261385,0.0,23.36277016541926,47.66550090889188,0.019999161235177795,40.0016776
2009-11-30,7-Year,912828MA5,0.7820301307193753,0.05283679937733089,31.4957361717276,0.026562461982476287,19.32415359230517,48.306180861778635,0.012499982109400606,32.0000458
2009-11-30,5-Year,912828LZ1,0.12785551269935594,0.3103567572370596,39.366040940120875,0.0,7.991802866418215,52.19203931340353,0.011904610120982862,42.0005355
2009-11-30,2-Year,912828MM9,0.6708744113988387,0.9138221285189421,56.32059887005786,0.0,14.931552162642268,27.16315242738209,0.0,44.0007839
2009-12-15,30-Year,912810QD3,0.2692301355044503,0.13950428701298595,60.148996880053495,0.23076868757524308,29.08075462530065,9.599977403130113,0.5307679814230591,13.0000306
2009-12-15,10-Year,912828LY4,0.19047449162512944,0.2207946973882466,64.14999927167317,0.261902425984553,22.105517125554396,13.04274081403074,0.02857117374376942,21.0001873
2009-12-15,3-Year,912828MB3,0.5625933133381095,0.15449854825551587,42.10562850573849,0.0,3.6127965182681,53.564483114399785,0.0,40.0022529
2009-12-31,2-Year,912828ML1,2.6880125352518562,0.798454603963007,51.12948436882092,0.22724861671096835,23.66953417076433,21.467722323451756,0.01954338103714328,44.004668300000006
2009-12-31,5-Year,912828ME7,0.8419043389480583,0.2444072581668298,47.60461894148905,0.5357140165817678,23.18408359085324,27.570224244482578,0.019047609478462856,42.000021100000005
2009-12-31,7-Year,912828MD9,0.7834365917032013,0.16050950140929682,52.63916397146927,0.3124996376957326,20.488169996527912,25.588095333801974,0.028124967392615927,32.0000371
2010-01-15,30-Year,912810QD3,2.083163128201166,0.09941966860700198,59.079920381497445,0.0,29.0422368594683,9.656799147123733,0.038460815102362114,13.000244499999999
2010-01-15,10-Year,912828LY4,0.33332987622633137,0.2782366380981058,62.15834342441915,0.2380927687330938,21.496919903373573,15.447458835403127,0.04761855374661876,21.0002178
2010-01-15,3-Year,912828MG2,2.4928996783715167,0.19228879682654626,51.03498161217428,0.0,17.82711892103956,28.452710991588106,0.0,40.0004063
2010-02-01,5-Year,912828MH0,2.503711368224475,0.23668786304079723,45.409729913953846,0.11904606521302502,16.9384336750157,34.79239111455217,0.0,42.0005482
2010-02-01,7-Year,912828MK3,0.624999728515743,0.07575590459352895,43.25610621062887,0.15624993212893576,23.733777190640534,32.153111033492394,0.0,32.0000139
2010-02-01,2-Year,912828MJ6,1.3890765463120023,0.982702423710676,56.961763378010886,0.0,7.275200201272293,33.350348448111305,0.04090900258283533,44.000095
2010-02-16,10-Year,912828MP2,1.9079364275582336,0.4868157792982337,64.62184680006462,0.25999133708864824,22.023766168111276,10.67964415425678,0.01999933362220371,25.000833
2010-02-16,3-Year,912828MN7,0.45662959018836613,0.45322953999800597,49.094755009386034,0.0,9.263274515098026,40.73211134532958,0.0,40.005291799999995
2010-02-16,30-Year,912810QE1,16.756237537548333,0.13697614812398984,52.655472087492626,0.1874998605469787,26.266167964537573,3.8524502597401193,0.14519614201036937,16.0000119
2010-03-01,2-Year,912828MQ0,0.11266908612819031,0.8480326548033925,46.01042413703048,0.0,19.50203586618257,33.51095663056311,0.015881625292260088,44.0005344
2010-03-01,7-Year,912828MS6,0.0798905431121933,0.1029492694769988,46.49332734433947,0.26562472773465406,37.17072440000749,15.871858731344798,0.015624983984391416,32.0000328
2010-03-01,5-Year,912828MR8,0.3330478432323043,0.30071994337736674,53.28879775057054,0.05952257301321538,27.94465757824436,18.066111602800632,0.007142708761585846,42.0008725
2010-03-15,3-Year,912828MT4,0.5058737618739678,0.17052433264169586,45.81323287211254,0.0,11.098722835875858,42.411646197495934,0.0,40.0000979
2010-03-15,10-Year,912828MP2,12.232968849113863,0.3291087655545426,54.55323552573961,0.119044072101147,19.45651552658262,13.109133219778307,0.19999404112992694,21.000625699999997
2010-03-15,30-Year,912810QE1,24.168497906009648,0.18059606223325136,52.187648279157564,0.07692074444942601,20.525377607395935,2.7383785023995655,0.12258089835460527,13.0003942
2010-03-31,7-Year,912828MV9,0.4937485851017108,0.13484867607426262,57.67170973450679,0.07812477612368843,23.071621385384965,18.424947201010678,0.12499964179790149,32.0000917
2010-03-31,5-Year,912828MW7,0.49082770985014335,0.2856876792163991,59.49851117420055,0.11904625511766757,13.31729980274607,26.27672275335741,0.011904625511766758,42.000481199999996
2010-03-31,2-Year,912828MU1,0.7034429610279647,0.9946031661487683,64.30249560026564,0.0,11.421266457961922,22.56682836536742,0.011363449228288391,44.0007246
2010-04-15,30-Year,912810QE1,0.6095379973518328,0.12849451753109817,45.74526977860225,0.0,47.24939478699935,6.082687675491693,0.18461524402377572,13.0000099
2010-04-15,10-Year,912828MP2,0.728530138258545,0.48977128924816843,44.52332134966331,0.0,29.514146298241705,24.72518438502595,0.019046539562314904,21.0011902
2010-04-15,3-Year,912828MX5,0.977556422042946,0.14408835413065818,44.90769078643253,0.0,15.820651635098457,38.13751288001367,0.012499922281733215,40.0002487
2010-04-30,2-Year,912828NB2,1.4833201331140644,1.0275143890450584,66.88112106343179,0.0,15.822910960074092,14.773769890078334,0.011363564256655898,44.0002792
2010-04-30,7-Year,912828NA4,0.3125020332163536,0.1051494341285058,35.67260303237348,0.0781255083040884,32.36991373175122,31.44707960256167,0.014626657664691428,31.9997918
2010-04-30,5-Year,912828MZ0,1.1376048194497808,0.2880934498295594,43.70244581178684,0.2976464729067977,21.898112940649266,32.60062288453574,0.0754736208420309,41.996130099999995
2010-05-17,30-Year,912810QH4,0.8940877987280895,0.20413801620632963,56.39918084295251,0.09374937598071612,36.2534036882817,6.1554402778506505,0.0,16.0001065
2010-05-17,10-Year,912828ND8,1.020767017502763,0.5830608704787812,41.36029420955285,0.062495939847107926,46.10117162721662,10.872210335401878,0.0,24.0015592
2010-05-17,3-Year,912828NC0,1.1860242002561197,0.5670200804777215,41.610386211395,0.0,21.197666471665784,35.425746916402204,0.013156119803173818,38.0051267
2010-06-01,7-Year,912828NG1,0.30806469301779144,0.0949329577356983,43.959586531633555,0.0,22.469416127600226,32.90993502570462,0.25806466430809755,30.9999822
2010-06-01,5-Year,912828NF3,0.25120798453647797,0.36437095043216594,53.225677018455585,0.0,21.25131550760375,24.907428538972006,0.0,40.000719000000004
2010-06-01,2-Year,912828NE6,0.1484637856199315,1.2080521567277713,62.27965338124736,0.0,15.105821170042091,21.24610573907452,0.01190376728832036,42.003509300000005
2010-06-15,10-Year,912828ND8,0.2142758759619237,0.26297221153303046,56.188134447655514,0.0,22.935554073274407,20.351446530250264,0.04761686132487193,21.0009642
2010-06-15,3-Year,912828NH9,0.41576040929596025,0.17225290345914826,47.849432252845794,0.0,27.50982415646434,24.052730277934753,0.0,36.0009026
2010-06-15,30-Year,912810QH4,9.484579197297831,0.16361168345080773,50.86465208563512,0.13846101017953039,27.316049624918353,11.936492919227016,0.09615347929134055,13.0000496
2010-06-30,2-Year,912828NS5,0.5387620179522306,1.0303827968312196,44.7085525381617,0.0,30.28093239503919,23.391370528764124,0.049999723251531805,40.0002214
2010-06-30,5-Year,912828NL0,0.977924791566481,0.297010297216611,65.10482030620442,0.06578884003380389,11.940148155415136,21.61430760956355,0.0,38.000366
2010-06-30,7-Year,912828NK2,1.143333085611165,0.07793631644713143,46.7750751987337,0.08333331527778169,29.0739937006347,22.83299505285107,0.01333333044444507,30.0000065
2010-07-15,30-Year,912810QH4,0.19230751035520174,0.07592915892856501,55.17313010542305,0.0,32.06102966533347,12.45914205788867,0.03846150207104035,13.0000123
2010-07-15,10-Year,912828ND8,0.16666692063530766,0.23115511414112633,57.103908444050965,0.0,19.223948341254616,23.212416323682017,0.06190485623597141,20.999968
2010-07-15,3-Year,912828NN6,0.7081828147174106,0.1829873341948801,58.7732993480325,0.0,13.727871485249802,26.03623163331315,0.5714273844922614,35.0000727
2010-08-02,5-Year,912828NP1,0.8108041403032349,0.27945553874956774,48.977853814629704,0.14053938431922738,27.501800768968813,22.267924909288045,0.0216214437414196,37.0003044
2010-08-02,7-Year,912828NR7,0.8620676278260948,0.11040500109568793,57.830203366925815,0.017241352556521896,14.003426546407082,27.14217340007576,0.03448270511304379,29.000045
2010-08-02,2-Year,912828NQ9,0.22709319531049538,1.3360395708846773,66.52101009032212,0.0,14.784195964140629,17.131661179342082,0.0,37.9998176
2010-08-16,3-Year,912828NU0,0.5294099724974166,0.24182300488741582,59.63910692761154,0.0,9.027410616030531,30.562249478973087,0.0,34.0001151
2010-08-16,10-Year,912828NT3,0.18969774478782855,0.43694584001785053,51.74147704596872,0.0,13.49153518734732,34.11951132500973,0.020832856868536035,24.000548900000002
2010-08-16,30-Year,912810QK7,0.19999926375271032,0.2845045776675235,45.25207091581394,0.21874919472952692,37.601111580908,16.374814720213312,0.06874974691499416,16.0000589
2010-08-31,7-Year,912828NW6,0.26362061147802557,0.09346824814389883,41.58099732425597,0.1241378942211762,24.652337516893017,33.28543840500792,0.0,29.000008599999997
2010-08-31,5-Year,912828NV8,0.9187405573887155,0.27595133050021425,53.00605660441823,2.8833036993786454,13.302641056189143,29.613306752125045,0.0,36.000370000000004
2010-08-31,2-Year,912828PH7,0.031621721101846925,1.18595264986185,70.59137748206321,0.0,11.30180582514049,16.8892423218326,0.0,36.9998836
2010-09-15,30-Year,912810QK7,0.15384553491373262,0.10992494237888567,65.03836911486887,1.4876863226157944,23.696212360622578,9.129347887315808,0.3846138372843316,13.0000523
2010-09-15,10-Year,912828NT3,0.0,0.16827328328629815,46.07217792240676,0.0,17.732382460902578,36.02716633340437,0.0,21.000125099999998
2010-09-15,3-Year,912828NY2,0.3444557677506182,0.12097042926173533,60.85655776675498,0.0,9.017607756420249,29.660408279812412,0.0,32.9998829
2010-09-30,5-Year,912828NZ9,0.11428521404300597,0.2056939567910234,49.90438156139271,0.5714260702150299,13.238656338224256,35.96555685933397,0.0,35.0001532
2010-09-30,2-Year,912828NX4,0.031583254550659474,1.106371684661742,62.85956542252846,0.013888854243913578,7.3333150407863705,28.655275743228835,0.0,36.000089800000005
2010-09-30,7-Year,912828PA2,0.27017215480048606,0.0399303065495682,45.04731888567362,1.9827567199780405,29.658464672230416,22.991012443098416,0.010344817669450649,29.0000278
2010-10-15,30-Year,912810QK7,0.11538278789876705,0.09585925096770967,71.74833284755898,0.10461372769488213,21.44360652010904,6.492204865770626,0.0,13.0002059
2010-10-15,10-Year,912828NT3,0.19047476463652377,0.07552419655220487,56.64043076782301,0.0,14.225607796878778,28.867962474109476,0.0,21.0001572
2010-10-15,3-Year,912828PB0,0.48437359077558434,0.10108908089395527,77.19710196718145,0.0,10.75496870976291,11.462466651386086,0.0,32.0000931
2010-11-01,7-Year,912828PF1,0.44172375104195594,0.04376340994515129,51.66578923065357,0.3620686483950458,26.685252489468507,20.801402470495766,0.0,29.000025400000002
2010-11-01,5-Year,912828PE4,0.2571418946974799,0.12668638297382376,57.66532873834102,0.0,19.268070739506662,22.68277224448103,0.0,35.000130999999996
2010-11-01,2-Year,912828PD6,0.02785693687499248,0.904232742416179,58.5394957136717,0.0,21.54569782781149,18.982716779225644,0.0,35.0002588
2010-11-15,3-Year,912828PU8,0.47097355802827956,0.14712138588231125,64.30255771613564,0.03718713940095762,9.331472013882316,25.085694247158596,0.6249939395118927,32.0003103
2010-11-15,30-Year,912810QL5,0.031249797852870145,0.24739527466181707,57.72850156875548,0.20312368604365594,17.13988912634222,24.562341112355934,0.0874994339880364,16.000103499999998
2010-11-15,10-Year,912828PC8,0.7083272977944834,0.17262144578809735,41.17579498124693,0.0,14.668625011091052,43.253798108261954,0.020833155817484808,24.0002045
2010-11-30,2-Year,912828PV6,0.470181456559873,0.8275747865631018,62.184211643797795,0.0,8.936533079748077,27.58149903333115,0.0,35.0035072
2010-11-30,5-Year,912828PJ3,0.22885668448989765,0.1400142909999486,62.296632371602016,0.0,20.041959858817542,17.149679937355327,0.14285685673526693,35.0000701
2010-11-30,7-Year,912828PK0,0.448260384719889,0.03122754247799023,57.815245158449066,0.3448156805537608,17.341280557785428,24.019170676013864,0.0,29.0010013
2010-12-15,30-Year,912810QL5,0.07692156866862665,0.20904128579817305,49.99400050225169,0.059614215718185655,20.58058107768333,29.07984134987999,0.0,13.0002549
2010-12-15,10-Year,912828PC8,0.14285468303555307,0.1743569977385532,53.74638882408577,0.14761650580340482,25.052425763944942,20.736357225391775,0.0,21.0003616
2010-12-15,3-Year,912828PL8,0.3343524280765508,0.09708813314081174,58.31509443442167,0.07811972618611,13.710011945662307,27.465333332512554,0.0,32.0021603
2010-12-31,7-Year,912828PN4,0.24310261334412794,0.09066382654768539,36.55973650518083,0.5582739446867279,20.52767777390668,41.77916685499935,0.24137848133459516,29.0000996
2010-12-31,5-Year,912828PM6,0.5578169417870296,0.21747689817920093,66.33593354974896,0.05342472118523663,18.302109564538124,14.53323832456143,0.0,35.002522400000004
2010-12-31,2-Year,912828PW4,0.3540979552981292,0.7775955041266799,74.22199228230485,0.12857120485753212,17.894897434307037,6.622845619105766,0.0,35.0000609
2011-01-18,30-Year,912810QL5,0.0,0.10426667129636494,58.72536725082684,0.07230698425545419,23.312079413253134,17.785979680368207,0.0,13.000127299999999
2011-01-18,10-Year,912828PC8,0.1904735800811263,0.18417747589154465,47.1289255378681,0.0,25.311081689080467,27.18534171707875,0.0,21.000287800000002
2011-01-18,3-Year,912828PQ7,2.044551500797771,0.138195937668309,59.174977633386895,0.07812517675821243,9.480021448548529,28.927877949323864,0.15625035351642486,31.999927599999996
2011-01-31,7-Year,912828PT1,0.40017206881718204,0.08673268385113461,50.29650836507899,0.4525858167363649,26.368528992647423,22.395472072868902,0.0,29.000025
2011-01-31,5-Year,912828PS3,0.07514171069504254,0.19782269607657985,54.82986345294045,0.14285496329855996,16.763744233159414,27.99057294382994,0.0,35.000534
2011-01-31,2-Year,912828PR5,0.4516872035629511,0.8626331299389483,73.95668384575188,0.0,9.644774657342726,15.084221163403495,0.0,34.9998846
2011-02-15,30-Year,912810QN1,0.03125181084711477,0.23597554830817727,53.367154793075535,0.34376991931826245,20.457554137402546,25.533041980201236,0.03125181084711477,15.999072900000002
2011-02-15,10-Year,912828PX2,0.0,0.5936247100756312,29.8075687925519,0.0249994964684753,16.457376854334527,53.11643014656947,0.0,24.0004834
2011-02-15,3-Year,912828QH6,0.2484803045820106,0.1980255060946783,74.01078761078544,0.0781237202358079,11.605434888469732,13.843523225785157,0.015624744047161576,32.0005242
2011-02-28,7-Year,912828PY0,0.24913781677472538,0.07031479533838697,52.10710713708535,0.45172393076109385,14.242752088668869,32.878964231371576,0.0,29.0000133
2011-02-28,2-Year,912828QK9,0.29236604622126366,0.906001603306152,69.36691515375854,0.0,9.52060348347334,19.914113713240695,0.0,35.0003023
2011-02-28,5-Year,912828QJ2,0.13271366726859624,0.253893388285382,66.38240494370724,0.0,11.988229849134617,21.242758151604153,0.0,35.0001631
2011-03-15,3-Year,912828PZ7,0.0832496961386091,0.3547324552265384,65.88435952208775,0.2031242585964561,8.552125034743623,24.92240903320703,0.0,32.0001168
2011-03-15,10-Year,912828PX2,0.004523641782863985,0.32631313809330315,46.697149377608554,0.0,14.358969460499099,38.61304438201618,0.0,21.0007787
2011-03-15,30-Year,912810QN1,0.08423065389956619,0.10651293108229437,59.92468794927343,0.09384602534928838,17.539599061164363,22.251123379231068,0.0,13.0000178
2011-03-31,7-Year,912828QB9,0.3793139247662486,0.12092976201640909,48.735011681817156,0.08620771017414741,16.593042810890253,33.50376448208065,0.5817296282551466,28.9997263
2011-03-31,5-Year,912828QA1,0.07285637848965196,0.3147658405138104,55.95997861416723,0.4999947543407487,14.721274124232616,28.00256335596388,0.4285669322920704,35.0003672
2011-03-31,2-Year,912828QL7,0.01737151344367997,1.082373859598,64.20359939472849,0.0,9.886476873929869,24.667320517480245,0.1428578408197366,34.999829
2011-04-15,30-Year,912810QN1,0.30769148402587354,0.10949816842028763,47.25371965927352,0.3207683720969732,25.877623035286028,26.130699280897307,0.0,13.0000348
2011-04-15,10-Year,912828PX2,0.6428466001729001,0.28153538281972174,57.849432221692524,0.0,14.809714263543222,26.41647153177164,0.0,21.0003444
2011-04-15,3-Year,912828QC7,0.705146327269026,0.13306156507428898,67.19567943079852,0.0,6.7742796731832255,24.572466719319884,0.6193662843550674,32.0004503
2011-05-02,7-Year,912828QG8,0.5535343300594953,0.03414826644185754,61.23405207336495,0.08620687277051786,17.285167645470995,20.46206332081012,0.34482749108207145,29.000007999999998
2011-05-02,5-Year,912828QF0,0.6597731672851387,0.2956246637778226,56.47826880183673,0.0,16.881964667551923,25.684368699548386,0.0,35.0006656
2011-05-02,2-Year,912828QE3,0.8511128136827639,0.8668059517069513,62.0989082830695,0.0,8.506842501887395,27.676330449653392,0.0,35.000648
2011-05-16,30-Year,912810QQ4,0.26312453624300486,0.15711347308750367,66.54162022039436,0.3749993390636649,18.92434164584785,13.257551633565246,0.48124915179836997,16.0000282
2011-05-16,10-Year,912828QN3,0.8124966213682161,0.22390240227251051,52.97891302935332,0.1554160203950485,21.95889202094068,23.632464228336246,0.23791567733397506,24.0000998
2011-05-16,3-Year,912828QM5,1.0747680264348092,0.07761486092070487,66.93654581134454,0.0,11.302900254917757,19.609418814795166,0.9987522315870174,31.9999285
2011-05-31,2-Year,912828QZ6,0.01191426998744933,0.4619571045023364,62.07203235063158,0.0,24.056971101941,13.382839477509034,0.01428569542859632,35.0000462
2011-05-31,7-Year,912828QQ6,0.7655154912525148,0.0486405784527465,46.61432618862668,0.0,26.740542313863607,25.813734087911378,0.01724133989307466,29.0000663
2011-05-31,5-Year,912828QP8,1.0297132236386464,0.1411544258378636,53.06280241236665,0.0,13.292192004339103,32.47413793381773,0.0,35.0000361
2011-06-15,3-Year,912828QS2,0.7031882495421945,0.06097698151213434,67.0365685420919,0.07812473608487591,7.368100109636817,24.75304138113209,0.0,32.0001081
2011-06-15,10-Year,912828QN3,0.142856990476353,0.10287227122195831,49.756990735400365,0.06761897549214044,22.020166988012356,27.909494039396836,0.0,21.0000224
2011-06-15,30-Year,912810QQ4,4.3615281951720934,0.11642357211066871,61.58233581388646,0.0,16.516676506899913,17.423035911930853,0.0,13.0000306
2011-06-30,7-Year,912828QT0,0.41379208609049184,0.07451809265034462,63.22936523262962,0.3448267384087432,14.603067544871864,21.334430305348942,0.0,29.0000713
2011-06-30,5-Year,912828QR4,0.6007144968225231,0.10767918069868349,60.22266402110763,0.0,14.347505042123199,24.721437259247946,0.0,34.999987700000005
2011-06-30,2-Year,912828RA0,0.7282833629708567,0.434128598384811,77.05834406877486,0.08032831208287813,10.096095975461566,11.602819682325025,0.0,35.000113
2011-07-15,30-Year,912810QQ4,0.19230757692314615,0.07060918840371773,48.93326756311638,0.0,37.17305461924415,13.630761052312598,0.0,13.0000078
2011-07-15,10-Year,912828QN3,0.30952651419596927,0.14795605475885942,52.78925175369985,0.0,25.834035264070042,20.919230413275276,0.0,20.9998165
2011-07-15,3-Year,912828QU7,0.09817186671674874,0.10743811593490896,61.19190108693334,0.07812499340820368,17.439990716000782,21.084373221006008,0.0,32.0000027
2011-08-01,2-Year,912828QW3,0.6844274411455401,0.3289931709769919,69.6311992947623,0.07142845346958256,12.489693659877329,16.785686565351902,0.008571414416349907,35.0000578
2011-08-01,7-Year,912828QY9,0.6896546944117463,0.02779342901214058,59.88616538924399,0.0,22.43088100480316,16.948264115168666,0.017241367360293657,29.0000201
2011-08-01,5-Year,912828QX1,0.8011583858813993,0.10088224110035321,60.47107495935007,0.0,19.752232854707675,18.8746515589605,0.0,34.9993216
2011-08-15,30-Year,912810QS0,0.1875003855476678,0.0737945267399956,73.2654381520572,0.41000084306423357,9.138231290488092,16.862534673586925,0.06250012851588926,15.9999671
2011-08-15,10-Year,912828RC6,0.20833278559171786,0.14748502890394483,39.64967325440073,0.0,24.029520155719922,35.94415549682451,0.02083327855917179,24.000063100000002
2011-08-15,3-Year,912828RB8,0.47124649363155835,0.045212476090920085,52.372797813651275,0.0,34.81036598912057,11.793349750107016,0.507027477398676,32.0002381
2011-08-31,7-Year,912828RE2,0.48275856076100626,0.11692550272648931,46.89739141963417,0.0,36.061754144058106,16.44117037282023,0.0,29.0000036
2011-08-31,5-Year,912828RF9,0.35542853182367795,0.14596826944924998,53.7181797285457,0.0,12.788570003559343,32.99185346662205,0.0,35.000003899999996
2011-08-31,2-Year,912828RD4,0.6465197251915314,0.40903411753031754,64.82777011373977,0.0,12.682683607509151,21.433992436029207,0.0,35.000478900000005
2011-09-15,10-Year,912828RC6,0.5821901074700748,0.06425376882975593,49.12120698514034,0.0,28.34093443169391,21.891414706865923,0.0,21.0000133
2011-09-15,3-Year,912828RG7,0.6267176845799362,0.08945109793313351,66.05577833017684,0.0,12.446150716543782,20.78190217076631,0.0,32.0000544
2011-09-15,30-Year,912810QS0,0.4355530927719702,0.11017523950208388,48.639467758120766,0.0,19.667603757120055,31.147200152485127,0.0,12.9995633
2011-09-30,2-Year,912828RK8,0.28999906620300686,0.5781772811262977,64.23175745945528,0.07142834142931205,13.828705471568384,20.999932380217736,0.0,35.000112699999995
2011-09-30,5-Year,912828RJ1,0.2872849304082613,0.11303597728754768,49.9047004028889,0.00657141064086525,19.39831849887381,30.10643213816374,0.18365664173687757,35.0000955
2011-09-30,7-Year,912828RH5,0.15517239934601798,0.047588616258990905,53.028622649059265,0.0,15.078964113337822,31.672410844292788,0.01724137770511311,29.0000027
2011-10-17,30-Year,912810QS0,0.0,0.07660612850720365,45.97245402449598,0.04615383088757901,39.0491755452727,14.086379956043551,0.7692305147929835,13.0000043
2011-10-17,10-Year,912828RC6,0.333333060317684,0.04215329880777431,65.51501776865211,0.0,17.954747198968963,16.15474867325347,0.0,21.0000172
2011-10-17,3-Year,912828RL6,0.3912499351992295,0.0940971719151559,64.5090518156883,0.0,13.70872960449166,21.296871472705664,0.0,32.0000053
2011-10-31,7-Year,912828RP7,0.1551722334722666,0.03477133890365099,60.112171524821356,0.1258619227052829,15.275499490195418,24.29652348990201,0.0,29.000033700000003
2011-10-31,5-Year,912828RM4,0.45196218565618124,0.07941816772157938,47.333929675304475,0.0,24.329159853819647,27.805530117498105,0.0,35.000052000000004
2011-10-31,2-Year,912828RN2,1.4559621200255286,0.5221738430999563,60.708549108433765,0.07142671310957263,21.328016534518387,15.896729269666485,0.017142411146297432,35.000910600000005
2011-11-15,30-Year,912810QT8,0.187499684766155,0.08487423230519694,61.727564970531404,0.31249947461025834,27.59632860367254,9.466234084893946,0.6249989492205167,16.000026899999998
2011-11-15,10-Year,912828RR3,0.1250153581367471,0.10923883665775007,56.095797618737464,0.045838964650140604,21.93811176369684,21.685997458121065,0.0,23.9970516
2011-11-15,3-Year,912828RQ5,0.15703081669309019,0.14811677879026353,49.263116564587726,0.0,23.666184696121604,26.765551143807308,0.0,32.0000883
2011-11-30,7-Year,912828RT9,0.49999700863858615,0.04064975680231706,48.85474219662858,0.1724127615995125,26.908201083693513,23.523997192637484,0.0,29.000173500000002
2011-11-30,5-Year,912828RU6,0.5019982458747009,0.08141771550323981,53.404023391083975,0.0,19.373510874846286,26.6390497726918,0.0,35.0001223
2011-11-30,2-Year,912828RS1,0.7198033296045445,0.4683538807569511,54.462094783232715,0.028571560735305226,18.949630512719427,25.371545932951044,0.0,34.999838100000005
2011-12-15,10-Year,912828RR3,0.26666593777977005,0.15841385271642164,36.719808203952816,0.011889491311580892,34.75853737428356,28.084685139955855,0.0,21.0000574
2011-12-15,30-Year,912810QT8,0.3076923076923077,0.15695384615384614,50.40043076923077,0.0,42.01953846153846,7.115384615384615,0.0,13.0
2011-12-15,3-Year,912828RV4,0.5749987637526579,0.14609749839037847,62.027694765456246,0.0,11.470014401969035,25.78119457043167,0.0,32.0000688
2012-01-03,7-Year,912828RY8,0.34499957886258303,0.030973755294105603,51.440921689357666,0.0,25.282038103994864,22.64136029296019,0.2597065795305891,29.0000354
2012-01-03,2-Year,912828RW2,0.012857404854318345,0.4677929608554195,75.35455722486323,0.07144431297382894,8.378742163397455,15.714605933055756,0.0,34.9992868
2012-01-03,5-Year,912828RX0,0.11771427764244954,0.6658296686288228,46.666716799996564,0.006571428120816357,28.38742662486218,24.131426916702154,0.024314284047020525,35.0000024
2012-01-17,3-Year,912828RZ5,0.15312393004653882,0.10081242057321126,63.03208581330038,0.0,6.722499901531939,29.991477934547937,0.0,32.0002236
2012-01-17,10-Year,912828RR3,0.1904757188220296,0.07288505761795257,49.87880791914229,0.0,32.633207289200996,17.200814550363972,0.0238094648527537,21.000052
2012-01-17,30-Year,912810QT8,0.330769411420217,0.06302234211220221,66.30565159770202,0.0,24.885167437283755,8.376927652014333,0.03846155946746709,12.9999929
2012-01-31,7-Year,912828SD3,0.10362056602511778,0.048808907283165795,61.87244342115371,0.08620679369810132,13.0717085420305,24.817211769809404,0.0,29.0000346
2012-01-31,5-Year,912828SC5,0.31542892470896705,0.10269954359491738,48.13069962066928,0.0,20.908280560131367,30.542891350895452,0.0,34.999960800000004
2012-01-31,2-Year,912828SB7,0.0025370766394425676,0.5168662240772659,67.11472144862732,0.05009012121926475,10.527782367737345,21.770860351973383,0.017142409725963294,35.0009135
2012-02-15,30-Year,912810QU5,0.2187483607544716,0.1668549996303465,63.531230162843954,0.9669896286214705,22.797607910425718,12.256069406079888,0.062499531644134736,16.0001199
2012-02-15,10-Year,912828SF8,0.25000016979178197,0.17624886970235734,49.80571924305098,0.0,20.117980330128308,29.650051387326563,0.0,23.9999837
2012-02-15,3-Year,912828SE1,0.3226839383682959,0.10735704223250223,69.61687454966662,0.0,11.98435878366452,17.968725686068055,0.0,32.0000433
2012-02-29,2-Year,912828SG6,0.11527348801463014,0.6809684517020813,65.84020485371698,0.01428596951476393,14.297498292162345,18.33747046915098,0.7142984757381964,34.999374700000004
2012-02-29,5-Year,912828SJ0,0.20133024820094486,0.21638558850506395,50.84513190225525,0.0,19.683441741650135,29.053710519388616,0.0,35.000205199999996
2012-02-29,7-Year,912828SH4,0.13793098834722115,0.05092998296479881,43.33977860703957,0.3448274708680529,29.278266068993762,26.83102550824319,0.017241373543402643,29.0000097
2012-03-15,30-Year,912810QU5,0.0,0.17315605661236821,62.952633880444054,0.0,25.781716291805466,11.092493771138113,0.0,13.0000073
2012-03-15,10-Year,912828SF8,2.936164442199089,0.09707628211410813,50.23764979760037,0.0,17.404607583907993,29.324501894178447,0.0,21.000186199999998
2012-03-15,3-Year,912828SK7,0.8614902964548908,0.09427669757569256,65.68347835159581,0.31253049027930013,12.077428266353273,19.40814344634454,1.5626524513965006,31.996878099999996
2012-04-02,7-Year,912828SN1,0.23448260984551655,0.2403977785062371,51.56849486688601,0.3448273674198773,20.335952614430067,26.717224427692088,0.5586203352202012,29.0000184
2012-04-02,5-Year,912828SM3,1.7168482299621892,0.3223791835343529,52.02403963519995,0.28571280245667985,19.642583741215265,26.008436407631564,0.0,35.0001817
2012-04-02,2-Year,912828SL5,0.5011447629247984,0.5256217131500005,52.27219878370452,0.0,27.069531512989837,19.631503227230844,0.0,34.9998669
2012-04-16,3-Year,912828SP6,0.4864057605542035,0.1065380177961196,58.90678447504813,0.32812466982455096,16.672170723628206,23.499976353148792,0.0,32.0000322
2012-04-16,10-Year,912828SF8,0.19047613786849527,0.041813321784892075,65.19620104104924,0.0,20.204846800566123,14.366662698731252,0.0,21.0000058
2012-04-16,30-Year,912810QU5,0.19230755325453844,0.20022985521841238,63.33221959054891,0.0891153201781531,21.932291833573597,14.253835847226387,0.0,13.0000094
2012-04-30,7-Year,912828ST8,0.3293098043052867,0.2326878939329741,51.61559803784598,0.0,27.22933461667835,20.593069647237407,0.0,29.000047600000002
2012-04-30,5-Year,912828SS0,0.21614282503020882,0.29599767030891755,49.847095451288666,0.2857142432653124,27.0093388443268,22.345710965780082,0.0,35.000005200000004
2012-04-30,2-Year,912828SR2,3.453553176204637,0.4281392225372358,67.84517836068086,0.214285468163548,14.864573212690196,13.194270559723527,0.0,35.0000402
2012-05-15,30-Year,912810QW1,0.505951392116482,0.22211236426515238,57.780850225587976,0.0,28.49066179448335,13.000424223547032,0.0,16.0000548
2012-05-15,10-Year,912828SV3,0.3125016041749014,0.09528298911934414,54.784927062625584,0.0,22.544674062660192,22.262614281419978,0.0,23.9998768
2012-05-15,3-Year,912828SU5,0.3716108811700989,0.09876800724186845,64.63983560021617,0.07812465966945131,8.349244878601997,26.462415973100413,0.0,32.0001394
2012-05-31,7-Year,912828SX9,0.41394821761601264,0.25488023533887244,50.23440938558683,0.34484190071310616,34.761684348814455,13.990235911930718,0.0,28.9987962
2012-05-31,5-Year,912828SY7,0.14399719946018077,0.3855302162737652,59.340281630579824,0.0,25.28036547586344,14.835540041368395,0.014285436454383014,35.000680700000004
2012-05-31,2-Year,912828SW1,3.5376629033101854,0.5020411851945736,66.10829280253823,0.0,9.66813286776884,20.183870241188174,0.0,34.999519
2012-06-15,30-Year,912810QW1,0.38461558284033887,0.22806396369450438,48.36763262024143,0.0,35.496602909787654,15.523084923436075,0.0,12.9999933
2012-06-15,10-Year,912828SV3,0.39047606403632207,0.051432364298091546,41.70989125584474,0.0,36.533921503301606,21.31427881251924,0.0,21.0000068
2012-06-15,3-Year,912828SZ4,0.5645776155316,0.09348377319821005,73.11335745776137,0.39062248536775046,12.463044769149299,13.374913898991778,0.0,32.000206
2012-07-02,7-Year,912828TC4,0.2934498028129394,0.23570501958232604,57.89304262276316,0.0,26.398413224846745,15.179389329994825,0.0,28.999849100000002
2012-07-02,5-Year,912828TB6,0.6297142677224495,0.3224028479313472,60.678255409192715,0.0,29.223913450745332,9.11714259665307,0.028571427755102064,35.000001
2012-07-02,2-Year,912828TA8,0.45485908315603196,0.6522619252201555,68.19589090418606,0.0,16.088354342608667,14.608633744829092,0.0,34.999850699999996
2012-07-16,30-Year,912810QW1,0.15384567574113078,0.2911406336860307,47.12933045961919,0.0,35.752504276832866,16.67317895412079,0.0,13.0000404
2012-07-16,3-Year,912828TD2,0.3251452045665115,0.06818058722223314,71.5641557766497,0.5468721904441215,16.90507565017385,10.590570590943587,0.0,32.0001644
2012-07-16,10-Year,912828SV3,0.21428023993577497,0.03577289561150021,52.79865112017495,0.0,27.939000510772672,19.012295233505107,0.0,21.0005365
2012-07-31,5-Year,912828TG5,0.21228515991818236,0.3919744049582681,58.57356132504271,0.0,25.822218281407118,14.957103797734653,0.04285703093906777,35.0000914
2012-07-31,2-Year,912828TF7,1.296986318310771,0.5512936853167735,68.87222064620562,0.0,20.199495121479156,9.080004228687683,0.0,34.9999837
2012-07-31,7-Year,912828TH3,0.603792668301146,0.32734769511838524,52.00475562415888,0.0,28.550324251662868,18.513779760758727,0.0,29.0000209
2012-08-15,3-Year,912828TK6,0.8546353131470181,0.12522501379431697,70.27409532541522,0.1562484575347583,17.96490077774514,10.609270266610087,0.015624845753475829,32.0003159
2012-08-15,10-Year,912828TJ9,0.35416621658043307,0.10675444766622276,59.50900854063498,0.0,20.122474427688747,19.907596367429615,0.0,24.0000305
2012-08-15,30-Year,912810QX9,0.374994846164583,0.2770455673549837,61.24180830789706,0.15624785256857626,27.352024080619035,10.566629774882031,0.031249570513715248,16.0002199
2012-08-31,7-Year,912828TN0,0.7931030079669508,0.3267105082745109,49.68400689956859,0.0,28.320329104920738,20.875850479269218,0.0,29.0000161
2012-08-31,5-Year,912828TM2,1.115138176748624,0.42150365946035495,56.72983332535671,0.07142827163391136,28.707865223274254,12.954231343526162,0.0,35.0001469
2012-08-31,2-Year,912828TL4,1.4480919786650792,0.537685580823278,71.6835245612415,0.00028573243462215453,16.714087059626923,9.61632508720861,0.0,34.9977769
2012-09-17,30-Year,912810QX9,0.6156107718403196,0.27143971860062255,55.2591466640491,0.3847567324001998,33.85782293775278,9.611223175356992,0.0,12.9952242
2012-09-17,10-Year,912828TJ9,0.390475508073755,0.047822297377223155,60.830341310784476,0.0,19.082823793350798,19.64853709041375,0.0,21.0000367
2012-09-17,3-Year,912828TP5,0.6563140088267533,0.1101778536870353,58.843895409407565,0.15624961523532252,20.92716065436689,18.368704767064514,0.937497691411935,32.0000788
2012-10-01,5-Year,912828TS9,1.009427573537313,0.4060641700051348,53.71630404045372,0.07142850081639633,31.874539918311967,12.92223579687547,0.0,35.0000346
2012-10-01,7-Year,912828TR1,0.9482752832940512,0.3384435865361558,55.39100067514787,0.0,25.41539483267281,17.90688562234912,0.0,29.0000177
2012-10-01,2-Year,912828TQ3,0.5830719949842237,0.4736604601273041,67.04297941317999,0.07142864081639394,19.783133503615403,12.045725987276674,0.0,34.999966
2012-10-15,30-Year,912810QX9,0.576922233729043,0.5024454195028484,66.46491055128459,0.19230741124301434,23.863426661145652,8.399987723094867,0.0,13.000019
2012-10-15,10-Year,912828TJ9,0.4047613380960315,0.037557090277216466,41.592905579455994,0.0,44.62669942738271,13.338076564788048,0.0,21.0000294
2012-10-15,3-Year,912828TT7,0.3155247179997833,0.07598930708455678,57.94852320850738,0.15624986035168734,32.69434577942846,8.80936712662813,0.0,32.0000286
2012-10-31,5-Year,912828TW0,0.7151418212088476,0.7849722914829947,49.66209948947302,0.07142846795933355,37.526374211795066,11.239983718080728,0.0,35.0000507
2012-10-31,2-Year,912828TU4,0.011428528163429095,0.4797596123386105,36.454193423410615,0.07142830102143186,38.46414010004105,24.51905003502487,0.0,35.0001325
2012-10-31,7-Year,912828TV2,0.1724134988114417,0.6262041035481681,50.655948018295625,0.08620674940572084,30.93511961074411,17.524108019194934,0.0,29.0000495
2012-11-15,3-Year,912828TX8,0.9412482557493264,0.1367475590896796,63.61000712270555,0.07812485522487768,23.518268917707914,11.715603289522655,0.0,32.0000593
2012-11-15,10-Year,912828TY6,0.0,0.12382330877381113,56.32676170141205,0.0,31.968451233428908,11.580963756385227,0.0,23.999924
2012-11-15,30-Year,912810QY7,0.2624998851563003,0.47601604174298173,49.61897954169645,0.0,45.07720527872269,4.5652992526815765,0.0,16.000007
2012-11-30,7-Year,912828UB4,0.43793020241537406,0.6218460598717965,48.03694321256652,0.0515171434967377,41.0276441164417,9.82411926520788,0.0,29.0000551
2012-11-30,5-Year,912828UA6,0.42942847940818296,0.7310069862127886,45.43586169231535,0.0,41.57799109043048,11.825711751633197,0.0,35.0000075
2012-11-30,2-Year,912828TZ3,0.14532935579186596,0.4138262334793001,54.40310647848039,0.07142895694085617,26.07975932761534,18.775206189612835,0.1113434580794066,34.9998111
2012-12-17,30-Year,912810QY7,0.0,0.5418491098951985,54.52727629776144,0.1923076494082936,35.48472285340798,9.253844089527089,0.0,13.0000029
2012-12-17,10-Year,912828TY6,0.238094721089558,0.07116936927032197,38.36182146194959,0.0,46.1803759130885,15.148538534602038,0.0,21.0000456
2012-12-17,3-Year,912828UC2,0.3154678509166249,0.09940971668230744,63.375319380339754,0.07812477734438457,18.40891628458859,17.722761990128326,0.0,32.0000912
2012-12-31,7-Year,912828UF5,0.4310344322235493,0.6458392346257449,44.05516724870453,0.0,39.03692645773965,15.83103262670652,0.0,29.0000034
2012-12-31,5-Year,912828UE8,0.42942825978634863,0.7377863217207837,44.30005356510399,0.07142851959187436,33.87560398741882,20.58569934637819,0.0,35.0000254
2012-12-31,2-Year,912828UD0,0.29714587529596187,0.32308756736086275,63.25597107136331,0.0,16.523596403957757,19.585913222632875,0.01428585938922894,34.9996445
2013-01-15,10-Year,912828TY6,0.11904758730159576,0.08969140465372065,64.0498419676612,0.11904758730159576,26.47951674831934,9.142854704762554,0.0,21.0000056
2013-01-15,30-Year,912810QY7,4.599999681538484,0.540656885646831,51.34096567639468,0.0,40.45642027609398,3.0619574803260203,0.0,13.0000009
2013-01-15,3-Year,912828UG3,0.32937451623117925,0.07725613653004947,54.91393497015801,0.07812488525407478,31.65132851211124,12.949980979715436,0.0,32.000047
2013-01-31,7-Year,912828UL2,0.5344824158147264,0.03636066633419331,48.724072197664036,0.08620684126043975,37.31888640926596,12.699991854487983,0.5999996151726605,29.0000186
2013-01-31,5-Year,912828UJ7,0.14971471389836746,0.07645564723457966,50.38684553494966,0.07142877571486997,39.312112432641555,9.334869554869783,0.6685733406911829,34.9998999
2013-01-31,2-Year,912828UK4,0.009285875859954247,0.45076784336047443,59.52182139397796,0.07142981430734037,19.620627113197482,20.326067959296775,0.0,34.999391
2013-02-15,10-Year,912828UN8,0.12500063854492857,0.16267333098959913,54.524278528189484,0.10416719878744048,26.088466601916892,18.99541370157166,0.0,23.9998774
2013-02-15,3-Year,912828UM0,2.1582858228680872,0.14651499792865186,63.10418838949915,0.07812516552769447,16.43472232106792,18.000038137580805,0.07812516552769447,31.9999322
2013-02-15,30-Year,912810QZ4,0.5000050781765752,0.08823527113947251,55.2934365739652,1.2500126954414381,29.585675479516592,12.907631093128288,0.37500380863243143,15.9998375
2013-02-28,7-Year,912828UQ1,0.6551719348398269,0.023607568948949595,54.54780495125983,0.08620683353155618,31.407908074218927,12.679301075821284,0.599999561379631,29.0000212
2013-02-28,5-Year,912828UR9,1.0011421563433476,0.07447566215275077,50.498844650808735,0.07142852142860644,39.26554394269067,8.411422683432694,0.6771423831431889,35.0000245
2013-02-28,2-Year,912828UP3,0.727047683855379,0.4427563935882854,56.48700555838161,0.0714293263345089,23.934424381245105,18.337336656595124,0.0,34.9996301
2013-03-15,30-Year,912810QZ4,0.02307685988182986,0.088543603680593,59.57704838900595,0.0,36.592425946895105,3.488136601718229,0.23076859881829861,13.0000356
2013-03-15,10-Year,912828UN8,0.42857117551035356,0.09644708590743498,26.021651301501137,0.11904754875287599,55.820007515805095,17.514275372523112,0.0,21.0000124
2013-03-15,3-Year,912828US7,0.3293745656372915,0.13749888117335046,63.697705061151446,0.07812489697279211,19.2791933255638,16.384353393133964,0.09374987636735053,32.0000422
2013-04-01,5-Year,912828UU2,0.42971391002155296,0.05593166538545826,42.72281836233594,0.07142850897964644,41.514406561690265,14.854272727407272,0.35142826417986045,35.0000306
2013-04-01,2-Year,912828UT5,0.511001753466017,0.485092807418462,66.29668463519498,0.1428576330629066,23.00916466859076,9.54091273896057,0.014285763306290658,34.9998799
2013-04-01,7-Year,912828UV0,0.33447049739359386,0.043041525605314795,50.72250472087004,0.08620373644164789,38.676220114151604,9.834122253263192,0.3034371522746006,29.0010631
2013-04-15,30-Year,912810QZ4,0.15384617041420298,0.0423584661001425,55.483959821349515,0.7692308520710148,34.62183449773602,8.698000936707793,0.23076925562130446,12.9999986
2013-04-15,10-Year,912828UN8,0.19046705894119326,0.04574685438414314,38.86968647617409,0.0,52.9438650531745,7.95023455732608,0.0,21.0010068
2013-04-15,3-Year,912828UW8,0.001956230205395609,0.07526923836939427,71.30180476486304,0.39062104740327663,18.238909195037582,9.991439524121317,0.0,32.0003238
2013-04-30,7-Year,912828VA5,0.6379298994074893,0.022928924719568432,46.4220553317912,0.08620674316317424,36.179184591519835,16.34824677346436,0.3034477359343733,29.0000516
2013-04-30,5-Year,912828UZ1,0.6588587692970762,0.05152241290104214,48.749518341668136,0.07142874775553733,37.520639765236446,12.610888273735624,0.3371436894061361,34.9999136
2013-04-30,2-Year,912828UY4,0.017199981473162814,0.38133587496107185,60.471449149324776,0.0714284944898788,23.030032336222312,16.028554163528803,0.0,35.0000377
2013-05-15,3-Year,912828VC1,0.7839916588890001,0.12587766600117203,62.809848455487646,0.07812510302747962,17.045881854256695,19.156275262338003,0.0,31.9999578
2013-05-15,30-Year,912810RB6,0.5312480875068849,0.07661909917124297,51.4541741399731,1.1562458375149849,37.0681853045329,9.526028206298456,0.18749932500242997,16.0000576
2013-05-15,10-Year,912828VB3,0.8125004773440305,0.07682296180015673,57.7172439088808,0.2604168196615482,27.0330075485586,14.100008283754867,0.0,23.9999859
2013-05-31,2-Year,912828VD9,0.02620104152883083,0.45591440896334834,72.46623777933208,0.07143141092920074,12.438208722279867,14.513434072595008,0.028572564371680296,34.9986087
2013-05-31,5-Year,912828VE7,0.515999513486173,0.0750825006364994,37.89950455189571,0.07142850408169615,34.189439192814476,26.882831796187162,0.3657139408982843,35.000033
2013-05-31,7-Year,912828VF4,0.4655166185501794,0.05779164681669322,43.24090766388906,0.08620678121299619,34.28493343946836,21.712919915127838,0.15172393493487327,29.0000388
2013-06-17,30-Year,912810RB6,0.20769225337279526,0.02670306993919709,55.60100084281516,0.0,39.309989718925756,4.62384494453286,0.23076917041421696,13.0000034
2013-06-17,10-Year,912828VB3,0.23809505215434024,0.08023041353434372,38.99720764027594,0.0,38.594007955155696,22.090458938879685,0.0,21.0000164
2013-06-17,3-Year,912828VG2,0.7967163274844168,0.07927257146183739,67.36154517880169,0.07812476245189418,12.587524226059148,19.09681693374101,0.0,32.0000973
2013-07-01,7-Year,912828VJ6,0.3965512113561922,0.043924770786934325,42.765461941213005,0.08620678507743308,37.1665012502139,19.237906157879966,0.3034478834725644,29.0000375
2013-07-01,5-Year,912828VK3,0.24457142577632654,0.10117342741516086,48.31824230493437,0.07142857061224492,36.37228158431679,14.555159833655315,0.337142853289796,35.0000004
2013-07-01,2-Year,912828VH0,0.7261408467700556,0.5119611540275478,65.26495502359595,1.4999958471543546,18.002700158238703,13.994246970213386,0.0,35.0000969
2013-07-15,3-Year,912828VL1,0.4706220365518636,0.0895916233527467,60.143199410791205,0.0781245080597383,21.334200036209143,17.884262385035292,0.0,32.0002015
2013-07-15,10-Year,912828VB3,0.21428042257965954,0.10043656731410433,50.07426435650023,0.0,29.3115199545596,20.299498699046413,0.0,21.0005186
2013-07-15,30-Year,912810RB6,0.0015384613372781328,0.0536384545242021,48.16128908660066,0.0,39.75929710839961,11.793467688546533,0.2307692005917199,13.0000017
2013-07-31,7-Year,912828VP2,0.22413619204678584,0.04484447965489923,39.70691606703052,0.08620622771030226,39.603572041251404,19.941224593947116,0.39310039835897825,29.000225
2013-07-31,5-Year,912828VQ0,0.21885664198808508,0.0898315086998901,44.5016381548224,0.4192847547226042,39.52942381980435,14.903823034393572,0.33714208556911274,35.0000801
2013-07-31,2-Year,912828VN7,0.3082434357598208,0.3888215870165219,62.76088638257815,0.08357158544723327,20.717181746252596,13.154310406805536,2.5869848561401443,34.9999343
2013-08-15,30-Year,912810RC4,0.0,0.05720836885782112,47.231487594225705,0.6250368068549638,40.154314587200254,11.744441600804768,0.1875110420564891,15.9990578
2013-08-15,10-Year,912828VS6,0.20833498352001534,0.2304222418028403,44.58434897853087,0.10416749176000767,33.36838930545029,21.504336998935976,0.0,23.9998099
2013-08-15,3-Year,912828VR8,6.098279001259618,0.10367746176893596,52.65993370664944,0.07812497119141687,25.72249051483162,15.321869350060673,0.015624994238283374,32.0000118
2013-09-03,7-Year,912828VV9,0.23103259068136942,0.072011479216334,45.13566483722762,0.08620619055274978,32.20285351111348,21.968785600462756,0.3034457907456792,29.0002375
2013-09-03,2-Year,912828VU1,0.46745560050471147,0.37639830246572936,70.71131030641585,0.08235289152252129,19.262488385852592,9.099994513238602,0.0,34.0000205
2013-09-03,5-Year,912828RE2,0.218856486287684,0.11183109307814935,56.16630007252835,0.0714283571435,31.989904030287914,11.104538114957084,0.33714184571732003,35.000105
2013-09-16,3-Year,912828VW7,0.3642418520607371,0.10771642694236672,61.268373064340366,0.0,22.146769121223844,16.112899535432685,0.0,31.0000071
2013-09-16,10-Year,912828VS6,0.2523784814754385,0.2776429960285722,41.39959467825401,0.0,43.27052874187098,14.799855102370998,0.0,21.0002056
2013-09-16,30-Year,912810RC4,0.46153775858095225,0.04661377515748091,48.74216422347295,0.09056909282553555,41.92766691016886,8.500679360503742,0.23076887929047613,13.0000198
2013-09-30,7-Year,912828VZ0,0.0,0.051806900839191795,52.37841812786909,0.08620690368608858,36.01115332506096,11.168966441569635,0.3034483009750318,28.9999976
2013-09-30,5-Year,912828RH5,0.24742844912822368,0.09112081210314144,51.64090304606792,0.0,36.3234106172856,11.35999438491706,0.3371426904980415,35.0000173
2013-09-30,2-Year,912828VY3,0.6201502015606337,0.44921389696813946,67.11293360018004,0.009090889834751531,16.508643819569606,15.27511915967184,0.024848432214987524,33.0000699
2013-10-15,30-Year,912810RC4,0.21538292877060394,0.01873908402778815,40.771911493800765,0.0,33.02493908163088,25.73825998808717,0.23076742368278994,13.0001018
2013-10-15,10-Year,912828VS6,0.0,0.07988522554184552,48.162503860177964,0.0,29.26237635400753,22.495234560272667,0.0,21.0000033
2013-10-15,3-Year,912828WA4,0.6679992607474847,0.060096933492726934,57.880307945792545,0.016666648222242633,27.562727830581203,13.812201381163804,0.0,30.0000332
2013-10-31,2-Year,912828WB2,0.3256251628125814,0.40938770469385233,58.01871650935825,0.15625007812503908,21.369698184849092,19.69375984687992,0.026562513281256642,31.999984
2013-10-31,7-Year,912828WC0,0.241379244589792,0.03461688712160661,41.46417491148339,0.1724137461355657,43.49500539273991,14.213099576431496,0.37931024149824455,29.0000079
2013-10-31,5-Year,912828WD8,0.4294292253879346,0.06502638474018019,49.65261132811953,0.07142868020424728,38.91005925446166,10.534301756522387,0.33714337056404714,34.9999467
2013-11-15,30-Year,912810RD2,0.1562984222280714,0.06555468425089771,54.045274813920315,0.0,36.342462872138185,9.25911853279095,0.13129067467157998,15.9950431
2013-11-15,10-Year,912828WE6,0.2083319366413081,0.19513660843832092,39.83338670033667,0.10416596832065406,40.24264687325492,19.416331913008133,0.0,24.0001609
2013-11-15,3-Year,912828WF3,0.0016666604555787023,0.10795559768547262,58.11053344141205,0.08333302277893512,22.943247831496414,18.75326344617156,0.0,30.0001118
2013-12-02,7-Year,912828A42,0.2068954758676634,0.03363706646656472,57.654872608455534,0.0862064482781931,31.525339516510375,10.189602186482423,0.3034466979392397,29.0001508
2013-12-02,5-Year,912828A34,0.003714275155132059,0.09324459206180256,45.316255743787245,0.07142836836792422,41.33253735464381,12.845677767287492,0.33714189869660227,35.0000995
2013-12-02,2-Year,912828A26,0.3145328816393235,0.41688966261512483,63.622330040837085,0.08750045390860466,27.487080089227966,8.043541725872704,0.02812514589919435,31.999834
2013-12-16,30-Year,912810RD2,0.17692674066758365,0.043496285323077616,46.626122442473964,2.0000414162422504,34.9530776437309,15.969561461995813,0.23077400956641345,12.9997308
2013-12-16,3-Year,912828A59,0.011333331973333496,0.08499532313389456,56.04967660737215,0.08333332333333454,31.43732956085379,12.333331853333512,0.0,30.0000036
2013-12-16,10-Year,912828WE6,0.22857178884410526,0.16288073292153618,46.455692270638764,0.11904780668963817,31.671907063815418,21.361900337090532,0.0,20.9999669
2013-12-31,2-Year,912828A67,0.0028906090655175264,0.3063933110068731,58.016477059170214,0.0874995176589089,36.583642082673016,4.956222678822483,0.046874741602986915,32.0001764
2013-12-31,5-Year,912828A75,0.005142857480816348,0.08308486260271954,69.13386168593948,0.0,17.137909697634065,13.302858017044954,0.3371428792979606,34.9999977
2013-12-31,7-Year,912828A83,0.17413765661755493,0.05015474854924108,50.494644565335975,0.08620676070175987,33.41936388741622,15.54100999227046,0.23448238910878683,29.0000457
2014-01-15,30-Year,912810RD2,0.0,0.04603448400928025,43.696190682409664,0.0,44.56717358137386,11.459832680015968,0.2307685721912286,13.0000371
2014-01-15,10-Year,912828WE6,0.23810678740826924,0.19085306680637373,45.677396523623756,0.11905339370413462,38.44527525511308,15.091208185936104,0.23810678740826924,20.9989814
2014-01-15,3-Year,912828A91,0.011333179542086945,0.08090923539500902,63.900596202242866,0.0833322025153452,20.42103955315993,15.50278962714476,0.0,30.0004071
2014-01-31,7-Year,912828B58,0.1034480753868332,0.08429707801738674,37.553754809619996,0.08620672948902769,49.74128291516898,12.279286548417103,0.15172384390068872,29.0000562
2014-01-31,5-Year,912828B33,0.21514239120590706,0.190757586873569,50.55354908688512,0.07142841673502891,35.56915153880896,13.271399829368368,0.128571150123052,35.0000758
2014-01-31,2-Year,912828B41,0.3239123091846337,0.5381238162786383,58.25983982312869,0.07812646145311956,19.421472677923283,21.359774561282887,0.018750350748748694,31.9994014
2014-02-18,30-Year,912810RE0,0.15625229202580865,0.09881207444961708,44.00821554551179,0.0,41.53707179692192,14.105896915875386,0.0937513752154852,15.9997653
2014-02-18,10-Year,912828B66,0.2083294592734303,0.2776731697693472,37.47498437143646,0.0,35.97138316548721,26.067629834033546,0.0,24.0004463
2014-02-18,3-Year,912828B74,0.0021666629327842125,0.15908205918191803,49.73298762681799,0.24999956916740915,22.94914378430888,26.906620297591015,0.0,30.0000517
2014-02-28,7-Year,912828B90,0.24137851546040598,0.1291030231262514,37.96765255479934,0.0862066126644307,43.28261608655737,17.972354608280515,0.32068859911168224,29.0000955
2014-02-28,5-Year,912828C24,0.0037143869154103583,0.2158070226736235,44.05470887343948,0.0,41.49681061024566,13.89180706363474,0.33715204309109403,34.9990464
2014-02-28,2-Year,912828B82,0.40284335974549523,0.6293462653208054,52.86449253752286,0.0,30.85286386128813,13.678580498875142,1.5718734772475689,32.000031
2014-03-17,30-Year,912810RE0,0.5207700800250536,0.0799716688768754,50.97380620343781,0.0,38.61005142562233,9.6615542173038,0.15384640473413697,12.9999788
2014-03-17,3-Year,912828C32,0.6779943251874981,0.10886942209627037,60.74345824392117,0.08333263583917137,24.39312916284224,13.993216210113657,0.0,30.0002511
2014-03-17,10-Year,912828B66,0.16666669841270448,0.14700764704907562,32.3199794895199,0.0,47.23919947413324,20.127146690885084,0.0,20.999996
2014-03-31,7-Year,912828C57,15.689589276138832,0.03716984388665568,29.134205222544963,0.17241306896855862,39.41048102770382,15.556141560757169,0.0,29.0001218
2014-03-31,5-Year,912828C65,14.217225996268446,0.1567054814564685,29.645691876956025,0.07142755368797074,40.023461151426396,15.708347607058526,0.17714033314616742,35.0004987
2014-03-31,2-Year,912828C40,0.9851566594557364,0.7957775182450311,42.592127077352814,0.0,40.618548132084065,14.959287467453855,0.04910314540849481,31.9999867
2014-04-15,10-Year,912828B66,0.0,0.13007469699808955,43.397880077106535,0.0,43.81010042812707,12.661944797768312,0.0,20.9999336
2014-04-15,3-Year,912828C73,0.3346717916073688,0.17396466397888774,54.382006103120126,0.08333460946398627,26.992080005385148,18.03394282644448,0.0,29.9995406
2014-04-15,30-Year,912810RE0,0.1923075044380534,0.03998765324283106,42.78661435461521,0.0,44.60791795995707,12.257788025084007,0.11538450266283201,13.0000127
2014-04-30,7-Year,912828WG1,0.0017241345600541534,0.08853672344716484,34.31572945855655,0.17241345600541536,41.13543681450802,23.982711730353273,0.303447682569531,29.0000567
2014-04-30,5-Year,912828D23,8.858000278394295,0.15046657615752096,40.29929555226357,0.07142857367346946,36.00652284591929,14.277143305853073,0.3371428677387758,34.9999989
2014-04-30,2-Year,912828C81,0.015781049432724865,0.41020322407339904,63.73097126918702,0.07812400709269736,24.832481269683363,10.93243918053079,0.0,32.0004067
2014-05-15,30-Year,912810RG5,0.18130497960190817,0.07253512082204479,54.39878359113162,0.0,37.05111051769505,8.108708915299133,0.18755687545024982,15.9951481
2014-05-15,10-Year,912828WJ5,0.0016670312255578057,0.16745953797437746,31.961864660277893,0.0,51.615454321333566,16.253554449188606,0.0,23.9947515
2014-05-15,3-Year,912828WH9,0.2781021795545395,0.1493865598675217,51.94772163160097,0.17241300654342187,26.71095400485466,20.741422617578888,0.0,29.0001323
2014-06-02,7-Year,912828WN6,0.0017241225447270838,0.10201908956757309,39.859368427429345,0.17241225447270836,47.55424113663427,12.006789401479411,0.3034455678719667,29.0002588
2014-06-02,5-Year,912828WL0,0.23085717583673937,0.19377917053988147,43.73344910477843,0.14285716326530903,40.19978374282624,15.162130737447246,0.3371429053061293,34.999995000000006
2014-06-02,2-Year,912828WM8,0.42564377039632456,0.5676297580356616,62.80294155038777,0.24193469329082481,24.548984296383576,11.077383156809233,0.33548277469661036,31.0001013
2014-06-16,30-Year,912810RG5,0.0,0.06632539839065965,27.82546731759706,0.0,54.12358816412984,17.753849841184195,0.2307692786982348,12.9999973
2014-06-16,10-Year,912828WJ5,0.37142727143312143,0.14509234931963452,48.02718428580739,0.1190472023824107,35.12301992657312,16.214228964484338,0.0,21.0000735
2014-06-16,3-Year,912828WP1,0.38714209806781485,0.13988329715739237,60.27951573766378,0.17857107844456407,22.03742107662796,16.977466712038485,0.0,28.0000549
2014-06-30,7-Year,912828WR7,0.0,0.04688890439997978,46.66387021054158,0.8620678418563992,35.637539755206795,16.486185407661775,0.3034478803334525,29.0000378
2014-06-30,5-Year,912828WS5,6.80910612687895,0.21696682961893055,41.96761647182887,0.7142818612452743,39.25494539046601,10.699942281454208,0.33714103850776944,35.0001888
2014-06-30,2-Year,912828WQ9,0.015833799427609152,0.4661783894045228,60.25233196114515,0.16667157292220158,20.63510742877901,18.46387684832149,0.0,29.9991169
2014-07-15,3-Year,912828WT3,0.5922216672885857,0.23792681409080013,57.06544652756307,0.18518501165997056,24.41738452741376,17.459242899302023,0.042592552681793225,27.0000253
2014-07-15,10-Year,912828WJ5,0.0,0.0786013301326199,50.1433657728324,0.0,30.53519985353542,19.242833043499573,0.0,21.0000263
2014-07-15,30-Year,912810RG5,0.1923074733730303,0.05955993219330796,38.72127899423622,0.0,51.01148038693002,9.746142750545175,0.26923046272224244,13.0000148
2014-07-31,7-Year,912828WY2,0.0,0.0562110639397585,39.9858775257991,0.1724170565421495,42.39828594548811,17.049270977408256,0.33793743082261307,28.9994511
2014-07-31,5-Year,912828WW6,14.429435580011567,0.146117213828361,29.16357987945308,1.0000004857145215,37.303898119036226,17.568968533499003,0.3880001884572344,34.999983
2014-07-31,2-Year,912828WX4,0.5327414325844881,0.5600990215271436,63.867535352270785,0.17241381034482933,23.55686442465196,11.310345958620802,0.0,28.999997099999998
2014-08-15,30-Year,912810RH3,0.137499999140625,0.09529437440441016,31.694081051911994,0.0,53.0899996681875,14.795624907527344,0.187499998828125,16.0000001
2014-08-15,10-Year,912828D56,0.0,0.17783724806389858,42.27321094628449,0.0,31.281164018350978,26.267787787300634,0.0,24.000034
2014-08-15,3-Year,912828D49,0.3843486790592187,0.17497969588575601,48.80868559267213,0.09260164388882915,25.396186039799172,25.143198348694888,0.0,26.9973609
2014-09-02,5-Year,912828D80,1.999999971428572e-05,0.11967428400465308,40.05005657071348,0.14285714081632658,40.73082084670256,18.642285447967353,0.3142857097959184,35.0000005
2014-09-02,7-Year,912828D72,0.10344601538827752,0.07587316962663475,33.366270889453006,0.08620501282356462,49.34443898031097,16.72032428725859,0.3034416451389474,29.0006337
2014-09-02,2-Year,912828D64,0.38568026319303905,0.5934552035150096,51.85518551268935,0.17240959463256106,28.421307892150573,18.57196153381948,0.0,29.0007062
2014-09-15,30-Year,912810RH3,0.15384543313947094,0.04738362417979135,35.42159098654684,0.0,51.63877809218571,12.661479147378454,0.07692271656973547,13.0000609
2014-09-15,10-Year,912828D56,0.19047943134765813,0.0676949613052226,37.177284925900196,0.0,41.616565218988235,20.947975462458704,0.0,20.9996427
2014-09-15,3-Year,912828D98,0.03147561291174226,0.24489545080781808,52.47777117230154,0.0925753320933596,22.10239756742244,25.050884864463104,0.0,27.0050341
2014-09-30,2-Year,912828F47,0.3607786748985653,0.4620773957137645,47.67260444054703,0.17241513734698463,26.65606989439321,24.676054457100438,0.0,28.9997739
2014-09-30,7-Year,912828F21,0.11034477774080731,0.04757618540524038,44.77749701430307,0.1724137152200114,42.21825679106331,12.446325412177142,0.22758610409041505,29.0000131
2014-09-30,5-Year,912828F39,0.07771373683326442,0.11456261943201362,43.99268928592025,0.14285613388467727,41.31799389119743,14.068472064963016,0.28571226776935454,35.0002472
2014-10-15,30-Year,912810RH3,0.0,0.023123883329935507,34.84677140750173,0.0,50.07623435333062,14.823100754061983,0.2307696017757444,12.9999791
2014-10-15,3-Year,912828F54,0.19814782670834036,0.2106026213187106,51.493342392281605,0.09259244238707494,24.586834188765277,23.418480528538996,0.0,27.0000438
2014-10-15,10-Year,912828D56,1.190495312098513,0.07315688932470331,52.96846982213672,0.0,33.258153236908896,12.509724739531173,0.0,20.9996627
2014-10-31,2-Year,912828F88,0.4585766156438009,0.5120015674455705,51.149452899126715,0.08624827584936623,24.2447162945489,23.46622255892795,0.08278178845770005,28.9918839
2014-10-31,5-Year,912828F62,0.005714277289808339,0.14931863700452375,45.2366047368913,0.07142846612260424,36.548388974375115,17.654259686862865,0.3342852214537878,35.0000516
2014-10-31,7-Year,912828F96,0.10344819809756144,0.04244410602477547,41.500979147539816,0.0,40.93583129651302,17.11384920407198,0.30344804775284684,29.0000218
2014-11-17,30-Year,912810RJ9,0.15149962503842804,0.060567350095808506,45.60599962515093,0.0,39.85696885400208,14.1374650097741,0.18749953593864854,16.0000396
2014-11-17,10-Year,912828G38,0.20833222222814812,0.18211569538295794,44.983551754390646,0.0,31.678206049567738,22.926961056207702,0.02083322222281481,24.000128
2014-11-17,3-Year,912828G20,0.02403844008877654,0.2135521171381109,51.411398740598045,0.19230752071021232,25.540646440653948,22.61805674081091,0.0,26.000023199999998
2014-12-01,7-Year,912828G53,0.0,0.07526290542897641,40.556938120883494,0.08620666973900341,44.40921764057566,14.568927185891575,0.303447477481292,29.0000763
2014-12-01,5-Year,912828G61,0.4285699249032349,0.15328031934790812,27.90282352952202,0.14285664163441167,53.65010319335223,17.379510451317614,0.3428559399225879,35.0001228
2014-12-01,2-Year,912828G46,0.029035925107270513,0.47764596805090376,53.156910242851865,0.0,21.184082382998156,25.152325480991795,0.0,27.9997967
2014-12-15,10-Year,912828G38,0.0,0.1719641776225169,42.22703298110308,0.0,40.872441927798405,16.728560913475995,0.0,21.0000132
2014-12-15,30-Year,912810RJ9,0.0,0.05468149892260847,27.68459536652335,0.0,64.33743040216572,7.6925236684828855,0.2307690639054461,13.0000094
2014-12-15,3-Year,912828G79,0.33200030676828346,0.2316838140758442,52.63229263223839,0.2000001848001708,28.56800639683791,18.0360166652794,0.0,24.9999769
2014-12-31,7-Year,912828G87,0.0,0.033983097471938034,39.45028616563933,0.08620688139120362,42.81757867690858,17.611945178588954,0.0,29.0000051
2014-12-31,5-Year,912828G95,0.1999996937147548,0.10456583986488523,36.64630959308017,0.14285692408196768,42.17201398800143,19.591398568601047,1.1428553926557414,35.0000536
2014-12-31,2-Year,912828H29,0.016296624220590337,0.5013774962368039,53.667653986533736,0.0,21.930256100301456,23.884415792707415,0.0,26.9994567
2015-01-15,3-Year,912828H37,0.11666626659859412,0.20228972298149162,41.21041118263166,0.10416630946303049,33.654051261315885,24.712415257009347,0.0,24.0000823
2015-01-15,30-Year,912810RJ9,0.0,0.021564688337866855,39.37495851280284,0.0,38.74142300157368,21.592812513147148,0.26924128413845827,12.9994923
2015-01-15,10-Year,912828G38,0.0,0.054093220510330546,43.43233893635974,0.0,41.14467132682837,15.368896516301552,0.0,21.0000438
2015-02-02,2-Year,912828H78,0.20769420809431172,0.6069751692074137,44.66694716410501,0.19230945193917753,38.22208050126735,16.100147316347943,0.003846189038783551,25.9997621
2015-02-02,5-Year,912828H52,0.0,0.1361299455480218,29.18757689639781,0.0599999760000096,49.233444592336454,21.09713441828909,0.28571417142861716,35.000014
2015-02-02,7-Year,912828H86,0.0,0.026053781334326363,31.389511682668864,0.0,49.94651192071358,18.362060670931214,0.2758619443520182,29.0000131
2015-02-17,30-Year,912810RK6,0.0,0.066669999166625,37.90159952623,0.0,49.855274376809064,11.920206100997422,0.256249996796875,16.000000200000002
2015-02-17,10-Year,912828J27,0.0,0.08921077158525843,30.46098604144005,0.0,36.11896052309609,33.330842663878606,0.0,24.0002408
2015-02-17,3-Year,912828H94,0.5354120041204641,0.20814402074581934,46.083848686484345,0.2645810292735367,40.92895191037711,11.97906234899871,0.0,24.000209
2015-03-02,7-Year,912828J43,0.0,0.033555834992877974,39.758682401614884,0.0,41.13100129429551,18.821588261201196,0.2551722078955288,29.0000234
2015-03-02,5-Year,912828J50,0.0042857199428646105,0.16791679307873827,34.83937170225636,0.0,47.527219878787385,17.124062603762635,0.337143302172016,34.9999538
2015-03-02,2-Year,912828J35,0.016538446781078256,0.6364102013570511,39.84210444858372,0.0,44.692267813053334,14.799986793857936,0.012692296366874013,26.0000232
2015-03-16,30-Year,912810RK6,0.0,0.09462614365564607,39.48783036284904,0.19230767159763537,50.30973688972065,9.723191260579403,0.19230767159763537,13.0000014
2015-03-16,10-Year,912828J27,0.0,0.08242661493429958,33.548689890533794,0.0,41.69642246815133,24.672461026380567,0.0,21.0001345
2015-03-16,3-Year,912828J68,0.014638167317452584,0.34742375484709076,42.69761314410587,0.20834283116214894,44.52444642486806,12.207535677699374,0.0,23.9989059
2015-03-31,7-Year,912828J76,0.1724137812128427,0.03751034224066605,39.449390382800665,0.08620689060642135,42.07172123643302,17.96206772675395,0.22068963995243865,29.000002
2015-03-31,5-Year,912828J84,0.0057142804081681915,0.09510705454344934,41.9423753392229,0.0714285051021024,43.322531200506745,14.219986795726546,0.34285682449009147,35.0000325
2015-03-31,2-Year,912828J92,0.013846272498058176,0.6489467148203101,36.36783087510458,0.192309340250808,39.17686456174709,22.06172751357269,1.538474722006464,25.9997772
2015-04-15,30-Year,912810RK6,0.0,0.1709636843958986,44.364265716887054,0.0,40.58232314134041,14.705524547849851,0.1769229095267856,13.0000123
2015-04-15,10-Year,912828J27,0.0,0.038959504329771646,33.671406973820325,0.0,38.027742890890465,28.261890630959446,0.0,21.0000105
2015-04-15,3-Year,912828K25,0.0,0.2598856535790896,41.67230450998938,0.2083331892362108,40.46065534804672,17.398821299148604,0.0,24.0000166
2015-04-30,7-Year,912828WZ9,0.0,0.0681251247262058,34.71856190390322,0.08620683620693881,43.461604059635775,21.406881566907042,0.25862050862081637,29.0000203
2015-04-30,2-Year,912828K66,0.02373068042326134,0.6308787929035943,48.93788685936956,0.19230697263582933,36.40755605941521,13.792256077441678,0.015384557810866345,26.0000973
2015-04-30,5-Year,912828K58,0.0,0.13595288998476748,35.42107554537092,0.07142843857167569,46.73803306725849,17.290653553670104,0.34285650514404326,35.0000651
2015-05-15,30-Year,912810RM2,0.0,0.04485806247907542,39.795382035186286,0.0,49.60977460637664,10.362485557285753,0.1874997386722392,16.0000223
2015-05-15,3-Year,912828XA3,0.004166681458385844,0.2911272835018564,37.180317406793456,0.1041670364596461,40.790978141305736,21.629243450480917,0.0,23.9999148
2015-05-15,10-Year,912828XB1,0.0,0.20170192601496104,19.528748019131008,0.0,51.1618407180396,29.107709336814423,0.0,24.0005145
2015-06-01,7-Year,912828XD7,0.27586186825222686,0.03405721659974929,35.716627461350356,0.08620683382882091,42.51484837712756,21.072398461116983,0.2999997817242967,29.0000211
2015-06-01,5-Year,912828XE5,0.0,0.14196046516102323,33.01951813967499,0.1428570359184474,44.92596636970517,21.398269696152397,0.37142829338796324,35.0000262
2015-06-01,2-Year,912828SY7,0.0016153843855029912,0.5764276102776094,41.6519652264511,0.1923076649408323,37.269994696193066,20.30768941775189,0.0,26.0000037
2015-06-15,3-Year,912828XF2,0.0003291643392004849,0.36539616634460714,40.64485844031344,0.0,39.06455711436074,19.904025928616665,0.020833186025347145,24.0001697
2015-06-15,10-Year,912828XB1,0.004761896848085714,0.09488031850842304,32.90751673941266,0.11904742120214289,39.44050588220689,27.428525844973716,0.004761896848085714,21.0000349
2015-06-15,30-Year,912810RM2,0.0,0.024785291003247056,36.51882360967391,0.0,49.429521000809146,13.734563510225511,0.29230658828819345,13.0000491
2015-06-30,7-Year,912828XG0,0.00344827419738487,0.04611721911582525,33.770790593411434,0.6034479845423523,45.170667848643106,20.019321369982787,0.38620671010710544,29.000014
2015-06-30,5-Year,912828XH8,0.0,0.13789719801602207,40.98217353572656,0.07142860000001143,45.28048954076724,13.093725237490094,0.43428588800006945,34.999986
2015-06-30,2-Year,912828XJ4,0.015384623491128532,0.7152169153258362,39.35998227814451,0.0,47.04394786546484,12.84623753820978,0.019230779363910665,25.9999863
2015-07-15,30-Year,912810RM2,0.0,0.009893076085970487,42.9698425179364,0.0,49.059995848769574,7.667960889634079,0.2923076675739666,13.0000011
2015-07-15,10-Year,912828XB1,0.0,0.06401090940856986,32.9419131608668,0.0,45.29669453781835,21.697381391906283,0.0,20.9806424
2015-07-15,3-Year,912828XK1,0.006591641371242904,0.15816647636948025,40.799968430121154,0.0,38.910350681529266,20.12492277060887,0.0,24.0000921
2015-07-31,2-Year,912828XP0,0.027442341256402,0.6154553681338732,29.071612479895258,0.0,46.58178774234039,23.696009751273465,0.007692317100603223,25.9999682
2015-07-31,5-Year,912828XM7,0.0,0.12778486554014828,29.65703052031915,0.0714285761224493,54.37390643028528,15.341278150998278,0.4285714567346957,34.9999977
2015-07-31,7-Year,912828XQ8,0.0,0.04550481550389381,42.456324934010276,0.08620687366231286,43.74644976387368,13.389651617230433,0.2758619957194011,29.0000077
2015-08-17,30-Year,912810RN0,0.0,0.026088738260067787,40.258325633753465,0.0,48.085840861371615,11.40474486786481,0.22499989875004556,16.0000072
2015-08-17,10-Year,912828K74,0.0,0.10950973710325586,35.93706712829842,0.0,41.25505792897717,22.698365205621144,0.0,23.9999663
2015-08-17,3-Year,912828K82,0.004249999805208343,0.2562170715900509,40.97369812203884,0.0,45.26041875889747,13.505416047668431,0.0,24.0000011
2015-08-31,7-Year,912828L24,0.0,0.033123451017113184,37.31383688114512,0.0,44.04614157623241,18.60689809160536,0.0,28.9999976
2015-08-31,5-Year,912828L32,0.0,0.10382882718082416,45.178672677011605,0.07142855081633248,45.11064412521413,9.192568775858726,0.34285704391839594,35.0000101
2015-08-31,2-Year,912828TM2,0.030326854025009297,0.49723271399320507,44.25191078026469,0.11153820757454276,38.1821069084335,16.911499955353946,0.015384580355109345,26.0000592
2015-09-15,3-Year,912828L40,4.166654982671653e-05,0.14911333186136524,43.41939907810175,0.0,38.431496398345516,17.99994952514154,0.0,24.0000673
2015-09-15,10-Year,912828K74,0.0,0.02444608372829153,30.54861898531615,0.0,45.303230747320974,24.12370418363459,0.0,21.0000917
2015-09-15,30-Year,912810RN0,0.0,0.03174602197806255,29.163971165042852,0.0,64.7446925989692,5.782668287377883,0.27692192663199705,13.000054
2015-09-30,7-Year,912828L57,0.0,0.03836273110535148,32.431011221895396,0.0,50.437534858595676,16.713781115632855,0.3793100727707064,29.0000208
2015-09-30,5-Year,912828L65,0.0028571440244902725,0.11000261637249753,34.08544249776651,0.157142921346965,47.6674480469859,17.588464329001138,0.3886424445024845,34.9999857
2015-09-30,2-Year,912828TS9,0.015384660473504924,0.5989917555066065,45.15134925126203,0.0,42.66147118477324,11.572803147984608,0.0,25.9999238
2015-10-15,30-Year,912810RN0,0.0,0.01270768712686602,30.664372113755984,0.0,55.22677209985446,13.834609744351411,0.2615383549112861,13.0000053
2015-10-15,10-Year,912828K74,0.0,0.03605333213155559,30.215496611864403,0.9523809206349216,44.21987947838497,24.576189656984152,0.0,21.0000007
2015-10-15,3-Year,912828L81,0.0,0.18176603869698002,45.93194660411208,0.10416654557305743,36.36130772997977,17.420813081638126,0.0,24.0000279
2015-11-02,5-Year,912828L99,4.2857020163616565e-05,0.13197447931877637,41.56843528122243,0.07142836693936093,43.35644730525657,14.505958471513175,0.365713238729528,35.0001002
2015-11-02,7-Year,912828M49,0.0,0.023208465211133414,27.727053800721695,0.0,47.56332943047391,24.4105439839554,0.27586431963786295,28.9997634
2015-11-05,2-Year,912828TW0,1.538456130196527,0.21771615772089173,53.53133104755163,0.0,26.61640643309431,18.096090231436648,0.0,26.0000914
2015-11-16,30-Year,912810RP5,0.09374904786123267,0.24551313150725815,32.40676461879684,0.12499873048164357,57.4538852339781,9.487591141652468,0.18749809572246534,16.0001625
2015-11-16,10-Year,912828M56,0.0,0.23147946180661594,29.329349185425013,0.10416661197919538,36.951688933696644,33.383315807092536,0.0,24.000012599999998
2015-11-16,3-Year,912828M64,0.002333301269885049,0.3411507286870699,47.62184559647175,0.0,31.2057899304367,20.828880443134572,0.0,24.000329800000003
2015-11-30,2-Year,912828M72,0.013077037350110997,0.6121891957455875,39.45346014715943,0.0,40.8787995255097,19.04247409423516,0.0,25.9997728
2015-11-30,7-Year,912828M80,0.0,0.05483780671517772,33.91427882301462,0.0862061590431704,45.10347620095016,20.558444808615274,0.2827562016615989,29.0002481
2015-11-30,5-Year,912828M98,0.0,0.09990858831298936,35.71000195851575,0.0,42.25571301615854,21.637527733140153,0.2968487038725613,35.000995
2015-12-15,3-Year,912828N22,0.02083328177096095,0.29265302568376145,36.81323180391795,0.0,36.64418013898749,26.21660178057726,0.01249996906257657,24.0000594
2015-12-15,10-Year,912828M56,0.0,0.060672052456554076,29.59807784278806,0.0,44.36400980057551,25.977240304179876,0.0,21.0001137
2015-12-15,30-Year,912810RP5,0.0,0.06322305990148387,28.453276954886974,0.07692305621302332,62.35081013632035,8.863459152145612,0.19230764053255833,13.0000035
2015-12-31,7-Year,912828N30,0.0,0.04215756047624757,41.832491709134366,0.17241368787164568,43.587428569052214,14.041370740266823,0.3241377331986939,29.0000177
2015-12-31,5-Year,912828N48,0.0,0.13095960330895642,39.07595928135139,0.14285733346964208,45.05920297899368,15.253877495887972,0.3371433069883553,34.9999533
2015-12-31,2-Year,912828N55,0.021347291410471127,0.5872024449610576,36.45213478587484,0.01730861465713875,35.78671471127817,13.673036307377073,13.462255844441252,25.9986145
2016-01-15,30-Year,912810RP5,0.0,0.08571996307447745,34.93551187393335,0.0,55.831079795842555,8.916919235788637,0.23076913136098956,13.0000056
2016-01-15,10-Year,912828M56,0.0,0.06984971722167477,20.017239251370388,0.0,48.60826377819447,31.304647253213453,0.0,20.9989397
2016-01-15,3-Year,912828N63,0.0,0.18792032259655378,29.515584001752533,0.0,45.77145357432863,24.525042101322274,0.0,23.9999588
2016-02-01,5-Year,912828N89,0.00571434494755277,0.14456492709015853,40.475476700084194,0.0,38.5204564349027,20.472355067726244,0.38143252524914745,34.9996372
2016-02-01,7-Year,912828P38,0.0,0.06931097240640365,17.150965499583442,0.0,62.65770598061495,19.94269844190181,0.17931910549340216,28.9985832
2016-02-01,2-Year,912828P20,0.0007693200221890358,0.678810675558529,32.04492270403247,0.0,37.787460849881064,29.476496650172905,0.011539800332835536,25.9969836
2016-02-16,30-Year,912810RQ3,0.0,0.07629465502070366,35.20739176527761,0.0,58.82769251896243,5.728567940175557,0.16005312056369428,14.995021600000001
2016-02-16,10-Year,912828P46,0.0,0.08331586834180613,25.032638189786205,0.0,50.32648015949933,24.55756578237266,0.0,22.9998203
2016-02-16,3-Year,912828P53,0.002083337864593189,0.2777414374209597,46.705476584411564,0.10416689322965944,35.93132815063873,16.979203596434488,0.0,23.9999478
2016-02-29,5-Year,912828P87,0.0058823628027846984,0.2230239033047791,25.56392521010991,0.0,59.982144675948426,13.825023177244738,0.4000006705893595,33.999943
2016-02-29,2-Year,912828UR9,0.015903986414772496,0.6311044120092952,35.80358499084763,0.09615469416428354,42.5615292061018,20.857876258116384,0.0338464523458278,25.9997707
2016-02-29,7-Year,912828P79,0.0,0.06225638010038979,35.137829785546806,0.0,44.41867970259937,19.99552014634503,0.3857139854083971,28.0000218
2016-03-15,3-Year,912828P95,0.0,0.2258758482635479,47.03126111673709,0.10416244635154867,38.00596012518226,14.632740463465558,0.0,24.0009724
2016-03-15,10-Year,912828P46,0.0,0.21681182246305483,34.43579238814879,0.0,43.90246280480373,21.444932984584423,0.0,20.0000625
2016-03-15,30-Year,912810RQ3,0.0,0.03157833333333333,30.448525,0.0,57.09073,12.1625,0.26666666666666666,12.0
2016-03-31,7-Year,912828Q29,0.0,0.05698711558473754,29.772342894664472,0.0,50.00460821208035,19.791061957134634,0.37499982053580017,28.0000134
2016-03-31,5-Year,912828Q37,0.005882346989625398,0.2793820702722583,42.13670560286256,0.0,40.011871282106696,17.213217878391323,0.35294081937752386,34.000034400000004
2016-03-31,2-Year,912828Q45,0.02538495495720516,0.8547122026501571,38.19716480668922,0.0,37.66088840219178,22.877229103857015,0.3846205296546236,25.9996522
2016-04-15,30-Year,912810RQ3,0.0,0.020736134353543698,26.784861326382465,0.0,60.877432188784816,12.060021692532592,0.2569486579465968,11.995003299999999
2016-04-15,10-Year,912828P46,0.0,0.08818044665082977,26.80004178597472,0.0,47.19459344727096,25.917184320103487,0.0,20.0000121
2016-04-15,3-Year,912828Q52,0.0,0.20576832574475779,33.60160071244629,0.0,43.94930974473765,22.2433212170713,0.0,23.9995635
2016-05-02,7-Year,912828R28,0.0,0.06436173905202489,22.828679877778516,0.0,59.377265880053656,17.415701659330583,0.31399084378520964,28.000020300000003
2016-05-02,5-Year,912828Q78,0.3058814649852767,0.16477805107077528,32.18777126667577,0.0,48.74015262785105,18.189653078860037,0.41176351055710325,34.000098699999995
2016-05-02,2-Year,912828Q94,0.012692393512414595,0.5934047815600231,38.53656825879615,0.0,43.473370869946116,17.3839636961853,0.0,25.9998242
2016-05-16,10-Year,912828R36,0.27391274574701546,0.13021507585317843,16.110834662136238,0.0,50.69569489598381,32.78934262027976,0.0,23.000025
2016-05-16,30-Year,912810RS9,0.0,0.10199203535723894,33.46859826911407,0.0,54.43607220450504,11.753337407823636,0.24000008320002889,14.999994799999998
2016-05-16,3-Year,912828R44,0.0,0.31831888363017113,28.27516014797743,0.0,47.09416988154281,24.312351086849596,0.0,24.000147
2016-05-31,7-Year,912828R69,0.007142825076674567,0.06823255082744147,20.11807932705102,0.0,52.042919935891575,27.37076998193619,0.3928553792171012,28.000125699999998
2016-05-31,2-Year,912828R51,0.03923085387888088,0.7920474782255204,17.571364836675667,0.0,43.45104375398287,26.761865436178887,11.38444764105818,25.999943899999998
2016-05-31,5-Year,912828R77,0.014705776384846636,0.14604306527791194,24.117473271148484,0.0,49.2614685570648,26.019136038578537,0.441173291545399,34.00024500000001
2016-06-15,30-Year,912810RS9,0.0,0.02249003317279893,29.364909979908887,0.0833334562501813,57.525914017389844,12.703352070777637,0.3000004425006527,11.9999823
2016-06-15,3-Year,912828R85,0.0,0.1249963869872508,40.85036693063733,0.0,43.88448514179783,15.140151540577595,0.0,24.0000537
2016-06-15,10-Year,912828R36,0.0,0.06039537739738388,20.868435137076673,0.0,51.902224638483986,27.16894484704196,0.0,20.0000406
2016-06-30,7-Year,912828S35,0.0,0.02516142371886828,27.415948998352697,0.0,46.99425165110861,25.161066576080017,0.40357135073981093,28.0000054
2016-06-30,5-Year,912828S27,0.0,0.08805276869663542,41.21235633109024,0.0017647024256123073,39.227276101865044,19.03525683093809,0.43529326498436915,34.000066600000004
2016-06-30,2-Year,912828R93,0.020384645883181726,0.5533896741099356,42.61308298649723,0.19230798003001628,38.911577448475484,17.709257265004137,0.0,25.9999611
2016-07-15,30-Year,912810RS9,0.0,0.023441375805838438,25.439655382691644,0.0,59.46662115672461,14.770275142117248,0.30000694266066474,11.9997223
2016-07-15,10-Year,912828R36,0.0,0.023575933751626154,39.71491340109334,0.0,46.591049079152086,13.670461586002942,0.0,20.000056200000003
2016-07-15,3-Year,912828S43,0.0,0.17874727474187338,39.82450097873646,0.0,36.7108934779151,23.28585826860656,0.0,23.9999743
2016-08-01,7-Year,912828S92,0.0,0.033199189910909116,29.180944363560553,0.0,54.233261355445805,16.13831057230378,0.41428451877896016,28.0000808
2016-08-01,5-Year,912828S76,0.22058769225912228,0.07385775935604535,43.854134688497844,0.07352923075304077,44.169338324305365,11.137965228009131,0.47058707681946094,34.0000837
2016-08-01,2-Year,912828S68,0.017115830351105026,0.6137579067491792,60.173105508066904,0.10961823932730186,29.446920711923614,9.639481803581893,0.0,25.999322900000003
2016-08-15,10-Year,9128282A7,0.10869506333022214,0.06032402102726,21.63379584474077,0.0,56.00208791912371,22.195097151778036,0.0,23.0001246
2016-08-15,3-Year,9128282B5,0.02083329375007521,0.15070221366579403,34.37692218384785,0.0,50.9144865958088,14.53705571292748,0.0,24.0000456
2016-08-15,30-Year,912810RT7,0.0,0.03684866249048492,30.401116554540124,0.0,58.68750268208303,10.63453212808636,0.23999997280000307,15.0000017
2016-08-31,7-Year,9128282D1,0.0,0.03249283277323257,34.18676007421566,0.0,54.9868266170229,10.415349331345144,0.37857114464307007,28.000021
2016-08-31,5-Year,9128282F6,0.020588053695373438,0.10587347789835233,27.41832874244736,0.14705752639552458,53.81892234427027,18.055214271801177,0.43401558349195624,34.000299899999995
2016-08-31,2-Year,9128282C3,0.03692301557406643,0.6212881984749934,29.83537350430249,0.1926919875271592,39.87864527855862,17.10266389095846,12.332414124604226,26.000043199999997
2016-09-15,30-Year,912810RT7,0.0,0.10607235326657799,39.37792886053174,0.0,53.32809206280598,6.962907034645268,0.22499968875043055,12.0000166
2016-09-15,10-Year,9128282A7,0.02499994625011556,0.0589298733007724,36.11392735505618,0.0,52.80716646459209,10.794976790799899,0.19999957000092447,20.000043
2016-09-15,3-Year,9128282G4,0.02093753576829027,0.13722523442644213,41.44165412949247,0.0,36.76681280997189,21.61253692141724,0.02083336892367191,23.999959
2016-09-30,2-Year,912828T42,0.03730779361270112,0.5955858480138796,44.09103318565165,0.28846232174768904,29.89027347128104,15.592503878106683,9.504833501586354,25.9999294
2016-09-30,7-Year,912828T26,0.017857142793367347,0.029316428466727038,32.86513381119595,0.08928571396683674,48.39162125574421,17.99964279285842,0.6071428549744898,28.0000001
2016-09-30,5-Year,912828T34,0.017647030484474573,0.07910810825580261,36.34296163747925,0.14705858737062144,46.00572317904453,16.910443432052602,0.4970580253127005,34.000054600000006
2016-10-17,3-Year,912828T59,0.020935274841975233,0.1542281908045032,39.413757476918846,0.0,37.493514908034214,18.198065773084146,4.719498376316328,24.0025509
2016-10-17,10-Year,9128282A7,0.0,0.02336274172489023,33.65787791215968,0.12499861814027646,46.048795930560985,20.144964797414165,0.0,20.0002211
2016-10-17,30-Year,912810RT7,0.0,0.015739959338438376,30.48662957620693,0.0,52.38559133722238,16.77870665500781,0.3333324722244468,12.000031
2016-10-31,7-Year,912828T91,0.0178571389030621,0.024099280378016487,29.566841310199422,0.178571389030621,50.699778059334854,19.09142434404175,0.42142847811226547,28.0000062
2016-10-31,5-Year,912828T67,0.3088232678202908,0.06964788218061745,39.307790233401214,0.07352934948102162,47.383161334263335,12.368813052299531,0.4882348805539835,34.0000288
2016-10-31,2-Year,912828T83,0.01807770994401322,0.7348885258978752,56.989286722145515,0.01346212442639282,33.458902516922244,8.785382400663956,0.0,25.9988683
2016-11-15,30-Year,912810RU4,0.0,0.0633953396728673,35.67882490121582,0.0,52.90024529002453,11.117534445086777,0.2400000240000024,14.9999985
2016-11-15,10-Year,912828U24,0.04347789357588166,0.08881794533361832,42.268603791751445,0.10869473393970415,40.020987996610096,13.121628281201083,4.347789357588166,23.0001943
2016-11-15,3-Year,912828U32,0.00010415333113453153,0.18315613248002094,50.94282032530927,0.0,36.7317240452159,12.142195343663685,0.0,24.0030729
2016-11-30,5-Year,912828U65,0.0,0.10350828156840824,39.20873958743652,0.0735294446366929,46.58127523633481,13.53882958206499,0.49411786795857626,33.9999848
2016-11-30,2-Year,912828U40,0.036928253696118137,0.5206602962556842,51.436402900049615,0.011540079280036919,34.59759043452368,9.95562639488785,3.441251641307009,25.9963552
2016-11-30,7-Year,912828U57,0.0,0.04150424219297626,21.946752421172164,0.0,55.26160581385531,22.307284655034206,0.4428528677453517,28.0002703
2016-12-15,30-Year,912810RU4,0.0,0.04202156161276263,30.51046539050319,0.0,61.571949403459826,7.70889739442318,0.16666625000104165,12.00003
2016-12-15,10-Year,912828U24,0.01349997995252977,0.07956338184837794,40.20542529494344,0.12499981437527566,39.19244179922393,20.384069729656453,0.0,20.0000297
2016-12-15,3-Year,912828U73,5.416695330012788e-05,0.21740740044749401,49.877076432862786,0.0,36.419703137595775,9.319070146746194,4.166688715394453,23.999873
2017-01-03,7-Year,912828V23,0.0,0.05428321005748733,20.951546236849335,0.23214131174498182,64.47748147848044,13.841693568154245,0.44285419471350373,28.0001864
2017-01-03,5-Year,912828U81,0.0014705834991502013,0.13951572714787874,27.77976347399705,0.008823500994901206,62.81163300371135,8.764677654935198,0.49411605571446765,34.0001095
2017-01-03,2-Year,912828U99,0.016978151983340413,0.6604558804934993,59.168909654234845,0.0,29.368011269647358,10.767570906761756,0.018074136879207236,26.004008
2017-01-17,3-Year,912828V31,0.041669929595778726,0.21499475165153245,40.058870109774894,0.0,38.79532950261393,20.86830074156599,0.020834964797889363,23.998120699999998
2017-01-17,30-Year,912810RU4,0.16666663472222834,0.017227496698063133,32.03749385948034,0.0,60.21528012540465,7.19666528730582,0.3666665963889023,12.0000023
2017-01-17,10-Year,912828U24,0.0,0.06773827070595365,24.997415383748926,0.0,51.27467643522026,23.660169910324854,0.0,20.000067700000002
2017-01-31,2-Year,912828V56,0.0,0.5843248587873066,44.135119863576335,0.0,40.61491684021746,14.66179269205006,0.0038457453688303628,26.002761600000003
2017-01-31,5-Year,912828V72,0.0,0.13128238284021884,36.44008031659959,0.0,44.36194662536817,18.537281162033644,0.5294095131583645,34.000144600000006
2017-01-31,7-Year,912828V80,0.3571418010235312,0.03846345768663227,24.685730572196736,0.1785709005117656,52.43696279355288,21.524293492446386,0.7788369825820657,28.0000828
2017-02-15,30-Year,912810RV2,0.0,0.029999334533306717,32.419217963435386,0.0,61.58944913024463,5.708000228320008,0.2533333434666671,14.9999994
2017-02-15,10-Year,912828V98,0.0,0.12432149412643093,34.28637522388821,0.0,42.25179511651508,23.337182081437167,0.0003260840331074944,23.0002062
2017-02-15,3-Year,912828W22,0.00014583295659819544,0.19707449089089854,36.6399220135348,0.0,44.48998923419448,18.672868428423225,0.0,24.000062
2017-02-28,7-Year,912828W48,0.0,0.026534619923649923,27.99609366051905,0.1785712742348273,61.41957191594142,9.972086024125652,0.4071425052554062,28.0000242
2017-02-28,5-Year,912828W55,0.0,0.1387758386087315,37.27820508566349,0.07352970026064751,49.51826193341594,12.538284488445612,0.4529429536055886,33.9998666
2017-02-28,2-Year,912828W30,0.0,0.6991773853383642,30.590087534712023,0.0,42.355121200808355,26.355613879141256,0.0,25.9999256
2017-03-15,10-Year,912828V98,0.0,0.051831026274519465,21.66968731830692,0.12499524018125391,46.326735877897775,28.62174758385201,3.205002953487531,20.0007616
2017-03-15,3-Year,912828W63,0.0,0.2425649434015132,43.21840658237179,0.0,39.87653236214245,16.649996115000906,0.012499997083334014,24.0000056
2017-03-15,30-Year,912810RV2,0.0,0.05231001918034037,28.167634494799316,0.0,55.040049348018094,16.42333935522443,0.31666678277782034,11.9999956
2017-03-31,7-Year,912828W71,0.0,0.033612301327290366,24.719782459857242,0.17857037309297333,59.0551116563936,15.60578275867691,0.40714045065197924,28.0001655
2017-03-31,5-Year,912828W89,0.0008823535510384839,0.16018246365552638,28.540740314923458,0.0,52.774564417713655,18.070688960623254,0.4529414895330884,33.999976499999995
2017-03-31,2-Year,912828W97,0.001923083298837706,0.6473148384053488,36.442476590057,0.0,42.930911563252955,19.954296925399806,0.023076999586052475,25.9999138
2017-04-17,30-Year,912810RV2,0.0,0.06032255429029886,32.13223725234686,0.0,58.03243139585492,9.475008527507676,0.300000270000243,11.9999892
2017-04-17,10-Year,912828V98,0.0,0.03612003341103091,32.29361737159607,0.050000046250042784,49.38224567857725,18.238016870165605,0.0,19.9999815
2017-04-17,3-Year,912828X21,0.0,0.2414589951200543,41.28375826847644,0.1041647951725134,42.18924199995207,16.18137594127892,0.0,24.0004312
2017-05-01,2-Year,912828ST8,0.007692368373259744,0.7423977794532525,30.88619749073482,0.0,44.34659982644709,24.017112534991572,0.0,25.9997949
2017-05-01,7-Year,912828X70,0.0,0.05538389989048042,12.081725886249096,0.1785713360969867,68.40432886204398,19.279990015719456,0.0,28.0000145
2017-05-01,5-Year,912828X47,0.2941143477878751,0.10879289724673501,39.567930846799264,0.0,45.860085557746125,13.722022541782428,0.44705380863757016,34.0003814
2017-05-15,3-Year,912828X96,0.022916655876741188,0.18400533003082378,41.59518874893196,0.0,42.330396736104866,15.8674925290556,0.0,24.0000113
2017-05-15,10-Year,912828X88,0.0,0.09617971874901256,36.16617654580894,0.0,42.45369637081357,21.283947364628478,0.0,22.9950766
2017-05-15,30-Year,912810RX8,0.0,0.04781469160117449,38.47442790959914,0.0,50.82678776182908,10.424226978257673,0.22674265871292543,14.994972800000001
2017-05-31,7-Year,912828XT2,0.1785711734697522,0.03214281122455539,23.957551489212157,0.1785711734697522,57.7155461206484,17.609046272791037,0.32857095918434404,28.00004
2017-05-31,5-Year,912828XR6,0.44117890745290644,0.18516043450381175,25.6846242227185,0.07352981790881774,57.18365114969664,16.04067683644441,0.39117863127491037,33.9998122
2017-05-31,2-Year,912828XS4,0.0,0.6226327991330588,32.204216401195765,0.0,43.836238134601444,23.336912665069732,0.0,26.0000116
2017-06-15,30-Year,912810RX8,0.0,0.01666889910355041,32.3721070966017,0.0,60.707093833276524,6.6541216853135365,0.25000848570468565,11.9995927
2017-06-15,10-Year,912828X88,0.0,0.04961390498937195,31.87372896180904,0.0,55.52668116640557,12.3799762923454,0.16999967445062344,20.0000383
2017-06-15,3-Year,912828XU9,0.020832960162934414,0.2473201532110889,29.525154464003993,0.020832960162934414,42.66051917678359,27.525340285675465,0.0,24.0004299
2017-06-30,5-Year,912828XW5,0.4558836817080252,0.13461480412726734,28.846598785233518,0.07352962608193955,53.12049894827781,16.998284839118458,0.3705893154529753,33.9999009
2017-06-30,2-Year,912828XV7,0.03913464744492271,0.8818226454931672,25.788598049889938,0.5769235495566002,42.18849610057565,24.755789511473715,5.769235495566003,25.9999787
2017-06-30,7-Year,912828XX3,0.0,0.021654632184502712,28.208870025628347,0.2678570108419018,56.98958976941648,14.187028722107275,0.32499983982150754,28.000013799999998
2017-07-17,30-Year,912810RX8,0.0,0.05034661799826926,34.86029963504368,0.0,58.89935973061892,6.023327510783406,0.16666650555571128,12.0000116
2017-07-17,10-Year,912828X88,0.0,0.058712849695104784,33.111740233945,0.0,49.80459050024832,17.02495641611157,0.0,20.0000512
2017-07-17,3-Year,9128282J8,0.045833116771856586,0.21732980644999783,39.02170728909973,0.0,35.424415952967955,25.290713834710466,0.0,24.0001134
2017-07-31,7-Year,9128282N9,0.0,0.03880283247534221,24.77336996550052,0.0,62.637478037603245,12.321777881155489,0.2285712832653985,28.000017800000002
2017-07-31,5-Year,9128282P4,0.5147043488367489,0.16901831995424083,28.43429910604413,0.07352919269096413,57.131430958413056,13.418195315788658,0.2588227582721937,34.000101300000004
2017-07-31,2-Year,9128282K5,0.01923569623240882,0.6555867671397864,25.374889869868362,0.19235696232408825,43.201450168366975,26.039361989811827,4.517118546256564,25.993340399999997
2017-08-15,3-Year,9128282Q2,0.002083333177083345,0.20548248458881366,26.950231312065988,0.10416665885416726,47.28820478671798,25.449831424595974,0.0,24.0000018
2017-08-15,30-Year,912810RY6,0.0,0.052078672568916226,30.539336794458173,0.0,61.60525031526171,7.643334199577878,0.16000001813333542,14.999998299999998
2017-08-15,10-Year,9128282R0,0.0,0.12148132407195464,37.95927575445787,0.06521693506935423,54.10353020617347,7.750495780227346,0.0,23.0001609
2017-08-31,2-Year,9128282T6,0.0001346161974901156,0.4509373383523893,42.29635155873825,0.288463280335962,45.42173581586627,11.542377390509625,0.0,25.999843000000002
2017-08-31,7-Year,9128282U3,0.2499999044643223,0.1559524404038889,16.933672100346737,0.17857136033165877,57.84752789398041,24.405704959248464,0.2285713412245232,28.000010699999997
2017-08-31,5-Year,9128282S8,0.1470594221477655,0.27001462853013497,21.15688023859486,0.07352971107388274,55.23948073953338,22.78950453139492,0.32353072872508404,33.999861599999996
2017-09-15,30-Year,912810RY6,0.16666830418275527,0.11745198729910854,37.702703762397796,0.0,57.95480273927024,3.8917049026673354,0.16666830418275527,11.9998821
2017-09-15,10-Year,9128282R0,0.0,0.04975373458885858,42.270161803812904,0.0,47.294535493734855,10.385548967863386,0.0,19.9999057
2017-09-15,3-Year,9128282V1,0.0,0.19971330136994966,44.86437897811932,0.1041655633797412,39.99023268678546,14.820676357669576,0.02083311267594824,24.0002542
2017-10-02,7-Year,9128282Y5,0.0,0.04612165212621473,13.934016783972817,0.26785636703030835,73.91200377630335,11.611430654034784,0.2285707665325298,28.0000811
2017-10-02,5-Year,9128282W9,0.005882356159171312,0.3141278189052186,27.344073782346246,0.14705890397928278,62.40414590344453,9.525887564162021,0.25882367100353765,33.999981399999996
2017-10-02,2-Year,9128282X7,0.01923064977884849,0.5906174852029284,38.88745075679626,0.0,54.41273893625622,6.056116228354967,0.033845943610773345,26.000161499999997
2017-10-16,10-Year,9128282R0,0.0,0.05082994612025712,28.321869978817826,0.04999994700005618,58.02035849842,13.406941788641705,0.14999984100016853,20.0000212
2017-10-16,3-Year,9128282Z2,0.0,0.3015709331068896,39.64036788413,0.016666695208382213,39.468025922327726,20.573368565227,0.0,23.9999589
2017-10-16,30-Year,912810RY6,0.0,0.07571349131492916,29.90513312052717,0.0,57.61997536082145,12.21583220356887,0.1833458237675775,11.9991825
2017-10-31,7-Year,9128283D0,0.24999904911075965,0.040240918369364054,26.196387860167604,0.3571414987296566,60.941973559993414,9.299982483995194,2.9142746296339976,28.0001065
2017-10-31,5-Year,9128283C2,0.0,0.17448633510472802,31.004093573292046,0.2205880640139738,52.20246240749977,16.127781594898995,0.27058802519047453,34.0000264
2017-10-31,2-Year,912828F62,0.0,0.5108746414113962,39.29218376448964,0.0,50.38376384638341,9.813177747715546,0.0,25.992599600000002
2017-11-15,30-Year,912810RZ3,0.0,0.03235273374466797,33.85747019782155,0.0,58.8013619148237,7.202148265787405,0.10666688782268077,14.999968899999999
2017-11-15,10-Year,9128283F5,0.1565218160302835,0.13401180497101722,25.428286406071145,0.0,50.648737927423404,19.2846138224407,4.347828223063431,22.999988700000003
2017-11-15,3-Year,9128283G3,0.002083328359386875,0.2571798026498878,39.57045135888071,0.10416641796934377,44.052811490579224,15.963307720936148,0.04999988062528501,24.0000573
2017-11-30,2-Year,9128283H1,0.019231606397389252,0.7919679365119441,43.50589576818579,0.19231606397389253,36.4684528844221,11.25256675596363,7.769568984545258,25.9988682
2017-11-30,7-Year,9128283J7,0.24999956875074392,0.028776021789933836,29.930951940536467,0.17857112053624563,51.94423182477153,17.485326980668102,0.18214254294697052,28.000048300000003
2017-11-30,5-Year,912828M80,0.2941153330631884,0.08141259476855586,26.034471640554003,0.1470576665315942,53.669098338711606,19.63561021983136,0.13823420653969856,34.0002675
2017-12-15,3-Year,9128283L2,0.001250001364584823,0.2265994140376937,35.67458061141717,0.20833356076413717,53.419224982653944,10.386678005456822,0.08333342430565487,23.9999738
2017-12-15,10-Year,9128283F5,0.0,0.03244150600167861,36.59110676935475,0.12500002312500427,48.27734893130956,14.949102765584014,0.025000004625000856,19.9999963
2017-12-15,30-Year,912810RZ3,0.0,0.015549206939609891,30.982990727695718,0.0,55.60289478930558,13.265224451193749,0.13334082486534368,11.9993258
2018-01-02,7-Year,9128283P3,0.0,0.02902707433251381,28.503280926183244,0.267856510524452,56.28445998561411,14.751090176890692,0.16428532645499722,28.000066099999998
2018-01-02,5-Year,912828N30,0.000588234880623128,0.09112611241429157,36.31895976402534,0.147058720155782,41.99110577684035,21.262926229884208,0.18823516179940097,34.0000239
2018-01-02,2-Year,9128283N8,0.002019244546691638,0.7114187002183623,47.453650702985954,0.0,35.49510757046473,16.337803781784267,0.0,25.999822599999998
2018-01-16,30-Year,912810RZ3,0.0,0.02167591588244632,22.89644719730308,0.0,66.31908589851881,10.754457623226116,0.008333365069565307,11.999954299999999
2018-01-16,10-Year,9128283F5,0.0,0.043775416607831366,24.519143291032037,0.0,54.666183360920705,20.720898026689262,0.049999904750181456,20.000038099999998
2018-01-16,3-Year,9128283Q1,0.0,0.23587174623329604,36.025990179522374,0.10416651779535165,49.7374289169245,13.814980256090717,0.08156238343376034,24.0000343
2018-01-31,5-Year,9128283U2,0.1470582461095337,0.13306271282728935,28.769489978620232,0.07352912305476685,51.3850982379231,17.854724011598368,1.6370376898667178,34.0001335
2018-01-31,2-Year,9128283S7,0.0,1.312197822553126,27.97851038153475,0.09615523670650006,50.120147891369506,20.48145003943134,0.011538628404780007,25.999624
2018-01-31,7-Year,9128283V0,0.0,0.06293101366689102,12.962530959391225,0.26785689700277665,62.78284594574497,23.77383532187258,0.14999986232155496,28.000025700000002
2018-02-15,30-Year,912810SA7,0.0,0.061247635940326554,32.8251011983028,0.0,52.75987060643848,14.272521257667718,0.08125930165068583,15.998168499999998
2018-02-15,10-Year,9128283W8,0.0,0.1807380925651883,29.003227834092087,0.12499954531415391,40.8860596102915,29.72997519054858,0.07499972718849233,24.0000873
2018-02-15,3-Year,9128283X6,0.0019231104887515306,0.2768567552921366,41.925766381260914,0.03846220977503061,37.495635212279204,20.26135633090396,0.0,25.9995462
2018-02-28,7-Year,9128283Z1,0.0,0.3710116640936718,23.77684850609233,0.17241344470938413,47.20400806362508,25.727448012811944,2.748270308667583,29.000058600000003
2018-02-28,5-Year,9128284A5,0.2914294823538677,0.24166246965354804,32.11132894226818,0.07142879469457541,45.532225177869556,19.426203577904896,2.3257215552553756,34.9998906
2018-02-28,2-Year,9128283Y4,0.0003571420943893842,0.8989098658996436,41.825873171885156,0.014285683775575365,39.729558006158264,17.502444762635825,0.02857136755115073,28.0000598
2018-03-15,30-Year,912810SA7,0.0,0.018623857471421076,28.958479136306554,0.0,51.94180848771438,19.081088518507638,0.0,12.9999921
2018-03-15,10-Year,9128283W8,0.0,0.07737998599790728,29.539880368974025,0.11904759750567284,46.895696276016864,23.201329134997582,0.16666663650794197,21.0000038
2018-03-15,3-Year,9128284B3,0.0010713946082194909,0.3540069922640595,42.38575458586535,0.01071394608219491,40.46514582630588,14.976221682344102,1.807085572530208,28.0008876
2018-04-02,2-Year,9128284C1,0.0025000967537443697,1.0789784231316417,42.39884416860266,0.0,43.35061933563495,13.135723352493741,0.033334623383258266,29.998839
2018-04-02,7-Year,9128284F4,0.0,0.07697802975961285,34.62182845888053,0.08620739328466959,49.157128074348314,15.8923398486203,0.1655181951065656,28.9998329
2018-04-02,5-Year,9128284D9,0.0,0.16326884454783197,31.369826151470555,0.07142856591836777,53.73739585454375,14.45522345631133,0.20285712720816443,35.0000027
2018-04-16,30-Year,912810SA7,0.1153847316569219,0.013768475412848303,26.503872861594964,0.0,60.39011470080789,12.823012921651483,0.1538463088758959,12.9999869
2018-04-16,10-Year,9128283W8,0.0,0.1822105332967258,42.10110316746272,0.0,44.71338287350511,12.78901820430575,0.214285221429705,21.0000483
2018-04-16,3-Year,9128284G2,0.0,0.28470884458315016,43.29789233861815,0.0,41.94891132103557,14.415154253985197,0.05333324177793495,30.0000515
2018-04-30,7-Year,9128284M9,0.24137896159384517,0.04863061939231198,23.51810395142912,0.17241354399560369,62.32363064275436,13.530325278598996,0.16551700223577953,29.0000419
2018-04-30,5-Year,9128284L1,0.0,0.17542053268896327,29.8219505607683,0.0714291373514225,55.91280298915054,9.546932781841726,4.471463998199048,34.9997227
2018-04-30,2-Year,9128284J6,0.00781347597640079,1.1679674525845225,45.59507025172822,0.0,43.53731321858331,9.663707087612497,0.02812851351504284,31.9960029
2018-05-15,3-Year,9128284P2,0.0016129334188794506,0.26055229672573516,44.59893163742029,0.08064667094397253,40.640567216811476,14.385430576302044,0.03225866837758901,30.999419700000004
2018-05-15,10-Year,9128284N7,0.0,0.1810585187743883,31.926694943911883,0.10000006560004304,44.68748931499299,22.419456707163597,0.6853004495570949,24.9999836
2018-05-15,30-Year,912810SC3,0.0,0.11808450374946712,31.544039533438212,0.0,62.1002395813546,6.143518895505891,0.09411748595183288,17.0000291
2018-05-31,7-Year,9128284R8,0.11666572400761671,0.06872811134352702,23.744048148090965,0.166665320010881,63.75243088035849,11.710798710079757,0.4406631061087694,30.000242399999998
2018-05-31,5-Year,9128284S6,0.1388893800171688,0.16159473808361552,36.15987453200078,0.1388893800171688,54.04516333192478,7.894472360175875,1.461116277780616,35.9998727
2018-05-31,2-Year,9128284Q0,0.007879000635680802,1.23503001621962,46.34681211043248,0.0,41.69667139102657,10.62269593588935,0.09091154579631695,32.999108899999996
2018-06-15,30-Year,912810SC3,0.07142842040848257,0.05064632149063456,29.32868870505817,0.0,60.639189648570465,9.695761643246811,0.2142852612254477,14.0000296
2018-06-15,10-Year,9128284N7,0.0,0.04622355820380158,30.490939351684364,0.0,46.502194096289976,20.48269263835608,2.4779503554657625,22.0000372
2018-06-15,3-Year,9128284T4,0.0,0.23997258152639034,42.59891212354708,0.0,39.334977765083906,17.654262695272156,0.17187483457047176,32.0000308
2018-07-02,2-Year,912828XY1,0.0005147300171350975,1.0118145010199273,44.96937324043588,0.0,43.72516784301692,10.101944250574242,0.19118543493589338,33.9984058
2018-07-02,7-Year,912828XZ8,0.0,0.05354693199539637,26.238900009930322,0.16666645500026883,60.59123638246313,12.596317336010317,0.35333288460056994,30.000038099999998
2018-07-02,5-Year,9128284U1,0.13888847801047477,0.10133525577209056,32.3557826141431,0.0,55.364091770117405,12.012124186354836,0.027777695602094955,36.0001065
2018-07-16,30-Year,912810SC3,0.0,0.03524214814346508,30.133947377234964,0.05000000750000112,61.31295205408567,8.18214408446447,0.28571432857143503,13.9999979
2018-07-16,10-Year,9128284N7,0.11363604235628026,0.030834912821291936,27.130927838922204,0.0,60.69695339315905,11.230604611654234,0.7970432010869497,22.0000622
2018-07-16,3-Year,912828Y20,0.00014242404173581995,0.32605105571593657,53.861749861473676,0.0,33.65298288291805,12.037861825437124,0.12121195041346382,33.0000465
2018-07-31,7-Year,912828Y79,0.0,0.024864273410434415,25.292325712161702,0.49999879500290406,62.63247238907488,11.01700678234699,0.5333320480030976,30.0000723
2018-07-31,5-Year,912828Y61,0.0,0.09361381795519479,26.689611692307558,0.0,64.69930621730657,7.870248461102261,0.6472198113284251,36.0001341
2018-07-31,2-Year,912828Y46,0.004285806822406163,1.2518936015998494,42.045782114215534,0.07143011370676938,48.351001110043974,8.121318208004851,0.15428904560662185,34.9992443
2018-08-15,30-Year,912810SD1,0.0,0.04559359853609816,31.891635503013177,0.0,58.10271296411374,9.671167365067951,0.2888905692690335,17.9998953
2018-08-15,10-Year,9128284V9,0.0,0.1131101118459995,30.681172165019433,0.09615361427570712,46.35884974231235,22.27763858431003,0.47307578223647895,26.0000627
2018-08-15,3-Year,9128284W7,0.0015000045088370826,0.2697296343049596,48.73849944337186,0.0,44.5455456633755,6.312371915423816,0.13235333901503668,33.9998978
2018-08-31,7-Year,9128284Z0,0.2258064894901208,0.046789685267947204,23.06839096631074,0.08064517481790029,59.681139043287835,15.83580910794217,1.0614195328832763,30.999994800000003
2018-08-31,5-Year,9128284X5,0.18918886092094941,0.15142189942470421,26.4906275486949,0.0,63.497468201690296,8.471295571427682,1.1999979178414506,37.000064200000004
2018-08-31,2-Year,9128284Y3,0.002778195340537461,1.0919563432606143,43.61098528664414,0.06945488351343652,42.70583535372033,12.296734310277946,0.22225562724299686,35.9945892
2018-09-17,10-Year,9128284V9,0.0,0.0670291546235645,24.143486973519213,0.10869569139887997,46.881256048453274,28.295184123914268,0.5043480080908029,22.9999917
2018-09-17,30-Year,912810SD1,0.0,0.021581297796129627,29.175895957024657,0.0,59.63987445967338,10.81598218968266,0.34666609582316216,15.0000247
2018-09-17,3-Year,9128285A4,0.008571390367517221,0.27899904217569776,45.37051891997281,0.0,39.32953898834051,14.869515153018176,0.142856506125287,35.000156
2018-10-01,5-Year,9128285D8,0.0,0.1016547500246231,36.1426456193498,0.0789475830338244,51.92698326466766,11.412925761979768,0.33684302094431745,37.9998967
2018-10-01,7-Year,9128285C0,0.16129032258064516,0.07541032258064517,27.02991225806452,0.24193548387096775,59.399838709677425,12.510967741935483,0.5806451612903225,31.0
2018-10-01,2-Year,9128285B2,0.0,1.2726240307616667,47.8480696801507,0.0,44.15927402857326,6.6119090221663015,0.1081232383480776,36.9948224
2018-10-15,10-Year,9128284V9,0.0,0.07051212651404173,32.21567888219332,0.0,46.977556913596835,20.223215271144017,0.5130368065517895,23.0002991
2018-10-15,30-Year,912810SD1,0.0,0.013278037267024596,24.884951177096305,0.0,61.35106552532391,13.390704249909927,0.3600010104028359,14.9999579
2018-10-15,3-Year,9128285F3,0.0,0.25671778101015086,47.04150524727911,0.06944437017754856,42.15428825166395,9.728045151951711,0.7499991979175245,36.0000385
2018-10-31,7-Year,9128285J5,0.0,0.06525000273629043,32.67126330556911,0.16129032934443316,51.334453765638386,15.322581287721151,0.4451613089906356,30.9999987
2018-10-31,5-Year,9128285K2,0.1282053583173098,0.10593608757759308,41.60174133645881,0.0,44.819157367718354,12.878292345652929,0.46666750427500764,38.99993
2018-10-31,2-Year,9128285G1,0.0026316371827291305,1.1717872462077719,43.364702509956324,0.0,38.85247818549753,16.459449756613168,0.14895066454246877,37.9991591
2018-11-15,30-Year,912810SE9,0.0,0.029116389427071482,40.428610432288956,0.0,48.58920518941454,10.65831441717197,0.2947535716974589,18.9989216
2018-11-15,10-Year,9128285M8,0.0,0.17067339353025296,26.51232118222563,0.0925908169064817,53.20590962888868,19.499996403772673,0.5185085746762976,27.000517799999997
2018-11-15,3-Year,9128285L0,0.0016216260526052406,0.2468060797863423,51.28823068216545,0.06891910723572273,35.3152316316194,13.052163772263711,0.02702710087675401,36.999898900000005
2018-11-30,7-Year,9128285N6,0.0,0.04365022369907616,18.059239823233987,0.07812484106477646,53.90433877586079,27.40447549902016,0.5101708371212033,32.0000651
2018-11-30,5-Year,9128285P1,0.0,0.11934291437145893,32.61337659990229,0.009999992825005148,54.495285899632364,12.736994611206365,0.02499998206251287,40.0000287
2018-11-30,2-Year,9128285Q9,0.0025640904865789132,0.8953745005052374,36.86668788690859,0.0,40.91598676239055,21.191182235380086,0.12820452432894566,39.0001837
2018-12-17,3-Year,9128285R7,0.0,0.2656060592735234,38.73861829764912,0.0,45.24215121965888,15.687834882905962,0.06578954051253327,37.9999614
2018-12-17,30-Year,912810SE9,0.0,0.026105012563037294,23.552842584805493,0.0,62.07704549957814,14.019006746646998,0.32500015640632524,15.9999923
2018-12-17,10-Year,9128285M8,0.0,0.04918991783770364,27.6242801791119,0.0,58.42517178439412,13.418017404307445,0.4833407143488254,23.9996335
2018-12-31,7-Year,9128285T3,0.0,0.036964506142891734,20.66849234520943,0.0,65.05219115018717,13.74235445157347,0.49999754688703557,32.000157
2018-12-31,5-Year,9128285U0,0.0012195556648450878,0.06846756240233401,39.450186646408895,0.12195556648450878,40.802515336485676,19.02880728534065,0.526848047213078,40.9985386
2018-12-31,2-Year,9128285S5,0.0012499727349697186,0.9510480052653851,49.718190521969234,0.0,31.77064450281678,17.558866997213624,0.0,40.0008725
2019-01-15,3-Year,9128285V8,0.0,0.17147103602094121,43.50942216883752,0.0,44.444664327126624,11.87444246801492,0.0,38.000062
2019-01-15,30-Year,912810SE9,0.0,0.013754936828822416,28.496451675188883,0.0,66.76928237579276,4.3891571410347865,0.3313538711547602,15.9949844
2019-01-15,10-Year,9128285M8,0.0,0.021531436964644313,23.99187499611455,0.0,59.26632337924135,16.245266063060313,0.4750041246191488,23.9997916
2019-01-31,5-Year,9128285Z9,0.12195108209414653,0.0847855142172986,27.116174566652074,0.0,58.968445747751375,13.186692457922158,0.5219506313629471,41.0000462
2019-01-31,2-Year,9128285X4,0.009412529249434644,0.7730291521880905,29.190590709760635,0.0,55.632422877754095,14.329544529059623,0.06500020198812767,39.9998757
2019-01-31,7-Year,9128286A3,0.10937464384881597,0.04612797479578207,18.100117623991984,0.0,60.57486525309501,20.660141162915334,0.5093733413530572,32.0001042
2019-02-15,30-Year,912810SF6,0.0,0.0352839868281818,28.729479405712304,0.0,61.31890149005209,9.663690065830247,0.2526450515771715,18.9989868
2019-02-15,10-Year,9128286B1,0.0,0.09598930867597744,30.34227487991189,0.0,52.59802337453796,16.52297146923346,0.4407409676407204,26.999986099999997
2019-02-15,3-Year,9128286C9,0.001315806624184762,0.19540965227370452,37.96957385078758,0.0,50.5401324349367,11.280410189135964,0.01315806624184762,37.9995047
2019-02-28,7-Year,9128286F2,0.31249925097835785,0.05336393459331927,17.36245838435756,0.0,60.8907921773825,20.893387421162025,0.48749883152623813,32.0000767
2019-02-28,5-Year,9128286G0,0.0,0.08066193626754352,21.49377357676392,0.0,59.04654368893336,18.84975260346049,0.5292681945746761,41.0000076
2019-02-28,2-Year,9128286D7,0.00250003461922939,0.7290288452269343,40.6164124357712,0.0,47.09239861198978,11.547159899296707,0.012500173096146948,39.9994461
2019-03-15,3-Year,9128286H8,0.002631573441839773,0.24796921806439906,42.9106668053155,0.0,43.75389530435062,13.07167923161845,0.013157867209198865,38.0000795
2019-03-15,10-Year,9128286B1,0.0,0.14638646416539122,22.853208386395067,0.0,59.38876284554473,17.136642960977237,0.4749993429175757,24.0000332
2019-03-15,30-Year,912810SF6,0.0,0.013379426009061663,29.968922381516585,0.0,61.06516406093798,8.640032940125584,0.31250119141079225,15.999939
2019-04-01,7-Year,9128286L9,0.0,0.024377186966749034,15.984624650336334,0.0,62.60224863057581,20.901249542785163,0.48749998933593774,32.0000007
2019-04-01,5-Year,912828W71,0.0,0.07267889040747623,26.07085862788737,0.0,55.9773510507139,17.357157670455393,0.5219537605358684,40.9998004
2019-04-01,2-Year,912828C57,0.0014000149451595394,0.7522405301676596,33.129278655049646,0.0,53.28394380610013,12.820636860298485,0.012500133438924461,39.999573
2019-04-15,30-Year,912810SF6,0.0,0.016158949058053707,27.210350822509195,0.0,64.395262019134,8.078224513628227,0.30000369567052604,15.9998029
2019-04-15,10-Year,9128286B1,0.0,0.06784448948178955,20.923043973122503,0.0,61.98101009293604,16.56143542334766,0.4666660211120041,24.0000332
2019-04-15,3-Year,9128286M7,0.0,0.23907558028249368,40.768086771443414,0.0,43.62247704924087,15.370360599033225,0.0,38.0004097
2019-04-30,5-Year,9128286R6,0.0,0.08063233420235578,26.28275607631954,0.0,58.46949716038541,13.56894577500464,1.5981686540880669,41.0000533
2019-04-30,2-Year,912828WG1,0.0004374999595312538,0.5340539506000096,37.84574699926841,0.0,47.754887832672885,13.847873719071686,0.01699999842750015,40.00000369999999
2019-04-30,7-Year,9128286S4,0.0,0.19010432500152002,22.460387494719953,0.0,61.65482626133212,13.644662238757494,2.05001968018893,31.9996928
2019-05-15,10-Year,9128286T2,0.0,0.26386556046064896,37.58827568110319,0.0,45.12232343323036,16.60331250248889,0.4222228227169034,26.999961600000002
2019-05-15,3-Year,9128286U9,0.0013158065203039463,0.21947047487670485,44.181203958071286,0.0,44.186282971239656,11.411726789292064,0.0,37.999507699999995
2019-05-15,30-Year,912810SH2,0.0,0.11999421431560678,29.927435155603217,0.0,65.10385995064821,4.585552776385877,0.2631579030470917,18.9999994
2019-05-31,7-Year,9128286X3,0.24999975859398313,0.07887773633368586,32.13481271982147,0.0,51.561325211095344,15.481235050932405,0.49374952322311666,32.0000309
2019-05-31,5-Year,912828XT2,0.0,0.09807269934844615,25.670598993317945,0.0,57.47624521973365,16.238011116222996,0.5170719713769639,41.0000951
2019-05-31,2-Year,9128286V7,0.0,0.4604344780686943,26.221031632504925,0.0,53.93428426823862,19.38424962118774,0.0,39.994746000000006
2019-06-17,30-Year,912810SH2,0.0,0.04896784032649026,25.3230322450741,0.0,68.24795557329124,5.998791691602257,0.38125264970591544,15.9998888
2019-06-17,10-Year,9128286T2,0.0,0.020577499485562513,21.41529946461751,0.0,63.52787341180316,14.569582969093759,0.46666665500000026,24.0000006
2019-06-17,3-Year,9128286Y1,0.0,0.15441047262702445,30.215335008368044,0.0,57.40413706951468,12.226117449490243,0.0,38.0002075
2019-06-26,10-Year,9128286T2,0.0,0.0,100.0,0.0,0.0,0.0,0.0,0.0250004
2019-07-01,5-Year,9128286Z8,0.0,0.06391703513230104,25.09505433367498,0.0,54.254272590140204,20.177000187346227,0.40975585370627243,41.0000244
2019-07-01,2-Year,9128287A2,0.0,0.4244979187379227,27.410698395752615,0.0,53.02867107889675,19.136132606612712,0.0,39.9999841
2019-07-01,7-Year,9128287B0,0.0,0.023006727341835495,20.567975491217787,0.0,56.232279984493175,22.695458199755976,0.4812795971912285,31.998032100000003
2019-07-15,30-Year,912810SH2,0.0,0.04533559468182105,35.092239032065144,0.0,56.05305626451863,8.553119280101482,0.2562498286329271,16.0000107
2019-07-15,10-Year,9128286T2,0.0,0.019219575565421542,27.61408883930576,0.0,56.763864557938085,15.32782713833653,0.2749998888542116,24.0000097
2019-07-15,3-Year,9128287C8,0.0,0.22089071874931504,35.16369973146205,0.0,52.71630238754928,11.899107162239352,0.0,37.9950776
2019-07-31,7-Year,912828Y95,0.0,0.055152112182896805,26.798666528071024,0.07812489331069258,57.92073340199845,14.672323713107929,0.47499935132901083,32.0000437
2019-07-31,5-Year,912828Y87,0.0,0.11106128680010001,34.7219813689467,0.0,53.681121950996314,11.485835393256886,0.0,41.0000652
2019-07-31,2-Year,9128287F1,0.01350003796885679,0.4736525821478873,31.685426615262358,0.0625001757817444,49.98701558848134,17.777905000357812,0.0,39.9998875
2019-08-15,30-Year,912810SJ8,2.631576786705375,0.04579785713439098,27.60697733321861,0.0,59.29460394758833,10.284202082444605,0.1368419929086795,19.0000156
2019-08-15,10-Year,912828YB0,0.0,0.10142246826561745,32.47093062392429,0.0,55.17020976476813,12.02039953096923,0.23703761207272558,26.999934500000002
2019-08-15,3-Year,912828YA2,0.006578955211228185,0.10558617850141803,35.412568531298795,0.0,52.49104152221528,11.984224812773263,0.0,37.9999547
2019-09-03,2-Year,912828YC8,0.00033750054253212216,0.4228149296749995,33.62750405621278,0.0,56.195327833989495,9.741515659486423,0.012500020093782302,39.999935699999995
2019-09-03,7-Year,912828YD6,0.09375000351562514,0.018005000675187528,35.875001345312555,0.0,54.939493310231015,8.683125325617201,0.39062501464843813,31.999998799999997
2019-09-03,5-Year,912828YE4,0.09756083569324053,0.04967992875171194,24.234172561723256,0.0,56.11617561875302,19.097533586951833,0.40487746812694814,41.0000588
2019-09-16,30-Year,912810SJ8,3.1252678354534984,0.1047964810584267,28.952123697000832,0.0,59.400090587763366,8.223954792925753,0.1937666057981169,15.9986288
2019-09-16,10-Year,912828YB0,0.0,0.009852066790071182,26.391067351666074,0.20833298350753188,63.99534670781366,9.112068032652429,0.28333285757024335,24.0000403
2019-09-16,3-Year,912828YF1,0.0,0.08814269420665115,38.58523478424578,0.0,52.0797738461551,9.24684867539248,0.0,37.999973
2019-09-30,7-Year,912828YG9,0.0,0.01973342263826608,22.382028143535056,0.1562498823243074,64.11637358735615,13.053740168901937,0.27187479524429486,32.0000241
2019-09-30,5-Year,912828YH7,0.0,0.04075983075764122,29.093364510040843,0.0,58.26926526882491,12.342951389162177,0.25365900121441437,40.9999249
2019-09-30,2-Year,912828YJ3,0.0,0.3732291383686398,29.373978475683092,0.1000013097671547,55.17109485341485,14.969196059045384,0.012500163720894337,39.999476099999995
2019-10-15,10-Year,912828YB0,0.0,0.013799972112556357,30.486986307548502,0.10416645616361986,59.47704647346859,9.693001245393319,0.22499954531341884,24.0000485
2019-10-15,30-Year,912810SJ8,0.0,0.016974979948304936,24.93594866941063,0.0,60.77376883598555,14.13580767707718,0.13749983757831685,16.0000189
2019-10-15,3-Year,912828YK0,0.0006578940322029708,0.07401386809567286,39.13528808404671,0.0,51.05228742557636,9.711436966960934,0.02631576128811883,38.0000407
2019-10-31,7-Year,912828YQ7,0.0,0.014340601024307663,22.071838098645678,0.156249738769968,64.71554649119571,12.804525467433983,0.23749960293035136,32.0000535
2019-10-31,5-Year,912828YM6,0.0,0.08311814185390844,24.31448392688771,0.0,61.91473472057895,13.434005134390684,0.25365807628875914,41.000074399999995
2019-10-31,2-Year,912828YP9,0.0,0.266933599099103,31.907017313816567,0.0,51.49910419052336,16.326944896560974,0.0,40.000135
2019-11-15,10-Year,912828YS3,3.703701412895792,0.07798624806035767,25.155347403914753,0.18518507064478962,52.33445800053893,18.543321863945366,0.0,27.000016700000003
2019-11-15,3-Year,912828TY6,0.0013157945083295138,0.12724680267592395,31.69569759353764,0.0,55.849613698258736,12.299810220852796,0.026315890166590274,37.99985459999999
2019-11-15,30-Year,912810SK5,5.263937428460129,0.060384205423094674,23.61657631372494,0.0,55.06048282529081,15.993355289672554,0.005263937428460128,18.997186300000003
2019-12-02,5-Year,912828YV6,0.32926809672825463,0.06763020365422028,23.780524872077883,0.0,58.669355328481224,17.153221499058425,0.0,41.0000244
2019-12-02,2-Year,912828YT1,0.0,0.482934812445406,24.14118556691417,0.0,46.33959027401707,29.023789222059598,0.012500124563741277,39.9996014
2019-12-02,7-Year,912828YU8,0.26249949222754476,0.02399807857871675,22.722713858250383,0.0,61.29386580967833,15.696922761265034,0.0,32.0000619
2019-12-16,10-Year,912828YS3,0.0,0.02658290426131134,27.06438320328784,0.2083332361111565,58.036540832947615,14.664159823392083,0.0,24.0000112
2019-12-16,3-Year,912828YW4,0.0,0.1492028819590607,29.359104447235772,0.0,56.94468898668953,13.547003684115635,0.0,38.0001373
2019-12-16,30-Year,912810SK5,0.0,0.027346785745109157,17.97961156863543,0.0,64.90067551411109,17.09236613150839,0.0,15.9989552
2019-12-31,7-Year,912828YX2,0.0,0.023484997651500233,18.12081381291862,0.15624998437500157,61.13014857448514,20.569302630569737,0.0,32.0000032
2019-12-31,5-Year,912828YY0,0.0,0.07277681861802655,23.20243562891186,0.0,60.000399756039066,16.724387796431056,0.0,41.000006
2019-12-31,2-Year,912828YZ7,0.0022500330304848874,0.41452058516219015,34.54449961325432,1.250018350269382e-05,52.25340457997923,12.764562383775793,0.02075030461447174,39.9994128
2020-01-15,30-Year,912810SK5,0.0,0.06746239037361565,21.249652969313928,0.0,65.16915660012053,13.513728040191936,0.0,16.000026
2020-01-15,10-Year,912828YS3,0.0,0.017063726039684684,30.603248694604957,0.20833304079902187,50.79721367224581,18.374140866310533,0.0,24.0000337
2020-01-15,3-Year,912828Z29,0.0,0.12739856117033702,37.32006974614317,0.0,49.06905787277832,13.483473819908182,0.0,38.000036699999995
2020-01-31,5-Year,912828Z52,0.2926827847710386,0.06698362602502055,28.440261318019505,0.4878046412850644,59.075255717131995,11.466280288317616,0.17073162444977255,41.0000199
2020-01-31,2-Year,912828Z60,0.0,0.651206210125052,30.994654697514285,0.24999134717449595,55.94181871379976,12.099831194592776,0.06249783679362399,40.0013845
2020-01-31,7-Year,912828Z78,0.2749999776562518,0.029413747610133004,27.09416342359922,0.4687499619140656,62.677682407438304,9.279727996022102,0.17526248575992304,32.0000026
2020-02-18,30-Year,912810SL3,10.526337285362455,0.02659163325028264,21.53412292231418,0.0,53.84360995431927,13.932495820044096,0.1368423847097119,18.9999612
2020-02-18,10-Year,912828Z94,0.0,0.08030221478683196,26.35917496674306,0.11111110082304622,50.18978424168664,23.059627494478935,0.1999999814814832,27.0000025
2020-02-18,3-Year,912828Z86,0.00473684252908591,0.13466474889105648,40.88776681627387,0.1315789591412753,49.95506762755868,8.886185005606025,0.0,37.9999966
2020-03-02,7-Year,912828ZB9,0.0,0.011467186389116322,28.846856580460774,0.15624998486328276,56.9099944868443,13.847306783542157,0.22812497790039282,32.000003099999994
2020-03-02,5-Year,912828ZC7,0.0,0.06778801306777849,31.53690850738479,0.0,54.65999559375842,13.549942129786585,0.185365756002431,41.0000216
2020-03-02,2-Year,912828ZA1,0.0011875028292254906,0.415199489212783,46.48443649916996,0.1875004467198143,39.52248166231256,13.356694322324222,0.03250007743143448,39.9999047
2020-03-16,3-Year,912828ZD5,0.0,0.11038956922425937,48.442031707757124,0.0,33.196791698555764,18.250787024462863,0.0,38.0000577
2020-03-16,30-Year,912810SL3,0.0,0.09643500120543753,23.815155297689444,0.0,69.63576962044714,6.321390079017378,0.13125000164062506,15.999999799999998
2020-03-16,10-Year,912828Z94,6.25,0.015504166666666666,31.826958333333334,0.0,50.84420416666667,10.73,0.33333333333333337,24.0
2020-03-31,2-Year,912828ZG8,0.0,0.4687667040471487,40.70361833502066,0.0,46.363259824096616,12.464355136835579,0.0,39.9996626
2020-03-31,7-Year,912828ZE3,5.62495744368134,0.03678440920295412,32.75608030477994,0.0,52.14076489752557,9.44141294481019,0.0,32.0002421
2020-03-31,5-Year,912828ZF0,4.3902427888164635,0.03188974800845416,39.74296699202788,0.0,45.609293308862185,10.225607162285012,0.0,41.0000104
2020-04-15,30-Year,912810SL3,0.0,0.020601761070277457,28.430612629891893,0.1176470380622874,64.3964927535601,7.034645817415444,0.0,17.000003
2020-04-15,10-Year,912828Z94,0.0,0.006855599204750492,30.164892500872465,0.0,56.293453469959395,13.534798429963383,0.0,25.000002900000002
2020-04-15,3-Year,912828ZH6,0.0,0.06873655003504091,46.4461527374567,0.0,41.3124325787682,12.172678133740053,0.0,39.9998254
2020-04-30,7-Year,912828ZN3,4.285709142863315,0.01842540646094082,24.48174347905068,0.0,54.44928494657235,16.76483702505271,0.0,35.000042
2020-04-30,5-Year,912828ZL7,0.0,0.038251799707025115,21.444419426654722,0.0,56.08184115372672,22.435487619911523,0.0,43.0000683
2020-04-30,2-Year,912828ZM5,0.0,0.2858656257534478,28.634634189220836,0.0,49.96989500300002,21.109605182025685,0.0,41.999838100000005
2020-05-15,10-Year,912828ZQ6,9.43748988419053,0.03546402448699875,22.488786832331613,0.0,42.821767537917914,25.216491721072938,0.0,32.0000343
2020-05-15,30-Year,912810SN9,0.045454331612576275,0.02992485921713959,36.29346561937765,0.0,54.97110502230137,8.646413868007484,0.013636299483772884,22.0001035
2020-05-15,3-Year,912828ZP8,0.0,0.0690583094917741,36.510868347438304,0.0,50.50888732431271,12.91118601875721,0.0,42.0000145
2020-06-01,20-Year,912810SR0,0.0999998495002265,0.011687982409586474,28.07452024784703,0.8999986455020386,57.77202055310907,13.141772721632053,0.0,20.0000301
2020-06-01,7-Year,912828ZS2,7.894736156509756,0.02390341897680836,27.953997572416,0.0,48.91715364666824,15.210209205429203,0.0,38.000003299999996
2020-06-01,5-Year,912828ZT0,0.0,0.03706509109596193,35.51766970934725,0.0,50.42549499245492,14.019770207101867,0.0,45.0000243
2020-06-01,2-Year,912828ZR4,0.0,0.3338140731503767,34.16245591862909,0.0,47.05070106350837,18.453028944712155,0.0,43.9998226
2020-06-15,10-Year,912828ZQ6,0.0,0.004445170129895347,33.96338186019346,0.0,53.711144817377324,12.321028152299329,0.0,29.0000149
2020-06-15,3-Year,912828ZU7,0.0,0.03937454232247958,34.93478972109627,0.0,51.32566864454908,13.700167092032162,0.0,44.000003500000005
2020-06-15,30-Year,912810SN9,0.0,0.00476157571450912,29.236618044611955,0.0,62.511630189472136,8.246990190201396,0.0,19.0000129
2020-06-30,2-Year,912828ZX1,0.0,0.23090013820603333,33.78366260057991,0.0,53.40998738811468,12.575449873099394,0.0,45.999149599999996
2020-06-30,5-Year,912828ZW3,4.085098099790449,0.02927504702314934,25.286380642721802,0.0,55.623174449180325,14.976071761284281,0.0,47.0000953
2020-06-30,7-Year,912828ZV5,4.3902366531945995,0.005396820356957606,25.01059284836254,0.0,60.226229821566854,10.367543856519045,0.0,41.0000677
2020-06-30,20-Year,912810SR0,0.0,0.0070259483141971125,26.108133344593043,0.05882408166608434,57.419392007939074,16.40662461748758,0.0,16.999840400000004
2020-07-15,30-Year,912810SN9,3.1578924099740133,0.0049526279296425784,20.715146315155344,0.06380416351272163,54.76856227579622,21.28964220763206,0.0,19.000014
2020-07-15,10-Year,912828ZQ6,6.206893255649789,0.013227234355192791,22.19832959123187,0.0,53.102033869954425,18.47951604880872,0.0,29.0000154
2020-07-15,3-Year,912828ZY9,0.0,0.030943472610322396,35.529480468529655,0.0,48.8453932543195,15.594182804540532,0.0,46.0000084
2020-07-31,20-Year,912810SR0,10.588229626300611,0.0025288221757481296,24.563399204298072,0.3952939060485562,59.17996302719626,5.270585413980749,0.0,17.0000091
2020-07-31,7-Year,91282CAD3,7.013635040609753,0.004268862831100875,23.057518377786305,0.0,57.06853468934459,12.856043029428243,0.0,44.000008300000005
2020-07-31,5-Year,91282CAB7,3.6734744331597824,0.035937600379602155,32.54218245079345,0.0,54.60552561126272,9.14287990440444,0.0,48.9999327
2020-07-31,2-Year,91282CAC5,0.0,0.3413088211350427,43.12457261345076,0.0,44.74908733508144,11.78503123033276,0.0,47.9998728
2020-08-17,3-Year,91282CAF8,0.0,0.06376049503894182,33.28499091280133,0.0,48.731084898625184,17.92016369353454,0.0,47.999941
2020-08-17,10-Year,91282CAE1,7.894732146817196,0.028231562157018296,22.101367381818346,0.0,48.42778698768458,21.54788192152286,0.0,38.0000226
2020-08-17,30-Year,912810SP4,0.0,0.031196915637658584,31.974761606018387,0.11538458786982905,56.94296719052322,10.935689699950919,0.0,26.000006199999998
2020-08-31,20-Year,912810SQ2,3.9999993600001025,0.002571999588480066,30.262259158038535,0.2799999552000072,53.086371506180555,12.368798020992317,0.0,25.000004
2020-08-31,7-Year,91282CAH4,3.1914891851516622,0.007952765517506588,18.286938562850207,0.0,51.78872734785763,26.72489213862299,0.0,47.0000026
2020-08-31,5-Year,91282CAJ0,0.23529245675912874,0.03747228450936425,20.43248714322801,0.0,52.73430109120799,26.560447024295513,0.0,51.00036
2020-08-31,2-Year,91282CAG6,0.0,0.20017580898354456,31.68103307499853,0.0,45.911167931259314,22.207623184758603,0.0,49.9999478
2020-09-15,30-Year,912810SP4,0.0,0.007016517834285728,25.088177342231738,0.14521731048775766,59.09520624266783,15.664382586778386,0.0,23.0000128
2020-09-15,10-Year,91282CAE1,0.0,0.005997993385070154,29.813949976615174,0.0,52.79125749307031,17.388794536929456,0.0,35.000038599999996
2020-09-15,3-Year,91282CAK7,0.0059999923320098,0.0465949404516661,39.06723687207128,0.0,46.2837868493204,14.59638134582464,0.0,50.0000639
2020-09-30,2-Year,91282CAN1,0.0,0.29074249249845524,36.13519082628734,0.0,45.53201279940049,18.04205388181372,0.0,51.999623
2020-09-30,5-Year,91282CAM3,2.8301846849468975,0.016556203048981356,22.54939270387596,0.0,56.89483479747843,17.709031610649724,0.0,53.0000748
2020-09-30,7-Year,91282CAL5,5.99999325600758,0.006012393242069996,23.213063908516173,0.0,53.82245950355552,16.95847093867867,0.0,50.000056199999996
2020-09-30,20-Year,912810SQ2,0.0,0.0066895686247786,27.581277349696997,0.3636376231448583,57.27301655472098,14.775378903812383,0.0,21.9999238
2020-10-15,30-Year,912810SP4,2.1739129395085115,0.0036926085190491583,26.047481362946545,0.2608695527410214,60.50587014971926,11.008173386565621,0.0,23.0000011
2020-10-15,10-Year,91282CAE1,8.571413289823163,0.04508677675957514,24.597876145500813,0.1428568881637194,52.723934572185215,13.918832327567504,0.0,35.000062400000004
2020-10-15,3-Year,91282CAP6,0.0,0.05552253556330345,33.939654185745496,0.0,48.121873763633296,17.88294951505791,0.0,52.000146799999996
2020-11-02,20-Year,912810SQ2,0.0,0.006909540869122877,24.432461058457662,0.9090903057855244,60.54858254503158,14.102956549856108,0.0,22.0000146
2020-11-02,7-Year,91282CAU5,0.0,0.005237923233645389,27.456038496715014,0.09433959932360847,52.87340768600678,19.57097629472095,0.0,53.000013100000004
2020-11-02,5-Year,91282CAT8,0.0,0.07083139963263853,26.281490154830898,0.0,55.05258832561444,18.595090119922016,0.0,55.000325000000004
2020-11-02,2-Year,91282CAR2,0.0,0.2565695764707799,34.050184264630175,0.01574093062300385,42.013375324308996,23.664129903967023,0.0,53.999348600000005
2020-11-16,30-Year,912810SS8,0.0,0.010929279539144625,24.069963181672424,0.44444526913733273,62.59693096689784,11.766618129909938,1.1111131728433317,26.9999499
2020-11-16,10-Year,91282CAV3,0.0,0.027479993163513898,33.28782415766326,0.1219511891731188,48.72496958549537,17.837775074504737,0.0,41.0000102
2020-11-16,3-Year,91282CAW1,0.0,0.06552215975791098,48.18634009570344,0.0,37.846523620824605,13.901614123714022,0.0,54.000204100000005
2020-11-30,2-Year,91282CAX9,0.0,0.22448519609305312,39.481024154991026,0.0,40.69557366353697,19.590167040378603,0.008749945000345712,56.000352
2020-11-30,20-Year,912810ST6,3.7037034842249787,0.0038174071811906854,25.789075879165875,0.7888888421399204,57.60021880887592,12.114295578412113,0.0,27.0000016
2020-11-30,7-Year,91282CAY7,0.0,0.005039997984000806,21.61075028427131,0.08928567857144287,61.47928790828484,16.815636130888407,0.0,56.0000224
2020-11-30,5-Year,91282CAZ4,0.0,0.023080879177128207,31.51996148154054,0.0,53.9068905990134,14.55006704026892,0.0,56.99999510000001
2020-12-15,10-Year,91282CAV3,0.13157888919670163,0.015262624831260601,24.743854850085224,0.13157888919670163,56.95299587341235,18.024728873277763,0.0,38.0000168
2020-12-15,3-Year,91282CBA8,0.2678566946754948,0.07493326747772923,37.12776109158546,0.0,46.906707229313085,15.607027457527273,0.015714259420962363,56.0000937
2020-12-15,30-Year,912810SS8,1.6666660486113403,0.011381662445966842,20.648052343013923,0.14583327925349227,71.3206910519104,6.207375614764876,0.0,24.0000089
2020-12-31,7-Year,91282CBB6,0.16949149727090385,0.009695591609884783,25.06717109053768,0.08474574863545192,57.88936326583458,16.7795328061115,0.0,59.0000098
2020-12-31,2-Year,91282CBD2,0.17931026568374478,0.22142766088710136,36.0493504678729,0.0,43.69186864634763,19.85804295920863,0.0,58.0000256
2020-12-31,20-Year,912810ST6,4.3124869367583205,0.0026208253944164095,28.451237983124944,0.7499977281318818,52.81383376809521,13.669822758495226,0.0,24.0000727
2020-12-31,5-Year,91282CBC4,0.08474571114625372,0.0198411743678278,27.41455959012391,0.0,59.180150431061016,13.300703093301,0.0,59.0000359
2021-01-15,30-Year,912810SS8,0.0,0.014538332242958417,17.72388533737527,0.1249999906250007,61.65358412598118,20.48299221377558,0.0,24.0000018
2021-01-15,10-Year,91282CAV3,0.0,0.02189105055768995,22.25328736547804,0.13157893490304828,62.85282299289045,14.74041965617077,0.0,38.0000036
2021-01-15,3-Year,91282CBE0,0.17241336444815253,0.039903693894609314,35.58410118573463,0.0,44.415958538254806,19.787623217667793,0.0,58.0001442
2021-02-01,20-Year,912810ST6,2.1874982773451066,0.010595408322782612,27.797253109663174,0.3333330708335401,61.49628490500897,8.175035228826424,0.0,24.0000189
2021-02-01,7-Year,91282CBJ9,0.01612901927680545,0.009319186047945422,21.699776083567315,0.12096764457604088,63.407327999586016,14.746480066945884,0.0,62.0000499
2021-02-01,5-Year,91282CBH3,0.081967127250829,0.02876865838824146,27.279348472944793,0.01147539781511606,58.13165221946595,14.4503946986849,0.0163934254501658,61.0000639
2021-02-01,2-Year,91282CBG5,0.0004166698646078776,0.1706354762939472,29.942356474252605,0.0,46.73753371057123,23.149057669017612,0.0,59.9995395
2021-02-16,30-Year,912810SU3,0.0925938336929042,0.03452972208542307,26.05388699635941,0.0,59.94891464860043,13.870074799261847,0.0,26.9996381
2021-02-16,10-Year,91282CBL4,0.0,0.04931946383798911,21.733246983499303,0.12195109994062885,53.24706242605098,24.848420026671096,0.0,41.0000402
2021-02-16,3-Year,91282CBM2,0.0,0.046739976468839435,33.55312103877354,0.0,48.65911343368772,17.718611769250625,0.022413781819268463,58.0000292
2021-03-01,5-Year,91282CBQ3,0.08196724657351541,0.037696900633652886,31.476578422406604,0.0,51.288963558937596,17.106597146791298,0.008196724657351542,60.99997509999999
2021-03-01,2-Year,91282CBN0,0.16667030896848534,0.17812972606161354,32.910999715047105,0.008333515448424268,47.7008174218634,19.03504931261098,0.0,59.9986888
2021-03-01,7-Year,91282CBP5,0.08064512955256192,0.01653934832967582,42.64190257318673,0.08064512955256192,49.12412582856984,8.056141990808637,0.0,62.000024399999994
2021-03-01,20-Year,912810SW9,0.0,0.012835184709807974,30.775500712018495,0.1851851783264749,48.59703523714685,20.429443687798386,0.0,27.000000999999997
2021-03-15,30-Year,912810SU3,0.020833331857638995,0.023840414977970605,22.628148397172822,0.0,66.27966197185728,11.047515884134292,0.0,24.0000017
2021-03-15,10-Year,91282CBL4,0.10526313490305211,0.08615287591924024,27.21579431865545,0.0,58.9595926482995,13.633197022222754,0.0,38.000008300000005
2021-03-15,3-Year,91282CBR1,0.02155152003017323,0.053555182450659995,35.748604539509074,0.0,47.58610105094297,16.590187707067113,0.0,58.0005493
2021-03-31,20-Year,912810SW9,0.06249999895833336,0.00915291651411806,23.489739191837682,0.20833332986111122,68.69869135502181,7.531583207806946,0.0,24.000000399999998
2021-03-31,7-Year,91282CBS9,0.18548531685570382,0.09207604032823048,27.81834588075104,0.0862909952328709,55.85256441200613,15.965237354826026,0.0,61.9995167
2021-03-31,5-Year,91282CBT7,0.17622963877999462,0.0653234910265868,27.76449188450874,0.0,53.46290846759775,18.514653063316693,0.016393454770232057,60.999954800000005
2021-03-31,2-Year,91282CBU4,0.17084735221281913,0.1718906044835509,33.6726476757717,0.8334017181113129,45.861713182875214,19.283165613487746,0.006333853057645979,59.995076700000006
2021-04-15,3-Year,91282CBV2,1.8966200384296947,0.08250728217177906,34.78445703808963,0.0,43.727437086014085,19.508978555294828,0.0,57.997910899999994
2021-04-15,30-Year,912810SU3,0.15416645276071345,0.029230376109519816,20.54586940927286,0.41666608854246884,68.5790402632483,10.275027410066134,0.0,24.000033300000002
2021-04-15,10-Year,91282CBL4,0.28947376419669796,0.03561027299757543,26.049357197848693,0.13157898372577181,59.20237951644697,14.291600264784282,0.0,37.999989500000005
2021-04-30,2-Year,91282CBX8,0.1666655958402134,0.137299951181147,40.78561295243678,0.0,42.584693060013755,16.325728440528103,0.0,60.0003855
2021-04-30,5-Year,91282CBW0,0.09836054673486953,0.06682877839958329,27.27585174020365,0.0,58.04204879274594,14.516910141915975,0.0,61.000067599999994
2021-04-30,7-Year,91282CBZ3,0.09677415390220147,0.038234500465220776,24.90244947544812,0.14193542572322881,59.79359647165564,15.027009972805594,0.0,62.0000254
2021-04-30,20-Year,912810SW9,0.1541666358333395,0.018274163011834064,23.181445363710928,1.24999975000005,62.54069999186,12.855414095583848,0.0,24.0000048
2021-05-17,30-Year,912810SX7,0.981481070713478,0.039554057519968516,23.411126127936104,0.29999987444449705,62.539362715007464,12.728476154378498,0.0,27.000011299999997
2021-05-17,10-Year,91282CCB5,0.14389513476696397,0.0904519939343957,21.192165728406977,0.18291754419529319,53.65133758137136,24.739232017325012,0.0,41.0020812
2021-05-17,3-Year,91282CCC3,0.17241381599286867,0.07492811339562884,34.419373534985795,0.0,51.55879994832344,13.760691482022835,0.013793105279429493,57.9999923
2021-06-01,20-Year,912810SY5,0.11111120740749086,0.0189781645958908,26.72388427181081,0.8962970730870928,59.23601430084202,13.013714982256689,0.0,26.9999766
2021-06-01,7-Year,91282CCE9,0.12903220624351716,0.03476192152303474,21.968962951174554,0.2354837763944188,58.46596039028364,19.16579875438082,0.0,62.00002490000001
2021-06-01,5-Year,91282CCF6,0.016393433834995304,0.05447915112347144,23.239331804489343,0.0,58.016281030616554,18.673514579935627,0.0,61.000032700000006
2021-06-01,2-Year,91282CCD1,0.0,0.17521919457690613,26.75875516763357,0.00833335051392431,56.438158023335795,16.619534263939805,0.0,59.999876300000004
2021-06-15,30-Year,912810SX7,0.06249999817708338,0.013275832946121538,21.916359777439503,0.24249999292708355,68.16840634508814,9.596958053422055,0.0,24.0000007
2021-06-15,10-Year,91282CCB5,0.013157884903054438,0.0265334012224054,17.069651716365556,0.1315788490305444,59.50059553113386,23.258482617344566,0.0,38.000028400000005
2021-06-15,3-Year,91282CCG4,0.0,0.05799258890655155,29.2549782584214,0.0,48.833321238792536,21.853707913879504,0.0,57.999997300000004
2021-06-30,2-Year,91282CCK5,1.0026020920963654,0.1661525133715779,33.064371494321854,0.8400017528036575,48.02275354081239,16.83745180081609,0.06666680577806805,59.9998748
2021-06-30,5-Year,91282CCJ8,0.36721325321155457,0.040528867740392764,26.73066581648056,0.08196724402043627,54.810273780922905,17.96935103762416,0.0,60.999976999999994
2021-06-30,20-Year,912810SY5,0.0,0.016312480357054904,20.21058149642478,0.20833308246557988,71.45129312740119,8.113479813351391,0.0,24.0000289
2021-06-30,7-Year,91282CCH2,0.2419393135361662,0.02732720675678566,21.41536317802295,0.17419630574603967,61.97672457995973,16.16444941597834,0.0,61.9990186
2021-07-15,30-Year,912810SX7,0.14583316137173058,0.006170826056900941,25.677979304716075,0.41666617534780165,62.24666076747919,11.50668976502832,0.0,24.000028299999997
2021-07-15,10-Year,91282CCB5,0.13157864369876177,0.016827329585347245,20.131532485910554,0.13157864369876177,61.50459489597441,18.083888001132166,0.0,38.0000877
2021-07-15,3-Year,91282CCL3,0.5517225683754521,0.061610169557276266,30.318734438083066,0.0,55.87590138752192,13.097204120022763,0.09482731643953082,58.000164999999996
2021-08-02,20-Year,912810SY5,1.4124990171361007,0.005637912743619049,23.206090519095348,0.8583327360768044,65.72494593305845,8.792493881889673,0.0,24.0000167
2021-08-02,7-Year,91282CCR0,0.33064324729255723,0.01509749325015601,25.923178002764757,0.12096704169239898,59.078746719964556,14.53136749503558,0.0,62.000358899999995
2021-08-02,5-Year,91282CCP4,0.08196714552545213,0.03278243198432248,26.86652702645394,0.0,58.30111258121372,14.701217385717467,0.016393429105090427,61.000050300000005
2021-08-02,2-Year,91282CCN9,0.0,0.22066085057985454,27.76272381949014,0.0,52.03652322170539,19.98009210822462,0.0,59.99972339999999
2021-08-16,10-Year,91282CCS8,2.4390204402205558,0.03765262194794885,10.328450102217397,0.30487755502756947,49.25462462177867,37.635374658807876,0.0,41.000066399999994
2021-08-16,30-Year,912810SZ2,0.3703703511659819,0.010033703183437614,22.165099961809634,0.02962962809327855,62.510367129092096,14.914499226655597,0.0,27.000001399999995
2021-08-16,3-Year,91282CCT6,0.6465520819710661,0.07327176469006288,28.330722576141287,0.0,51.10623949155668,19.741489891410787,0.10172419423011439,57.9999679
2021-08-31,7-Year,91282CCV1,0.9999997322581363,0.022711445532096843,23.26015909486063,0.02741934749740051,57.6305974730981,18.047096780938602,0.012016125815037283,62.000016599999995
2021-08-31,2-Year,91282CCU3,0.0,0.13103656820267698,20.12595511181749,0.014999969650061404,54.683392357269454,25.00278274436958,0.04183324869072681,60.000121400000005
2021-08-31,5-Year,91282CCW9,0.3688524088282788,0.05064868163304824,22.42442727667629,0.008196720196183973,60.844040901548546,16.28703073471549,0.016803276402177148,61.0000083
2021-08-31,20-Year,912810TA6,0.0,0.004930362518311545,22.297530044674374,0.09259244513055036,65.25700384995683,12.336647019414007,0.011296278305927145,27.000042999999998
2021-09-15,3-Year,91282CCX7,0.0,0.05002926999105579,26.47641471619126,0.01379313985740883,54.940662265782635,18.49013501447708,0.028965593700558543,57.9998469
2021-09-15,10-Year,91282CCS8,0.4342104908933547,0.023087103379736306,13.515788371080422,0.1315789366343499,65.2315736258453,20.635208842917173,0.02855262924965393,38.0000031
2021-09-15,30-Year,912810SZ2,0.0,0.0067624968159910835,16.465578497456793,0.583333058680685,71.75281204971768,11.173180572627482,0.018333324701392956,24.000011299999997
2021-09-30,20-Year,912810TA6,0.0,0.0040933324123335404,18.884770750926585,1.2083330614583945,69.45780103866143,10.4197934888798,0.02520832766145961,24.0000054
2021-09-30,7-Year,91282CCY5,0.06935483322840835,0.10369660470784899,21.551435393515593,0.08064515491675389,61.24589838540481,16.936792209834163,0.01217741839242984,62.00000489999999
2021-09-30,5-Year,91282CCZ2,0.008344265495996928,0.06327641771587171,27.415777729986868,0.0,56.69308732161055,15.794432288355994,0.025081976834725538,60.9999766
2021-09-30,2-Year,91282CDA6,0.0,0.14601586837872357,36.16131142079868,0.0,47.72884404995404,15.755306951673404,0.2085217091951443,59.9937534
2021-10-15,30-Year,912810SZ2,0.0,0.005702182432512192,14.762756564406793,0.28750499659725337,57.21063760653941,27.705064824272423,0.028333825751613376,23.9995829
2021-10-15,10-Year,91282CCS8,0.3289470083106435,0.04515074004550563,11.99209213497282,0.13157880332425742,52.35569084219107,35.10232999323875,0.044210477916950486,38.0000416
2021-10-15,3-Year,91282CDB4,1.7241371076103815,0.06607583051206026,38.59999018586676,0.008620685538051906,43.67330017671699,15.832703645415675,0.09517236834009306,58.0000277
2021-11-01,20-Year,912810TA6,0.15832998597354653,0.007237346990422377,21.846954785630906,0.20832892891256127,65.73127866455023,12.00807946252003,0.03979082542229919,24.0005074
2021-11-01,7-Year,91282CDF5,0.008064509820504415,0.022949175596209414,19.59150080342276,0.11290313748706182,60.59153324694577,19.636920122731837,0.036129003995859776,62.0000485
2021-11-01,5-Year,91282CDG3,0.0,0.0627784419490346,20.036170345828214,0.0,57.2827203311075,22.56767521009312,0.05065567102212486,61.00008030000001
2021-11-01,2-Year,91282CDD0,0.0,0.15333704497886652,21.92069709673781,0.0,51.35337473032325,26.44784109136672,0.12475003659334406,59.99998240000001
2021-11-15,3-Year,91282CDH1,0.04464280229598575,0.17231907400799476,28.170358247845584,0.0,50.80020544546188,20.692296006607762,0.12017842378079363,56.0000688
2021-11-15,10-Year,91282CDJ7,0.11025670059905517,0.043613191771148585,16.762360038317333,0.12820546581285486,46.64905873995725,36.24060825411456,0.06589760942780738,38.9998973
2021-11-15,30-Year,912810TB4,0.09999988040014306,0.007903590547305704,28.071462426530935,0.23999971296034325,56.795852072160926,14.732382380070671,0.052399937329674955,25.0000299
2021-11-30,20-Year,912810TC2,0.0652187881206534,0.0074584206094779225,24.478089474211956,0.8913234376489299,59.458021261794514,15.046409211355543,0.0534794062589358,22.9995074
2021-11-30,7-Year,91282CDL2,0.08655839615247776,0.030148321582953372,20.68135742364966,0.12711728434376018,56.357337845492985,22.614854707884643,0.10262602089352905,59.0006311
2021-11-30,5-Year,91282CDK4,0.042372842789463426,0.09886041849483944,29.046244749434862,0.08983042671366247,49.236778914999526,21.345658537934515,0.14025410963312393,59.0000537
2021-11-30,2-Year,91282CDM0,0.9482744527369342,0.24812238985948265,41.64380879833934,0.02586203052918911,35.322671641132835,21.457899143605065,0.3533615437971539,58.0000862
2021-12-06,20-Year,912810TC2,0.0,0.0,100.0,0.0,0.0,0.0,0.0,0.0250001
2021-12-15,30-Year,912810TB4,0.04545458140498711,0.012239100589106827,23.798518822464885,0.4545458140498711,62.12559459024298,13.442737904710885,0.1209091865372657,21.999982600000003
2021-12-15,10-Year,91282CDJ7,0.017097199235987695,0.06355102567028771,15.361521013955082,0.1388887021607449,59.840363992399524,24.395244979726193,0.18333308685218325,36.0000484
2021-12-15,3-Year,91282CDN8,1.062585693656589,0.1522667891715503,31.958544358043483,0.00925919914305149,45.73629564545826,20.697254510047568,0.3837938044794842,54.000350600000004
2021-12-31,20-Year,912810TC2,0.0,0.00979796345359632,18.03993271105099,0.24999906750347825,66.33177758246963,15.18799334878481,0.1804993267375113,20.000074599999998
2021-12-31,7-Year,91282CDP3,0.09821424257017203,0.01044570969706324,24.52479279803745,0.1339285125956891,61.13958921368046,13.931958165604092,0.1610713578150821,56.000024599999996
2021-12-31,5-Year,91282CDQ1,0.11736805885892011,0.05443913024836823,23.0460648455648,0.13157854132165933,61.089720251196624,15.34275967032586,0.21806950248376336,57.0001759
2021-12-31,2-Year,91282CDR9,1.1641868843178824,0.28243125599661373,27.638018596172547,1.012491699376086,50.89572381737849,18.45447370627003,0.5526740404883573,56.0004591
2022-01-18,10-Year,91282CDJ7,0.09722218063273384,0.01699777050650928,18.84435304991564,0.0,62.992268053307555,17.863603469458518,0.18555547617904627,36.0000154
2022-01-18,3-Year,91282CDS7,0.0,0.1815314532355667,24.993904095858163,0.0,51.78225352520855,22.651157677557013,0.3911532481407072,52.0000795
2022-01-18,30-Year,912810TB4,0.10351131799728253,0.019782718550346818,21.028540728325222,0.39090891855379495,67.63796563235151,10.695881647724912,0.12340903649692482,22.0000097
2022-01-31,20-Year,912810TC2,0.025001284566001005,0.003626186313452785,20.578862341947126,0.9050465012892364,64.11336514470113,14.184588804172757,0.18950973701028762,19.9989724
2022-01-31,7-Year,91282CDW8,0.07145726619444766,0.034220054123409824,17.308163075071985,0.0,59.129742403050635,23.284531084975885,0.17188611658364725,53.0002084
2022-01-31,5-Year,912828Z78,0.01909087733063135,0.07923532272669037,16.689335871377597,0.04545446983483656,62.983440673003244,19.94762499622387,0.23581778950313204,55.000091499999996
2022-01-31,2-Year,91282CDV0,0.0,0.4291092576374787,27.102656038358415,0.016666673796299346,43.76192612778692,28.117234250150204,0.5724076522706808,53.9999769
2022-02-15,30-Year,912810TD0,0.0,0.01339564902884762,16.8411395242542,0.0,65.27787597823782,17.745197572866658,0.12239127561248313,23.0000054
2022-02-15,10-Year,91282CDY4,0.0,0.052418928269322346,8.993169171754504,0.0,47.85494475250366,42.92054819663833,0.17891895083419124,36.999993399999994
2022-02-15,3-Year,91282CDZ1,0.1000003768014198,0.18275608862494194,22.766193583017422,0.0,51.32875340674284,25.20449497053705,0.4178015742763319,49.9998116
2022-02-28,5-Year,91282CEC1,0.0,0.10003850672604687,16.159434208070063,0.05794329630156072,66.66648125818136,16.77846163110579,0.23764109961516028,53.0000914
2022-02-28,20-Year,912810TF5,0.07895937689555144,0.019415584382770128,19.626827035758026,0.2631979229851715,61.81067411178491,18.00300113010871,0.19792483808484893,18.9971104
2022-02-28,7-Year,91282CEB3,0.009999989960010081,0.019110780812776066,15.362090576461062,0.0,61.47884987523473,22.946248961966045,0.18369981556538517,50.0000502
2022-02-28,2-Year,91282CEA5,0.0,0.5583432116700369,18.57664224375333,0.009615403494859556,60.40958976575222,19.836577409895263,0.6092319654343015,51.99989789999999
2022-03-15,3-Year,91282CED9,0.10416557054104833,0.15127465814937852,30.607266463952275,0.0,51.06508764633813,17.49169093639392,0.5805147246252623,48.0005051
2022-03-15,10-Year,91282CDY4,0.0,0.010606773659247176,15.692754423001528,0.0,62.35662028338241,21.678253593114064,0.2617649268427471,33.9999713
2022-03-15,30-Year,912810TD0,0.0,0.02096399654094057,15.13248950313923,0.32499994637500884,72.8262459836694,11.507300601295398,0.1879999689800051,20.000003300000003
2022-03-31,20-Year,912810TF5,0.0,0.02091906261270353,19.645409011213786,0.09376821037250567,58.65852497716635,21.2547528058371,0.32662593279756136,15.996892699999998
2022-03-31,7-Year,91282CEE7,0.0,0.028952098707475764,12.981283827226815,0.0,67.43233682298234,19.29402325916823,0.263403991915157,47.000046999999995
2022-03-31,5-Year,91282CEF4,0.0,0.1432049664869269,22.80766604243622,0.04313691995646465,61.96140300557668,14.707140705338839,0.33744836020488944,51.000395999999995
2022-03-31,2-Year,91282CEG2,0.10999901704878366,1.4127429757287688,22.822126061481516,0.013999874897117919,56.348326471354646,18.41943540392523,0.8733701955639325,50.0004468
2022-04-18,10-Year,91282CDY4,0.044117417907764626,0.05457206948742731,19.449693093652932,0.0,57.864087682415146,22.30606061028518,0.2814691262515383,34.0001766
2022-04-18,30-Year,912810TD0,0.14999973600046465,0.023172959215591784,18.289872809823855,0.39999929600123907,66.17343853474819,14.75651702853003,0.20699963568064123,20.0000352
2022-04-18,3-Year,91282CEH0,0.02282609946125449,0.47342134630908533,30.14870129885375,0.0,52.00112870496616,16.726965685207286,0.6269568652024565,45.999974800000004
2022-05-02,20-Year,912810TF5,0.0,0.027020251953611914,10.546859790206458,1.562984564289544,74.63028287844938,12.877117228268691,0.35573528683230016,15.995039600000002
2022-05-02,2-Year,91282CEK3,0.027104834857314308,1.933975593194155,14.47400264765277,0.006250154079319209,63.28494968918682,19.350017226570507,0.9236998544591205,47.9988167
2022-05-02,7-Year,91282CEM9,0.021602238801938605,0.0470592442774141,17.631206401900855,0.09090894814072008,63.57379788751286,18.313380330577704,0.3220449487885008,44.000069100000005
2022-05-02,5-Year,91282CEN7,0.010204053998408867,0.18385929799737055,18.552410165207576,0.0,64.23106237832698,16.66297528210572,0.35948882236394436,49.000132699999995
2022-05-16,30-Year,912810TG3,0.1364258899777039,0.019296532631413035,16.316536441333387,0.0,71.80862076108274,11.487423738495943,0.23169663647880046,21.989961
2022-05-16,3-Year,91282CEQ0,0.011111135703758136,0.5025886679518072,21.227602539315843,0.0,65.48989161762678,12.07424894655989,0.694557092841921,44.9999004
2022-05-16,10-Year,91282CEP2,0.0,0.14169973391938853,13.367502676578308,0.0,60.18455365344925,26.018188921400803,0.28805501465225025,36.0000676
2022-05-31,2-Year,91282CER8,0.027435296077534553,1.4229842357682327,16.964416931609467,0.0,65.60418335607287,14.990586204194878,0.9903939762770325,47.0014975
2022-05-31,7-Year,91282CES6,0.0,0.040570918765048265,8.023802875515711,0.0,71.84285713972788,19.715626521338024,0.37714254465332014,42.0000348
2022-05-31,5-Year,91282CET4,0.010416776042815115,0.189049068348551,18.746946842941853,0.013541808855659651,68.67084396052825,11.96586397490507,0.4033375683778013,47.999496
2022-05-31,20-Year,912810TH1,0.0,0.07129224516407644,14.62002201561378,0.17647032145369052,72.61378140151871,12.152258099233345,0.36617591701640784,17.0000257
2022-06-15,30-Year,912810TG3,0.0,0.011351583846473027,16.605270324379823,0.0,71.93495209824249,11.044215292766598,0.4042107007646182,18.9999918
2022-06-15,10-Year,91282CEP2,0.07575731175482268,0.043408939635513386,19.091130439999983,0.0,60.34856242167641,19.94296080483356,0.4981800820997138,33.000115
2022-06-15,3-Year,91282CEU1,0.12727276082645514,0.40520601591794964,25.80124543851016,0.0,55.69263468260368,17.181595438784253,0.7920456633574929,43.9999884
2022-06-30,20-Year,912810TH1,0.006156911577157255,0.09477429701408573,14.25660731787225,0.0,74.96786245722383,10.16676095002974,0.5078380662829243,14.000525900000001
2022-06-30,7-Year,91282CEV9,0.12499993375003511,0.06704296446722884,20.30190173999208,0.0,69.19760082527156,9.86070477382647,0.4477497626926258,40.0000212
2022-06-30,5-Year,91282CEW7,0.05351010877549804,0.21389171316945113,25.630810193833586,0.0893608178358218,61.62999650826858,11.885839827572259,0.4965908305447811,47.00046510000001
2022-06-30,2-Year,91282CEX5,0.11456688757727844,1.7301619618828616,24.5271456066053,0.09956666890017747,58.3270546548446,14.006704193387653,1.1948000268021297,45.9993294
2022-07-15,30-Year,912810TG3,0.0,0.011266838665912408,13.588714799234431,0.0,77.16317907650323,8.685786822233498,0.5510524633629322,19.0000058
2022-07-15,10-Year,91282CEP2,0.07575754614326227,0.03522089532274092,22.735960809275923,0.0,63.69071752696194,12.795979846419996,0.6663633758761349,33.0000129
2022-07-15,3-Year,91282CEY3,0.06976805435908189,0.359596412735949,21.079812968125477,0.0,62.664055713512376,14.889433040952863,0.9373338103142651,42.999622499999994
2022-08-01,2-Year,91282CFA4,0.0022223161471795626,1.431366495909746,19.359684892993286,0.0,59.29632923752393,18.499448535581553,1.4109485218443045,44.9980981
2022-08-01,5-Year,91282CFB2,0.054347927575803895,0.129041762710596,18.455110549869485,0.0,72.63974434247912,8.149363044136642,0.5723923732283664,45.9999141
2022-08-01,7-Year,91282CFC0,0.06578940443220586,0.037347329108074624,12.698091896745373,0.0,73.90594325690184,12.658355096468322,0.6344730163441934,38.00004
2022-08-01,20-Year,912810TH1,0.07142857346938782,0.13991357542610217,9.894581711273762,0.0,80.24336157838177,8.898571682816335,0.7521428786326538,13.999999599999999
2022-08-15,30-Year,912810TJ7,0.04763046827128029,0.014354394222915743,15.527532656437376,0.0,69.19016634498078,15.128865637006758,0.09145049908085816,20.994964700000004
2022-08-15,10-Year,91282CFF3,0.0,0.07960541742667013,11.515978387763024,0.0,64.08070531441552,24.2705680306919,0.05314284970285818,35.0000049
2022-08-15,3-Year,91282CFE6,0.528622768797041,0.5033736358681418,19.877370850796968,0.0,62.88802643345743,16.202606311080388,0.0,42.00065020000001
2022-08-31,20-Year,912810TK4,0.0,0.1585510426754445,16.69368741243925,0.0,69.64672224953408,13.24903233995925,0.2520069553919688,14.999586
2022-08-31,7-Year,91282CFJ5,0.0,0.054276929740295916,9.890162155607966,0.0,72.5011726078419,17.37114721689703,0.18324108991281368,37.0004348
2022-08-31,5-Year,91282CFH9,0.007444556708359608,0.1980172083217237,22.248691065816832,0.0,65.14992690534218,12.385031210715102,0.010889053095809573,44.9993214
2022-08-31,2-Year,91282CFG1,0.012988499541601422,1.7426714152681595,24.017315181236672,0.02272703331863766,54.98454578779608,19.19020693952463,0.02954514331422895,44.000463499999995
2022-09-15,30-Year,912810TJ7,0.0,0.018069003526677927,14.477380184267613,0.0,73.08724980910712,12.26063334246265,0.1566676606359358,17.9998858
2022-09-15,10-Year,91282CFF3,0.0,0.041188425529613826,21.927318627373023,0.0,64.0696220047661,13.855933473119334,0.10593746921192301,32.0000093
2022-09-15,3-Year,91282CFK2,0.005878014372598794,0.4957336835101453,24.66469708469999,0.0073170303393346,60.082314152307404,14.707474883073857,0.03658515169667299,41.00024
2022-09-30,5-Year,91282CFM8,0.005113611318562745,0.4672238480286534,23.472612310273796,0.0,62.98345516057756,13.060231489093502,0.011363580707917214,44.0002155
2022-09-30,7-Year,91282CFL0,0.0,0.15251681267101672,14.00755587507239,0.0,71.34045429550756,14.288373622240705,0.21109939450832865,36.0019981
2022-09-30,2-Year,91282CFN6,0.10137582237458019,4.034314640129438,22.964877749154837,0.011629668736329035,55.66242058157369,17.190492531822148,0.034889006208987106,42.993486
2022-09-30,20-Year,912810TK4,0.0,0.08921778156060794,9.270931068795159,0.0,76.95173032438673,13.338126258923163,0.3499945663343577,12.0001863
2022-10-17,30-Year,912810TJ7,0.0,0.022396666168962975,15.549721876672844,0.08333333148148152,73.36954836956558,10.851666425518523,0.12333333059259266,18.0000004
2022-10-17,10-Year,91282CFF3,0.07812419776214423,0.047693572746624856,21.979875856649798,0.0,68.98533535683755,8.807722055704138,0.10124896029973891,32.0003286
2022-10-17,3-Year,91282CFP1,0.06653850110799996,0.9290301240732445,27.539477538046203,0.0,56.90838321010347,14.525318864851005,0.031251761818072495,39.997745
2022-10-31,20-Year,912810TK4,0.0,0.19567008454274898,17.985801257001626,0.22104053304500085,69.11328564207278,12.484202483337839,0.0,11.9887514
2022-10-31,7-Year,91282CFT3,0.0,0.1251142042113184,16.38139647154744,0.0,73.00492472822046,10.241707613973325,0.24685698204745168,35.0000228
2022-10-31,5-Year,91282CFU0,0.00023255707463981404,0.4851370808490414,18.201846885031358,0.0,68.13889031284877,13.173893164196185,0.0,43.0001969
2022-10-31,2-Year,91282CFQ9,0.12162551142401326,3.248937873273988,25.363687149107417,0.0,58.07697339820939,13.176870906435498,0.01190516154969688,41.9985901
2022-11-15,30-Year,912810TL2,0.03964902976151366,0.11612229839946511,11.822443068874353,1.9057452420818872,71.15213443729154,14.085357366991502,0.87854855659975,20.9891643
2022-11-15,10-Year,91282CFV8,0.07144170833401906,0.3077254425764537,26.557019094834068,0.0,62.005494604649314,10.83199181760397,0.22632733200217237,34.9935641
2022-11-15,3-Year,91282CFW6,0.0031249962343795376,0.9161443960460027,21.401124211645325,0.0,63.996997883617546,13.65385854710045,0.02874996535629174,40.0000482
2022-11-30,2-Year,91282CFX4,0.00645232523194377,2.2801950707916148,21.786865426283565,0.03214257956872358,58.24949697398684,12.621081484136804,5.023766140000499,42.000362700000004
2022-11-30,7-Year,91282CFY2,0.0,0.1124225725545359,24.02491209511614,0.0,61.344849667108804,10.837862390112967,3.6799532751075588,35.0004444
2022-11-30,5-Year,91282CFZ9,0.0017558226386854708,0.3128357334921049,16.832985590140346,0.0,68.10551130330825,10.681775163106446,4.065136387314176,42.9997873
2022-11-30,20-Year,912810TM0,0.0,0.5819154697588518,11.007316636750557,2.6684403967880144,76.6372412851972,8.218796422107083,0.8862897893982783,14.990029400000001
2022-12-15,30-Year,912810TL2,0.05559073368066609,0.6250082864937393,17.13364226401157,0.0,60.256019232614946,19.694991989236303,2.234747493962777,17.9886095
2022-12-15,10-Year,91282CFV8,0.0,0.6211013974697849,23.722221560241234,0.0,59.39975728495678,13.419411945318513,2.837507812013695,31.9999119
2022-12-15,3-Year,91282CGA3,0.01977498848106921,0.7455328157271348,18.354989308218723,0.0,61.56246413986464,14.292241674769224,5.024997072939205,40.0000233
2023-01-03,20-Year,912810TM0,0.0,0.3853231124460394,10.271471073027925,0.0,66.62179410285445,22.721411711671593,0.0,11.9886917
2023-01-03,7-Year,91282CGB1,0.0714285191837117,0.3722871562699656,18.634443513092744,0.0,61.16356954893198,19.75827126252159,0.0,35.0000256
2023-01-03,5-Year,91282CGC9,0.06087210802893827,0.4592501132104931,18.4422836160048,0.0,66.02844627677979,14.997752534329695,0.011395351646295989,42.9999894
2023-01-03,2-Year,91282CGD7,0.017499412746809922,2.914639362597465,20.13813747782045,0.0,56.79611115799399,20.09312674008029,0.04048584876099193,41.9899805
2023-01-17,30-Year,912810TL2,0.0,0.14369747760971344,10.786821911972007,0.05555543950641526,72.7630035617259,16.250921609185973,0.0,18.0000376
2023-01-17,10-Year,91282CFV8,0.0,0.6809556381878442,17.156581014784955,0.07812650735330125,68.74814203446537,13.336194805208523,0.0,31.9993826
2023-01-17,3-Year,91282CGE5,0.011499869936471018,0.5678120780453974,17.360553652138194,0.0,58.52408809256367,23.511046590063064,0.024999717253197867,40.0004524
2023-01-31,7-Year,91282CGJ4,0.0010000118258541347,0.16639082483321138,7.435087925225494,0.0,71.28755731199918,21.109963926116258,0.0,34.9995861
2023-01-31,2-Year,91282CGG0,0.023237812677358707,1.4999477137310142,17.184552948781167,0.16880747119105866,56.38042158377851,24.72398508240044,0.019047387440457957,42.0005107
2023-01-31,20-Year,912810TM0,0.0,0.14403076131795264,9.474995262502368,3.3333316666675,70.94848369242482,16.099158617087355,0.0,12.000006
2023-01-31,5-Year,91282CGH8,0.0034883842699181145,0.23249127667303784,10.302894103823371,0.0,69.4313586429519,20.018372203666694,0.01139538861506584,42.9998499
2023-02-15,3-Year,91282CGL9,0.0006249962422100936,0.6806196577743076,20.357502600515616,0.0,59.48861982467331,19.472632920794563,0.0,40.000240500000004
2023-02-15,10-Year,91282CGM7,0.009002482498852507,0.6925626933952945,6.724711530095222,0.0,54.749857664321354,37.79814425112114,0.025721378568150016,34.990348499999996
2023-02-15,30-Year,912810TN8,0.047619018140607816,0.26965697592663396,17.562631985037346,3.8095214512486257,65.36248334703411,12.948087222612672,0.0,21.000013
2023-02-28,20-Year,912810TQ1,0.0,0.30893697084728755,7.966290652885634,0.33333294222268117,72.83146121108551,18.559978222958883,0.0,15.0000176
2023-02-28,7-Year,91282CGQ8,0.014285575797260914,0.5925665412049306,16.160243337983868,0.0,72.42443789680632,10.808466648207608,0.0,35.0003393
2023-02-28,5-Year,91282CGP0,0.0005813981801111376,0.6099078538303394,12.537270355916572,0.0,71.62681741059455,15.207050798986915,0.01837218249151195,42.9997906
2023-02-28,2-Year,91282CGN5,0.01669048072074953,1.6870828388748662,16.287918706720795,0.0,59.793778134501686,22.1907203089098,0.0238095302721106,41.999988599999995
2023-03-15,30-Year,912810TN8,0.0,0.1402342916009926,11.299132766296124,0.0,68.64855243177495,19.912080510327932,0.0,17.999877
2023-03-15,10-Year,91282CGM7,0.0,0.639603778305515,20.188507528121818,0.0,66.16694311609974,13.00494557747292,0.0,32.0001862
2023-03-15,3-Year,91282CGR6,0.01329996053236712,0.7752169495437022,17.477048136859654,0.5439983856847904,58.682703359077784,22.50273322313916,0.00499998516254403,40.0001187
2023-03-31,20-Year,912810TQ1,0.0,0.32383392378770987,13.791833777719273,0.0,70.72414860760064,15.160183690892387,0.0,11.9998546
2023-03-31,7-Year,91282CGS4,0.0,0.6172755026601298,17.482055445355428,0.0,68.5875492455576,13.313119806426851,0.0,35.0000606
2023-03-31,5-Year,91282CGT2,0.0025232527743141,0.5013373030401791,15.02295980955074,0.11627892969189399,70.35668501217944,13.988820357653614,0.011395335109805612,43.0000518
2023-03-31,2-Year,91282CGU9,0.002464386554636495,2.008347417758861,25.370085738794064,0.010714724150593456,58.05636370634918,14.55202402639266,0.0,41.9982814
2023-04-17,10-Year,91282CGM7,0.03126053597289296,0.4711581729727232,19.785465318767372,0.0,67.99066540389106,11.721450568395946,0.0,31.989214800000003
2023-04-17,3-Year,91282CGV7,0.0,0.40529504383008075,18.640593247825308,0.07501935086645924,63.97898305878509,16.90010929869305,0.0,39.989682200000004
2023-04-17,30-Year,912810TN8,0.05558707219021913,0.21512863982481087,13.17548465145327,0.0,75.26279455422792,11.291005082303775,0.0,17.9897944
2023-05-01,20-Year,912810TQ1,0.0,0.2853861204428691,14.360595820306685,0.0,70.85434415798544,14.499673901265023,0.0,11.990386899999999
2023-05-01,7-Year,91282CGZ8,0.0,0.32880036668103046,16.972885751548088,0.0,71.40664889187312,11.29166498989776,0.0,34.9904111
2023-05-01,5-Year,91282CHA2,0.0,0.2849331913581722,15.070001512687996,0.0930527026663147,71.61617481625144,12.935837777036069,0.0,42.9863925
2023-05-01,2-Year,91282CGX3,0.0028580470003114057,1.001991503821758,20.14584932991171,0.11908529167964192,62.60440014007956,16.117479717089452,0.008335970417574935,41.9867133
2023-05-15,30-Year,912810TR9,0.0,0.15076167547575556,12.272063652100778,0.0,71.89824246268564,15.678932209737825,0.0,20.989949799999998
2023-05-15,10-Year,91282CHC8,0.0,0.3443009987861029,15.46802172281315,0.0,66.8220573309853,17.365619947415446,0.0,34.9897039
2023-05-15,3-Year,91282CHB0,0.0,0.28326254030791376,13.780576613030476,0.0,69.00456950970543,16.93159133695618,0.0,39.990286
2023-05-31,7-Year,91282CHF1,0.0,0.13630850092026423,11.377184963223655,0.0,77.02178370432921,11.464722831526862,0.0,34.9901141
2023-05-31,20-Year,912810TS7,0.0,0.37562364070076293,12.565712020932551,0.16678876382526242,73.5200868011425,13.37178877339894,0.0,14.989019299999999
2023-05-31,2-Year,91282CHD6,0.0023812312741609697,0.8788234052431603,17.103810365561174,0.01190615637080485,65.15548657985798,16.829494904009103,0.018097357683623368,41.9950809
2023-05-31,5-Year,91282CHE4,0.0,0.2586409886968422,10.002821271579986,0.0,71.70382111727454,18.03471662244863,0.0,42.9848728
2023-06-15,3-Year,91282CHH7,0.005624967797059362,0.333785089080365,18.244145552266712,0.12499928437909695,70.14650891123648,11.144936195240284,0.0,40.000229
2023-06-15,10-Year,91282CHC8,0.0,0.33859389673612084,20.19937771837897,0.07812488964859336,68.71579356394159,10.66810993129472,0.0,32.0000452
2023-06-15,30-Year,912810TR9,0.0,0.10767575774670066,11.393840839545577,0.0,78.88957647042693,9.608906932280796,0.0,17.9999662
2023-06-30,20-Year,912810TS7,0.0,0.3670830566054369,9.715358722652338,0.4167013535818411,78.8716387399948,10.629218127165602,0.0,11.9990011
2023-06-30,7-Year,91282CHJ3,0.011428531624628428,0.20924527122861244,9.062825578330342,0.0,81.12053404019714,9.595966578619258,0.0,35.0001219
2023-06-30,5-Year,91282CHK0,0.058836860933376894,0.375880797691835,13.488488042580101,0.0,77.6845225935011,8.33413251464795,0.05813919064562935,43.0002546
2023-06-30,2-Year,91282CHL8,0.009644089427864846,1.1027347127645126,14.566237408801861,0.0923927579755941,74.82136038839668,9.323096031599123,0.08453461103437088,41.9946334
2023-07-17,30-Year,912810TR9,0.0,0.08908898292725977,13.357902988897601,0.0,77.67077643026401,8.882231597911131,0.0,17.999981
2023-07-17,10-Year,91282CHC8,0.0,0.48060189596950315,14.82035796741274,0.0,77.069520673994,7.629519462623752,0.0,31.9902192
2023-07-17,3-Year,91282CHM6,0.0034999960800043903,0.3989738031493405,12.012486546015069,0.0,74.14609220637674,13.43319745481885,0.0057499935600072135,40.0000448
2023-07-31,5-Year,91282CHQ7,0.0581397141703744,0.28005574733469996,15.323535625600556,0.0,70.88689022329403,13.439983305622938,0.01139538397739338,42.9998674
2023-07-31,20-Year,912810TS7,0.0,0.13662777106083882,11.559853833856783,0.0,75.97756499250316,12.325953402579227,0.0,11.848982
2023-07-31,7-Year,91282CHR5,0.04286889064793602,0.4597931445704809,16.07872078407224,0.0,68.5031011612708,14.915516019438538,0.0,34.9904086
2023-07-31,2-Year,91282CHN4,0.12496858999316238,1.1669586049215803,15.050268364431785,0.008363098756712588,69.98251792172637,13.650966627742575,0.015956792427807617,41.8505162
2023-08-15,3-Year,91282CHU8,0.0,0.5566360385425023,11.671754963848452,0.0,71.17143254238206,16.600176455226983,0.0,41.9899151
2023-08-15,10-Year,91282CHT1,0.039515523871130394,0.3513406892798204,12.924756251783961,0.0,69.14370992549611,17.540677609568974,0.0,37.959765
2023-08-15,30-Year,912810TT5,0.04351625093503368,0.2459508041472449,14.778282003478443,0.0,69.56013529863863,15.37211564280065,0.0,22.979920800000002
2023-08-31,20-Year,912810TU2,0.0,0.6422288605581807,13.437996233047167,0.0,75.50215635573416,10.417618550660482,0.0,15.990218800000001
2023-08-31,7-Year,91282CHW4,0.0005555931985380709,0.33761565217603395,10.706836529027164,0.0,80.70364845191497,8.251343773683288,0.0,35.9975609
2023-08-31,5-Year,91282CHX2,0.0,0.531160947511143,14.63667640205487,0.0,74.86571047704136,9.955580297239791,0.010871876152840158,45.9902222
2023-08-31,2-Year,91282CHV6,0.009557434419730016,1.7845003645338846,15.807640904766668,0.007779307085826757,69.9314060264505,12.414662779395815,0.04445318334758147,44.9911536
2023-09-15,10-Year,91282CHT1,0.0002857208736212861,0.4508041085404455,15.726076884115583,0.0,67.64903179339021,16.17380149308014,0.0,34.999193
2023-09-15,30-Year,912810TT5,0.0,0.1854359480348528,18.086226433284693,0.0,66.84473981897483,14.883597799705624,0.0,19.9991967
2023-09-15,3-Year,91282CHY0,0.004545463956631056,0.6112953565683406,22.36351107536043,0.0,63.46380185346248,13.545482590760546,0.01136365989157764,43.9999089
2023-10-02,7-Year,91282CHZ7,0.0,0.490375911189645,15.861705081708536,0.0,70.66983327742263,12.9780857296792,0.0,37.0000638
2023-10-02,2-Year,91282CJB8,0.015208253046430793,1.767969624927022,15.454365288829914,0.018333236549122053,68.83794700967142,13.906176586976102,0.0,48.0002534
2023-10-02,5-Year,91282CJA0,0.05163213621300383,0.5484230816016016,12.27677118864759,0.0,73.74942991642094,13.373743677116867,0.0,49.0004905
2023-10-02,20-Year,912810TU2,0.0,0.5112760971693815,11.232943392937596,0.0,72.88042073162805,15.375359778264972,0.0,13.000021
2023-10-16,30-Year,912810TT5,0.04999938725750916,0.23612260631745954,20.09010379577798,0.0,68.98290461450395,10.640869596143098,0.0,20.0002451
2023-10-16,3-Year,91282CJC6,0.012315209600595664,0.6142150462248295,23.473898193686143,0.0,62.78631897648083,13.11325257400761,0.0,46.0000291
2023-10-16,10-Year,91282CHT1,0.0,0.6015960990618534,21.648180070021024,0.0,66.14939642031504,11.60082741060207,0.0,34.9997449
2023-10-31,20-Year,912810TU2,0.0,0.6562407154080976,14.376585859163493,0.0,71.04444432290315,13.922729102525263,0.0,12.9996963
2023-10-31,7-Year,91282CJG7,0.007460498476350421,0.7111099780159241,12.671005348722147,0.0,74.9859412366719,11.624482938113667,0.0,38.0001418
2023-10-31,2-Year,91282CJE2,0.001960812314894293,1.5587279455208376,19.196676096847085,0.01372568620426005,66.4355895105851,12.780574668481002,0.012745280046812902,50.9992717
2023-10-31,5-Year,91282CJF9,0.0,0.6366657681439092,20.620850167606136,0.0,67.9826341395313,10.755042213540687,0.004807711177958681,51.9997959
2023-11-15,3-Year,91282CJK8,0.002812499003906603,0.6705135125264643,17.73182705331125,0.0,66.60485224411484,14.989994691043545,0.0,48.000017
2023-11-15,10-Year,91282CJJ1,0.10709219572505205,0.7730091445184643,17.426766620149376,0.0,52.96762249782747,28.72550954177963,0.0,39.9982461
2023-11-15,30-Year,912810TV0,0.020833154081403422,0.5407724304372131,26.75785310430558,0.8749924714189438,57.498588605893865,14.306960233862986,0.0,24.0002065
2023-11-30,20-Year,912810TW8,0.0,0.9872119776755626,10.604561465642401,1.1562881864173562,73.94149879299763,13.310439577267038,0.0,15.999471600000001
2023-11-30,7-Year,91282CJM4,0.0005126904419408016,0.9136077025627631,22.908226585714623,0.0,61.98375148639212,14.16768767259211,0.026213862296433185,39.0098944
2023-11-30,5-Year,91282CJN2,0.0026367529265657144,0.34141313350775837,17.681138261434736,0.0,70.63535587666891,11.334909849726577,0.004546125735458129,54.9918798
2023-11-30,2-Year,91282CJL6,0.005369698710556658,1.521868898824498,19.668581454936344,0.0988394886791429,63.1334919412719,15.546851644269793,0.024996873307763755,54.0067545
2023-12-15,30-Year,912810TV0,0.0,0.3057623955002018,16.584982531707585,0.9526124372031927,69.75839176538946,12.398250870199554,0.0,20.994897
2023-12-15,10-Year,91282CJJ1,0.0,0.3013909167530947,20.476373668503797,0.0,67.83803131113834,11.384204103604784,0.0,36.9889714
2023-12-15,3-Year,91282CJP7,0.011269984560121155,0.519986287618786,27.90654176803778,0.0,60.02161777038366,11.540584189399661,0.0,50.0000685
2024-01-02,20-Year,912810TW8,0.0,0.660600103772881,15.20534424644642,0.0,68.93812844687372,15.19592720290697,0.0,12.9987718
2024-01-02,7-Year,91282CJQ5,0.0,0.6419250911235399,18.917026568035926,0.0,68.99630117341545,11.432247170518824,0.012499996906250766,40.0000099
2024-01-02,5-Year,91282CJR3,0.0,0.30008516856837203,16.161089987743544,0.0,75.01448522216303,8.49416710410495,0.030172517420094313,57.9998008
2024-01-02,2-Year,91282CJS1,0.019786126047714233,1.0271464351118453,19.970688954277417,0.016140482323015688,67.69754974039631,11.246758258687432,0.021930003156271322,56.9995358
2024-01-16,3-Year,91282CJT9,0.003846146087293759,0.49763361150450297,18.822240298980628,0.0,68.3188048722571,12.34305202334313,0.014423047827351595,52.0001049
2024-01-16,10-Year,91282CJJ1,0.0,0.2474629037469905,19.17782233482545,0.0,67.58464745883562,12.990067302591946,0.0,36.9998083
2024-01-16,30-Year,912810TV0,0.0,0.2659334763021147,16.96018594090835,0.0952386580532126,76.04336461816901,6.63527730656732,0.0,20.9998759
2024-01-31,20-Year,912810TW8,0.0,0.6335146383281591,19.561969025875754,0.0,69.05197324550659,10.7525430902895,0.0,12.9997154
2024-01-31,7-Year,91282CJX0,0.0,0.41892893579804447,15.994518124796963,0.009041466766592557,69.76092098453655,13.816590488101838,0.0,40.9999848
2024-01-31,5-Year,91282CJW2,0.0016393428298856914,0.2868863067042599,22.317951810707683,0.0,68.5946777689127,8.786549699621329,0.012295071224142685,61.0000533
2024-01-31,2-Year,91282CJV4,0.012541942923862803,0.8870178713803136,16.339026560958384,0.0050001101357592575,68.17525900703839,14.568654232223889,0.01250027533939814,59.9986784
2024-02-15,30-Year,912810TX6,0.0,0.27845229157043117,17.35553091018366,0.0,65.19208468688726,17.17393211135866,0.0,24.9987887
2024-02-15,10-Year,91282CJZ5,0.0,0.5935923369275405,15.536680441544792,0.0,60.50157371169943,23.368153509828225,0.0,42.000323200000004
2024-02-15,3-Year,91282CKA8,0.0009259208848011087,0.5062713177080111,17.519136099518278,0.0,66.64300938806,15.313064777017695,0.017592496811221065,54.000294
2024-02-29,20-Year,912810TZ1,0.0,0.9317197446669083,23.83450222167775,0.0,62.473002751050046,12.760775282605314,0.0,15.991675699999998
2024-02-29,7-Year,91282CKC4,0.0,0.49234299898453066,17.61479078902306,0.05952382667234054,68.48321020587721,13.34191789136206,0.008214288080782993,41.9999879
2024-02-29,5-Year,91282CKD2,0.0007812424256105455,0.5268902041348177,18.549589687181236,0.0,68.89379299064765,12.021133451354586,0.007812424256105455,64.0006205
2024-02-29,2-Year,91282CKB6,0.010158704181472323,1.0152672450864573,16.961745515282498,0.0,66.3600114190819,15.470595360112496,0.1822217562551598,63.00016110000001
2024-03-15,30-Year,912810TX6,0.0,0.18037494643554133,16.64858181686551,0.0,72.83196014745158,10.339083089247358,0.0,21.989861
2024-03-15,10-Year,91282CJZ5,0.0,0.41240066447099916,20.05708656147299,0.0,67.36362304688966,12.166889727166364,0.0,39.0001069
2024-03-15,3-Year,91282CKE0,0.0,0.41827469698590086,15.673089180877431,0.0,69.96160459219192,13.930513804648736,0.016517725296014155,56.000447
2024-04-01,2-Year,91282CKH3,0.007576903421677911,0.9344963227461662,15.718003681311266,0.007576903421677911,69.80196667287211,13.526591064516275,0.0037884517108389554,65.9900189
2024-04-01,5-Year,91282CKG5,0.00014925336578392053,0.24986356712520347,14.54243602367535,0.01492533657839205,70.11728960825036,15.064142208571097,0.011194002433794037,67.0001641
2024-04-01,20-Year,912810TZ1,0.0,0.5448950037738863,11.651699510823418,0.0,71.87109809449016,15.93230739091253,0.0,12.9878049
2024-04-01,7-Year,91282CKF7,0.0,0.28123883618266976,15.445122017612082,0.0,70.8751629995528,13.398476146652454,0.0,42.9999646
2024-04-15,30-Year,912810TX6,0.0,0.11597541764418529,20.05321134670548,0.0,70.30945262881053,9.521360606839806,0.0,22.000007
2024-04-15,10-Year,91282CJZ5,0.0,0.21335953574325422,27.20872155185463,0.0,63.6680879199871,8.909830992414992,0.0,39.000178600000005
2024-04-15,3-Year,91282CKJ9,0.0,0.4149753894366803,21.405957499760802,0.0,64.00754905255664,14.162896654842545,0.008621403403322788,57.995198300000006
2024-04-30,20-Year,912810TZ1,0.0,0.6011277577394849,10.415318947122817,0.0,76.14237186244448,12.841181432693222,0.0,12.9995827
2024-04-30,7-Year,91282CKN0,0.05681759026958859,0.37921218824764924,16.09095747119051,0.0,66.22341961480625,17.249593135486016,0.0,44.000458099999996
2024-04-30,5-Year,91282CKP5,0.035714546736601585,0.30652924029084766,16.402877024455513,0.0,71.29450606099002,11.953230218179712,0.007142909347320318,69.99948839999999
2024-04-30,2-Year,91282CKK6,0.008262000968419572,1.4654761904054423,16.424017230382727,0.00434842156232609,72.67936000006819,9.395344574947162,0.02319158166573915,68.9905511
2024-05-15,10-Year,91282CKQ3,0.11943998996045077,0.3983047968505116,18.89911665094668,0.0,65.1850744762072,15.398064086035152,0.0,42.0026827
2024-05-15,30-Year,912810UA4,0.0,0.13307659062214058,17.425929718620825,0.0,72.73652145066568,9.704472240091356,0.0,24.9998139
2024-05-15,3-Year,91282CKR1,6.896521236757844e-05,0.4991953794190468,16.287290067910803,0.0,73.07038697849619,10.091334699685914,0.05172390927568382,58.0002564
2024-05-31,2-Year,91282CKS9,0.009130336770428321,1.0077728049664256,17.96187240059584,0.007246299024149462,65.03401926524538,15.925611650716673,0.054347242681120955,69.0007407
2024-05-31,5-Year,91282CKT7,0.03582834668247102,0.2425940496707541,21.954405140295755,0.0,65.7043909885988,12.055638662415188,0.007142812337015754,70.00043910000001
2024-05-31,20-Year,912810UB2,0.0,0.6784706521946812,11.407056634543785,0.31250634583198506,73.35436455206519,14.247601815364364,0.0,15.9996751
2024-05-31,7-Year,91282CKU4,0.05709101963988349,0.2660636970142497,19.334980621371567,0.0,60.2147506885627,20.1271139734116,0.0,43.9999148
2024-06-17,30-Year,912810UA4,0.004545913703401834,0.23923370914659525,15.923965211049795,0.0,73.40574749597776,10.426507670122446,0.0,21.9977779
2024-06-17,10-Year,91282CKQ3,0.0,0.36434389187655614,14.543361034197078,0.0,67.88918860306455,17.203106470861805,0.0,38.9996383
2024-06-17,3-Year,91282CKV2,0.0,0.7341106525365513,21.879827659425377,0.0694821839551096,65.79305412192996,11.480422290369436,0.04310309178356675,58.0004797
2024-07-01,7-Year,91282CKW0,0.0015113613452772331,0.33691789835400404,14.180660321589919,0.05340900994588719,72.55063456528804,12.87686684347685,0.0,44.000066700000005
2024-07-01,2-Year,91282CKY6,0.00012320231194559267,0.9072179071667331,15.275593759120504,0.0043483168921973885,70.13059276931313,13.641539754201645,0.04058429099384229,68.9922118
2024-07-01,20-Year,912810UB2,0.0,0.4991419119766251,6.9769820592560245,0.0,78.1020618012763,14.421814227491044,0.0,12.9998901
2024-07-01,5-Year,91282CKX8,0.00032142966796292437,0.22943149697487822,15.02719412134223,0.032857254947321154,69.11154248337634,15.598653213691247,0.0,69.99976120000001
2024-07-15,3-Year,91282CKZ3,0.0008622159153542217,0.449714404687272,16.035117392050555,0.0,73.5451069092467,9.952385867750712,0.016813210349407328,57.9901149
2024-07-15,30-Year,912810UA4,0.0,0.25835386144846956,17.871009143802038,0.0,74.48852016855635,7.382116826193133,0.0,21.9997873
2024-07-15,10-Year,91282CKQ3,0.0,0.2862995163465303,14.427374774644704,0.0,73.9425824176733,11.343743291335477,0.0,38.9994721
2024-07-31,7-Year,91282CLD1,3.834375052172987,0.3012032187936925,10.009940804850057,0.0,73.81816573893806,12.029497043747027,0.006818141498172323,44.0002602
2024-07-31,2-Year,91282CLB5,0.0,0.8942835202651678,10.094275575897775,0.0,76.79077131254141,12.172568476315274,0.04810111498036596,68.97969
2024-07-31,5-Year,91282CLC3,0.0002785710131026605,0.26702731603354585,15.660048072728303,0.007142846489811807,72.8648341844473,11.189954739553217,0.01071426973471771,70.0001044
2024-07-31,20-Year,912810UB2,0.0,0.5627535560181864,10.142649207211187,0.0,74.97195855725967,14.322638679510963,0.0,12.9994203
2024-08-15,30-Year,912810UC0,0.007999752327667935,0.3292638059925665,21.32161988264843,0.0,64.88459117305729,13.45652538597405,0.0,25.000774
2024-08-15,10-Year,91282CLF6,3.4729775631292266,0.4264918352324872,20.93843684709647,0.0,62.5166020898951,12.645491664646702,0.0,41.999983400000005
2024-08-15,3-Year,91282CLG4,0.0029310577088641895,0.4157367426311537,16.730856715547354,0.0,74.31799407844963,8.523860647695754,0.008620757967247617,57.9995404
2024-09-03,20-Year,912810UD8,1.2811911372746867,0.6615483559877195,11.433957806101045,0.0,73.10284138133129,13.520461319305262,0.0,16.0007351
2024-09-03,7-Year,91282CLJ8,2.273242689458169,0.5257767182407811,16.173351397063122,0.05909071906052848,63.61496928367833,17.353569192499076,0.0,44.0001415
2024-09-03,5-Year,91282CLK5,2.861811736923716,0.2848918794724277,14.468809738519106,0.005371464007743983,70.10999138277174,12.255195134987336,0.013928663317953147,69.99953819999999
2024-09-03,2-Year,91282CLH2,0.007043782664572861,0.895000707284189,13.169501741119447,0.005797351987302767,74.01344609702778,11.691809620392855,0.21740069952385374,68.9970181
2024-09-16,30-Year,912810UC0,4.550018158708833,0.24054641454432715,18.485804684256873,0.0,64.58230956030816,12.141321182181809,0.0,21.9999122
2024-09-16,10-Year,91282CLF6,2.5640843919762584,0.3297553552723027,13.478807037377818,0.0,71.00945546119259,12.609849093274631,0.008048660906413475,39.0002764
2024-09-16,3-Year,91282CLL3,6.896534791955959,0.30193529317955603,11.637859358083231,0.0,69.49869919629714,11.648161056928716,0.016810303555392647,58.0001424
2024-09-30,7-Year,91282CLM1,0.00025004273969183975,0.3542516884437186,10.648001876302533,0.022731158153803614,71.83869981085017,17.136065423510082,0.0,43.9924791
2024-09-30,2-Year,91282CLP4,0.0,0.5143719708391106,14.420576485789907,0.004347825595463194,74.87066501462049,10.146560447200415,0.043478255954631936,69.00000779999999
2024-09-30,5-Year,91282CLN9,0.0006499983174329269,0.10957614492575056,12.979066402759539,0.02871421138549853,73.57759911055773,13.293679874074382,0.01071425797966363,70.0001812
2024-09-30,20-Year,912810UD8,0.0,0.5428203746619307,20.182019710724333,0.17924714966259994,66.10153450946132,12.994378255489808,0.0,12.998812000000001
2024-10-15,30-Year,912810UC0,0.0,0.364484256583753,14.622158919163144,0.0,73.51485159765981,11.498505226593284,0.0,21.99999
2024-10-15,10-Year,91282CLF6,2.5641474892815235,0.9022265767030734,17.062093808428187,0.0,64.27401072901361,15.197521396573595,0.0,38.9993167
2024-10-15,3-Year,91282CLQ2,0.0,0.3161832740268898,20.908118023564892,0.0,68.24281081106318,10.52426722994482,0.008620661400211515,58.0001901
2024-10-31,20-Year,912810UD8,0.0,0.8008178586314014,16.35612647396473,0.0,69.1373605131441,13.705695154259764,0.0,12.9999973
2024-10-31,7-Year,91282CLU3,6.852275873090289,0.24031261032533474,8.755066064825785,0.0,67.40161048892118,16.750734962837416,0.0,43.9999798
2024-10-31,5-Year,91282CLR0,0.0,0.20147028688089144,15.650131085079055,0.0,70.80391265169959,13.319486029376067,0.024999946964398227,70.0001485
2024-10-31,2-Year,91282CLS8,0.005797157101983542,0.961369519002455,19.53118025295362,0.014492892754958854,65.05217957338768,14.41903842276886,0.015942182030454742,68.99933759999999
2024-11-15,30-Year,912810UE6,0.0,0.39835544349496815,12.44967014934352,2.0000755308523472,76.61985667226737,8.504641169269117,0.027401034772677156,24.9990559
2024-11-15,3-Year,91282CLX7,0.0,1.193751009972155,21.532023591839202,0.0,67.39583867489488,9.86976608735407,0.00862063593969261,58.0003614
2024-11-15,10-Year,91282CLW9,0.0008333180538515888,0.6302427297636622,17.874057980665455,0.10714089263806142,68.18582428801705,13.201900790861929,0.0,42.0007701
2024-12-02,5-Year,91282CMA6,0.007857142497959201,0.6959066824728374,12.910981552640846,0.0,77.61970359452785,8.758408171044199,0.007142856816326547,70.0000032
2024-12-02,2-Year,91282CLY5,7.261886540416547,1.012407066124235,10.930677529768854,0.014493267651081098,70.61359718253661,10.148285578035749,0.018652835466941374,68.9975528
2024-12-02,7-Year,91282CLZ2,0.001931813795722768,0.67544142098641,11.840189026479914,0.0,75.5346694110574,11.947768327680548,0.0,44.0000999
2024-12-02,20-Year,912810UF3,0.0,1.1427951788328394,24.842101447384522,0.0,59.876434896290284,14.138668477492361,0.0,16.0000675
2024-12-16,30-Year,912810UE6,2.2729109859234167,0.39967685024432287,16.98189260006461,0.0,69.79706877944108,10.548450784326576,0.0,21.9982218
2024-12-16,10-Year,91282CLW9,2.5641117883303566,0.4518254715670169,13.20289595811033,0.0,73.36292417482723,10.418242607165071,0.0,38.9998597
2024-12-16,3-Year,91282CMB4,0.0017241332372303765,0.41525386950713805,18.2281227893002,0.0,69.77010316035708,11.541692716667589,0.043103330930759416,58.0001579
2024-12-31,20-Year,912810UF3,0.0,0.9802999612110835,21.372866104775458,0.0,64.17206047994024,13.47477345407321,0.0,12.9998475
2024-12-31,7-Year,91282CMC2,0.0,0.7050704869693318,10.801721187271793,0.0,77.56364737733912,10.929560948419757,0.0,44.0003951
2024-12-31,5-Year,91282CMD0,0.007142771470415335,0.32899762533705385,13.789170323037098,0.0,75.65168546921258,10.215861039472447,0.007142771470415335,70.00083959999999
2024-12-31,2-Year,91282CME8,0.005797923561225194,0.9331160785665142,13.38786933675387,0.012465535656634165,77.25546075328867,8.390795563270029,0.014494808903062983,68.99021619999999
2025-01-15,3-Year,91282CMF5,0.0,0.8254872686212046,21.960608206927525,0.0,66.40425125304546,10.809653271405804,0.0,58.0000102
2025-01-15,30-Year,912810UE6,0.0,0.1533316004118121,15.607575392779244,0.0,72.29667072206422,11.942422284744708,0.0,22.0002269
2025-01-15,10-Year,91282CLW9,0.0,0.48185077334292364,18.84468484694633,0.0,70.16889890835682,10.504565471353924,0.0,39.0005185
2025-01-31,2-Year,91282CMH1,0.0,1.0531479254764309,15.903532286782143,0.019246442193710873,71.29439581748376,11.71743110965003,0.012246418413919944,68.9997656
2025-01-31,5-Year,91282CMG3,0.0,0.4167113272476086,12.747921224063774,0.0,77.31849586334806,9.50294305549859,0.013928529841960902,70.000209
2025-01-31,20-Year,912810UF3,11.55142757162501,0.8232317382711425,12.792358930886117,0.09241142057300009,65.7358937046876,9.004676633957132,0.0,12.985408
2025-01-31,7-Year,91282CMK4,0.04545447809927337,0.9044418415998167,12.042364882677493,0.0,77.13050343389037,9.877235363733051,0.0,44.000065199999995
2025-02-18,30-Year,912810UG1,0.0,0.3260730095733624,19.24042596359124,0.003999997664001364,68.78818782769831,11.64131320147309,0.0,25.0000146
2025-02-18,10-Year,91282CMM0,0.0,0.9108861655813646,17.474368265585095,0.0,60.978403632092935,20.636341936740603,0.0,42.0024054
2025-02-18,3-Year,91282CMN8,8.620727318832804,0.8166842577205329,12.174242844019599,0.0,66.80898464477085,11.531084861670758,0.04827607298546371,57.999746599999995
2025-02-28,5-Year,91282CGQ8,0.0,0.4736775558648803,12.306656738495564,0.0,76.26047178001306,10.95205106871832,0.007142856908163272,70.0000023
2025-02-28,20-Year,912810UJ5,0.0,0.7537679883029047,20.359607012629212,0.0,68.40056287280323,10.486062126264647,0.0,15.998570099999998
2025-02-28,7-Year,91282CMR9,0.0,0.4501229012862598,10.845848911324225,0.0,78.81336201200467,9.890666175384851,0.0,44.0002718
2025-02-28,2-Year,91282CMP3,0.0,1.1577988810395095,9.060713797738002,0.0,79.47847749799176,10.274024002937493,0.028985820293235976,68.9992548
2025-03-17,30-Year,912810UG1,0.04547520504690374,0.4646624619049092,19.56134135174583,0.0,70.19499672426181,9.733524257040537,0.0,21.9900053
2025-03-17,3-Year,91282CMS7,0.0001293107468056491,0.5113034860003194,13.809697239455385,0.0,77.20987811967285,8.468991844124647,0.0,57.9998197
2025-03-17,10-Year,91282CMM0,2.4426137940970314,0.3891515064821857,16.166459653053554,0.0,69.1135998648752,11.888175181492027,0.0,38.9992066
2025-03-31,20-Year,912810UJ5,0.0,0.9196876011490782,12.124033341199457,0.0,78.96211485140661,7.994164206244848,0.0,12.9907264
2025-03-31,7-Year,91282CMT5,0.0,0.37773509145345036,14.792678654871871,0.0,76.81930194790007,8.010284305774586,0.0,43.9999364
2025-03-31,2-Year,91282CMV0,0.0,1.1687515192293945,12.73470792507009,0.004347850069445456,76.16170314701766,9.911648874979157,0.018840683634263642,68.9996194
2025-03-31,5-Year,91282CMU2,0.0,0.34002058279466857,14.667285126600355,0.0,76.38733703628627,8.598214408941123,0.0071428453775703995,70.0001153
2025-04-15,10-Year,91282CMM0,0.0,0.39707997393656247,13.915157361812103,0.0,67.30842877221552,18.37933389203582,0.0,38.998692999999996
2025-04-15,3-Year,91282CMW8,0.0,0.1732571318368104,23.163089625379403,0.0,68.49190174357446,8.171751499209332,0.0,57.9998058
2025-04-15,30-Year,912810UG1,0.0,0.8131988870761166,14.943990852391497,0.01590904245882524,73.63738801340925,10.589513204664332,0.0,22.000066999999998
2025-04-30,20-Year,912810UJ5,0.0,0.8967252520857097,19.33681515383831,0.061537555042939174,71.69288621632997,8.012035822703073,0.0,13.0001915
2025-04-30,7-Year,91282CNA5,0.0,0.3547782567486566,17.58241360641314,0.0,71.44979210352153,10.61301603331667,0.0,44.000216200000004
2025-04-30,5-Year,91282CMZ1,4.285692287868014,0.14102427614253688,12.824614173087538,0.007142820479780022,71.58586941710169,11.14851420484066,0.007142820479780022,70.0003593
2025-04-30,2-Year,91282CMY4,0.0,0.35884064587307535,16.162444795895627,0.00724641619429091,73.86112605684451,9.59135647476345,0.018985610429042187,68.99962500000001
2025-05-15,30-Year,912810UK2,0.1000802307180784,0.2514351665213342,16.504376964855155,0.0,71.11093907986653,12.033168558038913,0.0,24.979958399999997
2025-05-15,10-Year,91282CNC1,0.0,0.341451971530953,11.99954098526528,0.0,68.90965133623232,18.749355706971453,0.0,41.9995232
2025-05-15,3-Year,91282CND9,0.0,0.1869533265029344,15.782860209895283,0.0,74.45707159360954,9.573114869992223,0.0,57.9999308
2025-06-02,20-Year,912810UL0,0.0,1.5912583766675297,19.783903672639262,0.0,71.15471898906983,7.470118961623368,0.0,15.999142800000001
2025-06-02,7-Year,91282CNF4,2.272725754133246,0.35059953846303565,6.483950212996903,0.0,76.11564345909277,14.777081035314035,0.0,44.0000294
2025-06-02,5-Year,91282CNG2,0.0,0.41425004118823255,10.787176221159722,0.00714286031632794,77.87845460028483,10.905833416734561,0.00714286031632794,69.9999689
2025-06-02,2-Year,91282CNE7,0.0,0.593923112771763,13.141512343929918,0.006522199843507786,77.63496946146601,8.605680349072774,0.017392532916020765,68.995126
2025-06-16,10-Year,91282CNC1,0.0,0.4501344493610039,11.440963622070036,0.0,74.53758133139803,13.571320597170928,0.0,39.0000366
2025-06-16,3-Year,91282CNH0,0.0008620696462549965,0.9197165883279268,17.499874163693736,0.0,70.63212474053988,10.9474224377922,0.0,57.9999542
2025-06-16,30-Year,912810UK2,0.0,0.2772632460928434,14.206839657040105,0.0,74.06848535223979,11.447411744627269,0.0,21.999994899999997
2025-06-30,20-Year,912810UL0,0.0,0.6706778453384586,15.446421527365892,0.0,76.06847463660066,7.814425990694998,0.0,12.999803199999999
2025-06-30,7-Year,91282CNJ6,0.0,0.2582229899115507,13.858199928110507,0.0,71.08342899026981,14.80014809170812,0.0,44.000032700000006
2025-06-30,5-Year,91282CNK3,0.0,0.21897321749108928,12.04463611103392,0.0,75.04252009355457,12.671441881788292,0.022428696132121922,69.9996108
2025-06-30,2-Year,91282CNL1,0.0005797112699034643,0.3836777010789011,15.238362904591202,0.01818844109322119,73.47224982513407,10.860890641641403,0.02605077519128693,68.9998661
2025-07-15,30-Year,912810UK2,0.0,0.11980751307442702,15.344232533102042,0.0,75.2581935588105,9.27776639501303,0.0,22.0001228
2025-07-15,10-Year,91282CNC1,0.0,0.2622246649415535,13.179694664590707,0.0,72.88530995390113,13.672770716566607,0.0,39.0000689
2025-07-15,3-Year,91282CNM9,0.006896535909667656,0.2294201635710042,18.844784373166867,0.0,72.71240912499287,8.189679496079776,0.01681030627981491,58.000133
2025-07-31,7-Year,91282CNR8,0.0,0.18601319076963668,4.8631404593827305,0.0,79.26945698566354,15.68138936418409,0.0,44.000374199999996
2025-07-31,20-Year,912810UL0,0.0,0.9386222059179183,13.01548956145006,0.0,77.07122172659467,8.974666506037357,0.0,12.9997031
2025-07-31,2-Year,91282CNP2,1.1484749136477517,0.8168028368253554,11.686114491628635,0.007246355692143048,72.8004660844387,13.517569298794404,0.023326018973008476,69.0002011
2025-07-31,5-Year,91282CNN7,0.0002857126420502721,0.24358045585929183,13.41497425414097,0.0,73.0572139979989,13.265455685728506,0.01848989363028336,70.0004027
2025-08-15,3-Year,91282CNU1,0.0,0.24650198421559297,20.109993543172987,0.0,70.15698913480846,9.469273867945175,0.017241469857788256,57.9996954
2025-08-15,10-Year,91282CNT4,8.401098004104588,0.3402779211789771,18.63783770780066,0.0,57.75560475199817,14.865181614917605,0.0,42.0004623
2025-08-15,30-Year,912810UM8,0.0,0.2164366502007677,20.347523521737195,0.0,67.13834561192753,12.297694216134515,0.0,24.999971099999996
2025-09-02,20-Year,912810UN6,0.0,0.96781397697045,15.044914753579933,0.0,72.55468175473278,11.411336792243088,0.02125272247374889,15.997950399999999
2025-09-02,7-Year,91282CNW7,0.0,0.21764385150085425,11.537260036286687,0.0,71.13150130080312,17.113594811409342,0.0,44.0000484
2025-09-02,5-Year,91282CNX5,0.00042857003694329426,0.15268136136466515,10.330396455726937,0.0,74.26946455072438,15.23274339424895,0.014285667898109809,70.0002273
2025-09-02,2-Year,91282CNV9,0.0,0.48560264635853595,11.44307019677759,0.08985642031007277,77.48442197647456,10.481316640039456,0.015732120039771612,68.998965
2025-09-15,30-Year,912810UM8,0.0,0.1989198938221169,12.577555313041444,0.0,73.14983162295674,14.073693170179705,0.0,21.9999112
2025-09-15,10-Year,91282CNT4,5.128363805041116,0.28816609564173357,6.383274428134676,0.0,68.9598054819814,19.227569279688456,0.01282090951260279,38.9987933
2025-09-15,3-Year,91282CNY3,0.0017241475000531082,0.35887768142630433,10.43871310727154,0.0,74.79715684835845,14.403528215443664,0.0,57.9996781
2025-09-30,5-Year,91282CPA3,0.0,0.12795530234847502,13.378177739163105,0.03571429035714346,71.92669363618445,14.52431617387539,0.007142858071428693,69.9999909
2025-09-30,20-Year,912810UN6,0.0,0.751842214085029,9.545636141773569,0.0,76.49195369788316,13.210567946258239,0.0,12.9896005
2025-09-30,7-Year,91282CNZ0,0.0001704537485832708,0.12597963831791814,13.943348678481291,0.056817916194423605,73.41067339601096,12.456191767303485,0.006818149943330833,44.0002057
2025-09-30,2-Year,91282CPB1,0.0,0.4273220239250918,13.598789702165762,0.3405809767112844,73.5538203465261,12.056566575579469,0.022920375092293457,68.9997434
2025-10-15,3-Year,91282CPC9,0.00023275921823875164,0.25533117273813133,12.291045347183658,0.0,78.1637116995978,9.281058309475556,0.008620711786620432,57.9998511
2025-10-15,10-Year,91282CNT4,0.0,0.20076371946783927,11.336471427668718,0.0,70.89165093511805,17.571113917745404,0.0,38.9999748
2025-10-15,30-Year,912810UM8,0.0,0.20705512952760063,11.18434852870708,0.0,75.35694799736802,13.23800577270869,0.013642571688610538,21.9899889
2025-10-31,20-Year,912810UN6,0.0,0.44742993972809453,12.869029913371582,0.0,77.1907652302873,9.431237415532953,0.0615375010800793,13.0002029
2025-10-31,7-Year,91282CPF2,0.00018181803677697522,0.10249400914682454,14.74505187383362,0.05681813649280476,72.18470832538041,12.910745837109571,0.0,44.0000351
2025-10-31,5-Year,91282CPD7,0.0028571467591890025,0.11267643959810893,10.193085349413705,0.041428628008240535,74.04637684048036,15.596432728842412,0.007142866897972506,69.9999044
2025-10-31,2-Year,91282CPE5,0.0,0.44276491410553587,12.283049651479248,0.013768025392319954,77.18363005896637,10.053787501322201,0.022999848734328174,69.0004538
2025-11-17,10-Year,91282CPJ4,0.0,0.37121594640152183,12.6645961574986,0.0,66.33653090596002,20.627656990139855,0.0,42.000297
2025-11-17,30-Year,912810UP1,0.0,0.18137185271139478,17.119585463202856,0.0,66.95732791821301,15.74171476587274,0.0,24.99175
2025-11-17,3-Year,91282CPK1,0.0017241461355919552,0.26478988072425996,10.703844038981977,0.0,71.10328076733606,17.9263611668221,0.0,57.99972400000001
2025-12-01,7-Year,91282CPM7,0.0,0.13614566835603825,15.212478435960453,0.11363654209738769,71.80197048900365,12.735768864582466,0.0,43.9999309
2025-12-01,2-Year,91282CPL9,0.0007246420048567159,0.3980922303561048,12.039166036589236,0.0724642004856716,74.1564443508426,13.306746063584846,0.026362476136687324,68.9995883
2025-12-01,5-Year,91282CPN5,0.0,0.12191498693767998,12.203920121008558,0.07785713451530703,73.59893782868522,13.990227072475673,0.007142856377551103,70.0000075
2025-12-01,20-Year,912810UQ9,0.0,0.5558498013164554,13.306137195879936,0.03124991855489977,74.00166963314854,12.105093451100196,0.0,16.000041699999997
2025-12-15,10-Year,91282CPJ4,0.0,0.24278268236952102,10.743543250225759,0.06410320464150895,68.84578023591173,20.103790626851467,0.0,38.9996103
2025-12-15,3-Year,91282CPP0,0.0,0.3037892027795347,9.939666172925643,0.0,73.1345756359957,16.621968988299127,0.0,58.0005143
2025-12-15,30-Year,912810UP1,0.0,0.146717104676233,13.194302508279607,0.045477177171764985,68.81323581589469,17.800267393977702,0.0,21.9890517
2025-12-31,2-Year,91282CPS4,0.0,0.43070542732271055,13.88487338191583,0.04275434895897009,66.053160406765,19.56685389356472,0.021652541472780104,68.99882869999999
2025-12-31,5-Year,91282CPR6,0.00010714287045918531,0.15387973341076686,9.872804798477167,0.035714290153061774,68.40179135850835,21.535702676580186,0.0,69.9999913
2025-12-31,20-Year,912810UQ9,0.0,0.44479158072084846,15.086899770366877,0.0,67.7944032385715,16.673905410340765,0.0,12.9999538
2025-12-31,7-Year,91282CPQ8,0.0,0.2026106224694212,11.07634122455271,0.06363620223181433,66.3038322839163,22.353579666829752,0.0,44.000111600000004
2026-01-15,30-Year,912810UP1,0.0,0.12300372860719935,14.345730472575699,0.0,66.39218126302974,19.116357330002046,0.022727205785321142,22.0000648
2026-01-15,10-Year,91282CPJ4,0.0,0.1953514105274399,7.9219339891949305,0.0,69.7437684105163,22.138946189761345,0.0,39.0002303
2026-01-15,3-Year,91282CPT2,0.0008620688763377025,0.33790548228563977,15.180887739908163,0.0,66.89128618366006,17.58043783650643,0.008620688763377024,58.000006
2026-02-02,20-Year,912810UQ9,0.0,0.3604428918610478,8.05506539564006,0.0,76.79821923494356,14.78627247755534,0.0,12.9998957
2026-02-02,7-Year,91282CPY1,0.0,0.25314998392970345,12.559169922106555,0.0,62.62320235921713,24.56447773474661,0.0,44.000121299999996
2026-02-02,5-Year,91282CPW5,0.0,0.197292456921016,11.578856511462506,0.06428558387781556,66.03293890460965,22.10519801516974,0.021428527959271852,70.000142
2026-02-02,2-Year,91282CGH8,0.0073189330952673284,0.496433521584312,7.989847373114187,0.014492936822311543,62.335958977151016,29.119788380861245,0.0361598773716673,68.9991278
2026-02-17,30-Year,912810UR7,0.0,0.1462801969827073,8.179997319951191,0.0,73.48150509102464,18.192217392041446,0.0,24.998052200000004
2026-02-17,10-Year,91282CPZ8,0.0,0.36973690963663586,16.95584447574542,0.0,61.52059518972447,21.153823424893492,0.0,41.9999724
2026-02-17,3-Year,91282CQA2,0.0035344920031454637,0.27747296711463987,11.648002879345462,0.0,71.65784328439356,16.4131463771432,0.0,57.9998483
2026-03-02,2-Year,91282CQB0,0.0,0.47263052984505466,10.675996981765463,0.0050724974524396045,69.70008589245444,19.116648684759816,0.029565413722790836,68.9995418
2026-03-02,5-Year,91282CQD6,0.0,0.11141830776214916,13.725802974450776,0.004999994578577307,68.0744554735547,18.069037550857857,0.014285698795935163,70.0000759
2026-03-02,7-Year,91282CQC8,0.0,0.10301458800338652,11.970978533858947,0.09545437428749703,63.86036821402155,23.970184289828627,0.0,44.0000789
2026-03-02,20-Year,912810UT3,0.0,0.32384446395815036,20.500961553485435,0.0,63.49184101399048,15.68335296856592,0.0,16.00015
2026-03-16,30-Year,912810UR7,0.0,0.20688198027138247,11.225438676766235,0.0,77.09970919086567,11.46797015209674,0.0,22.000031099999998
2026-03-16,10-Year,91282CPZ8,1.2820490565456124,0.19546427607867978,15.232473045168588,0.0,65.53529059643147,17.75472302577567,0.0,39.000067699999995
2026-03-16,3-Year,91282CQE4,0.008620709482804224,0.2084601346307235,22.156844064189624,0.0,63.67449127891616,13.951583812780703,0.0,57.9998666
2026-03-31,20-Year,912810UT3,0.0,0.3079389567072824,11.9491463024048,0.0,71.86784597470562,15.875068766182302,0.0,12.9998492
2026-03-31,7-Year,91282CQF1,0.0,0.23338249440065287,14.855983515103102,0.045454411570642284,68.99957858305945,15.854237392973497,0.011363602892660571,44.0001296
2026-03-31,5-Year,91282CQG9,0.005000008157156165,0.20073861320499467,17.832029091681747,0.005000008157156165,68.83966802128697,13.096135651124161,0.021428606387812136,69.9998858
2026-03-31,2-Year,91282CQH7,0.004057987958062764,0.6600605820790392,26.284747429503398,0.02681170615148612,64.23261891909435,8.730471235489318,0.061232139724339926,68.9997119
2026-04-15,30-Year,912810UR7,0.0,0.12177121142234934,14.739036121659394,0.009090897727286931,74.61442127742795,10.515680491763021,0.0,22.0000275
2026-04-15,10-Year,91282CPZ8,0.0,0.20008665486668445,12.895556931800488,0.0,72.06017010927202,14.844186304060807,0.0,39.0000023
2026-04-15,3-Year,91282CQJ3,0.0,0.30502740985833937,14.085236278501462,0.0,73.81061854082246,11.782738488458893,0.016379282358846867,58.0000991
2026-04-30,2-Year,91282CQL8,0.0072463688930983405,0.7832184194975531,12.981956828412395,0.005797095114478672,72.91194075999518,13.273028974110368,0.03681155397693957,69.0000754
2026-04-30,5-Year,91282CQK0,0.0,0.1625501249766291,14.693197812319669,0.005714285085714355,73.10665338683955,12.024741534421288,0.007142856357142944,70.0000077
2026-04-30,20-Year,912810UT3,0.0,0.4296384284893517,12.52722980559771,0.0,74.67128656374719,12.371845202165757,0.0,13.000001
2026-04-30,7-Year,91282CQN4,0.05681810989161997,0.2003949735909084,13.682854951476797,0.0,72.8390396105794,13.220892354461267,0.0,44.000055700000004
2026-05-15,30-Year,912810UU0,0.03999999104000201,0.24929594415770848,14.16183682774855,1.0999997536000552,73.3615155670205,11.067351920913168,0.019999995520001004,25.0000056
2026-05-15,10-Year,91282CQQ7,0.059523749433167246,0.31196254220924313,14.803794579026425,0.15476174852623484,69.83759140205058,14.832365978754344,0.0,42.0000424
2026-05-15,3-Year,91282CQR5,0.008620689625445897,0.32122534371991257,18.093197351402768,0.08620689625445899,71.78609458004796,9.704655138949466,0.0,58.0000002
2026-06-01,20-Year,912810UV8,0.0,1.444879040871722,12.575034592023252,0.1562499638671959,78.19816941667335,7.625666986564511,0.0,16.000003699999997
2026-06-01,7-Year,91282CQT1,0.0,0.1865206555357258,12.1402028347896,0.0,74.83022150119606,12.843055008478613,0.0,44.0000062
2026-06-01,5-Year,91282CQU8,0.035714258163286564,0.20164484444540576,14.332666657657153,0.004428568012247534,72.63800767925123,12.780395140838035,0.007142851632657312,70.00005399999999
2026-06-01,2-Year,91282CQS3,1.4739119433845638,1.001163745508219,13.220595929555213,0.004492750269903784,69.85999133638327,14.381438541390073,0.0584057535087492,69.0000515
2026-06-15,3-Year,91282CQV6,0.014655167562427292,0.4208896882572067,17.018808159291094,0.08620686801427818,72.72582264938285,9.718100231249577,0.015517236242570072,58.0000192
2026-06-15,10-Year,91282CQQ7,0.0,0.21877076362126247,12.185320200376406,0.0,74.26219142917458,13.333717606827754,0.0,39.000001
2026-06-15,30-Year,912810UU0,0.0,0.18445344520279314,18.027390407977215,0.0,71.4672577521147,10.3208983947053,0.0,22.0000228
2026-06-22,20-Year,912810UV8,0.0,0.6282123142822799,10.561289631316823,0.0,77.41067969857335,11.399818355827549,0.0,13.0000317
2026-06-30,7-Year,91282CQW4,0.05681815121385946,0.16559468353195456,14.611464857006428,0.11363630242771892,71.72567500230687,13.326811003513164,0.0,44.0000237
2026-06-30,5-Year,91282CQX2,0.007142855326531073,0.1829115249167836,14.708183402776218,0.1071428298979661,72.32341946633048,12.664057065425489,0.007142855326531073,70.00001780000001
2026-06-30,2-Year,91282CQY0,0.0,1.0976032969177163,11.241867707865337,0.07246375614366929,77.47611038800495,10.060867902987043,0.051086948081286845,69.00001139999999
2026-07-15,30-Year,912810UU0,0.0032409043621349984,0.20303288557474422,12.614799775678506,0.0,73.2274013363826,13.933343306349084,0.018181791652931267,22.000032100000002
2026-07-15,10-Year,91282CQQ7,0.0019230709862116222,0.18339097230069062,10.340776537705253,0.0,74.62228860196032,14.841364438454399,0.01025637859312865,39.0001204
2026-07-15,3-Year,91282CQZ7,0.016379307972651948,0.3120023686065535,9.095049544854895,0.0,78.78829462376423,11.779653466395015,0.00862068840665892,58.0000084
2026-07-24,20-Year,912810UV8,0.0,0.8500648288037658,16.147143288406312,0.0,67.51480200955254,15.422605300604225,0.06538457263316405,13.0000085
2026-07-31,7-Year,91282CRC7,0.0,0.1943799946987274,17.195704076480798,0.00681818163223141,70.69025716299299,11.912840584195257,0.0,44.0000012
2026-07-31,5-Year,91282CRA1,0.0,0.187009281706944,14.943013965506847,0.0,75.39131981304314,9.460799797268576,0.017857142474489805,70.0000015
2026-07-31,2-Year,91282CRB9,0.014492727599290585,1.2966433238535098,10.774463551361825,0.004347818279787176,78.41626527861929,9.434765667138171,0.0590216331481109,69.0001239
2026-08-17,30-Year,912810UW6,0.0,0.382828965708673,13.216531911482472,0.19999987760007493,73.93904674930339,12.261592495905392,0.0,25.0000153
2026-08-17,3-Year,91282CRG8,0.008620687113556043,0.575828450919543,13.442274485122525,0.0,74.72500383107648,11.231031171540812,0.017241374227112086,58.000017099999994
2026-08-17,10-Year,91282CRF0,0.0,0.41641930681794803,10.168822220263333,0.1190474889457204,73.9143587459746,15.381352237998385,0.0,42.0000459
2026-08-31,20-Year,912810UX4,0.018749957226660077,2.580272238753955,14.296073637082015,0.0,71.16168141241428,11.94322275452309,0.0,16.0000365
2026-08-31,7-Year,91282CRJ2,0.0,0.24160663741163751,14.860000697679984,0.0,69.47547867470722,15.422913990201167,0.0,44.0001157
2026-08-31,2-Year,91282CRH6,0.0,1.0520505248958454,12.780138036047282,0.004347813881571756,71.87002548950817,14.257930988967644,0.035507146699502674,69.0001937
2026-08-31,5-Year,91282CRK9,0.0,0.2707253900425601,12.895148503107645,0.004285711414287638,74.30313450261417,12.498134483392752,0.028571409428584254,70.0000469
2026-09-15,3-Year,91282CRL7,0.43103382283097474,0.4677149735674198,12.655153038317419,0.0,74.24611684387628,12.16549861558143,0.03448270582647797,58.0000888
2026-09-15,30-Year,912810UW6,0.0,0.19228842659444373,2.8949968418216274,0.0,54.55153367105417,42.306635665488365,0.05454539504138723,22.000024
2026-09-15,10-Year,91282CRF0,0.0,0.2521792285341246,5.311020193825442,0.0,66.33782939709806,28.09897118054238,0.0,39.00004
2026-09-18,20-Year,912810UX4,0.0,0.6546564899964759,19.692794664766605,0.3846151301776832,71.28332361257054,7.907687076453166,0.07692302603553662,13.0000086
2026-09-30,2-Year,91282CRP8,0.26811566264469355,1.5505878045324182,14.458295368819755,0.0953622194703829,71.62750652148235,11.942886105891146,0.05724631715927241,69.0000719
2026-09-30,7-Year,91282CRM5,0.11642030875547699,1.1773294347533667,15.974889085991165,0.0,73.43587281098655,9.29548835951344,0.0,44.000055100000004
2026-09-30,5-Year,91282CRN3,0.08142854781429257,0.4235617343099543,18.55370890513871,0.07142855071429173,70.32043246421745,10.52801123259103,0.02142856521428752,70.00002029999999
