date,tenor,term,reopening,cusip,size_bn,high_yield,median_yield,bid_to_cover,dealer_pct,direct_pct,indirect_pct,dispersion_bp
2008-01-28,2-Year,2-Year,False,912828HP8,24.0,2.237,2.2,2.33,,,,3.699999999999992
2008-01-29,5-Year,5-Year,False,912828HQ6,14.0,2.909,2.879,2.16,,,,2.9999999999999805
2008-02-06,10-Year,10-Year,False,912828HR4,13.0,3.62,3.584,2.34,,,,3.600000000000003
2008-02-07,30-Year,30-Year,False,912810PW2,9.0,4.449,4.395,1.82,,,,5.400000000000027
2008-02-27,2-Year,2-Year,False,912828HS2,26.0,2.045,2.02,2.14,,,,2.499999999999991
2008-02-28,5-Year,5-Year,False,912828HT0,16.0,2.755,2.734,2.29,,,,2.0999999999999908
2008-03-13,10-Year,9-Year 11-Month,True,912828HR4,10.0,3.51,3.465,1.79,,,,4.499999999999993
2008-03-26,2-Year,2-Year,False,912828HU7,28.0,1.761,1.739,2.44,,,,2.1999999999999797
2008-03-27,5-Year,5-Year,False,912828HV5,18.0,2.595,2.54,1.98,,,,5.500000000000016
2008-04-23,2-Year,2-Year,False,912828HX1,30.0,2.225,2.19,2.21,65.82267684759897,0.5470818281503843,33.63024132425064,3.500000000000014
2008-04-24,5-Year,5-Year,False,912828HY9,19.0,3.159,3.09,1.65,70.95771127848948,0.17964847021401945,28.862640251296508,6.899999999999995
2008-05-07,10-Year,10-Year,False,912828HZ6,15.0,3.937,3.883,2.21,70.7791569516751,0.8631574279701374,28.35768562035476,5.399999999999983
2008-05-08,30-Year,29-Year 9-Month,True,912810PW2,6.0,4.599,4.564,2.69,86.27798219703803,1.0715094428862446,12.650508360075726,3.500000000000014
2008-05-28,2-Year,2-Year,False,912828JA9,30.0,2.64,2.59,2.28,76.64668116505705,0.9244093366712499,22.428909498271697,5.000000000000027
2008-05-29,5-Year,5-Year,False,912828JB7,19.0,3.52,3.465,1.84,82.754345313582,0.784908210656403,16.460746475761603,5.500000000000016
2008-06-12,10-Year,9-Year 11-Month,True,912828HZ6,11.0,4.225,4.179,2.33,85.66258192139348,0.45578670677103517,13.88163137183549,4.5999999999999375
2008-06-24,2-Year,2-Year,False,912828JC5,30.0,2.922,2.899,2.64,71.11789122948139,0.4269595951056767,28.455149175412934,2.300000000000013
2008-06-26,5-Year,5-Year,False,912828JD3,20.0,3.44,3.409,2.48,78.49657112715859,0.2934358908711786,21.209992981970235,3.100000000000014
2008-07-23,2-Year,2-Year,False,912828JF8,31.0,2.82,2.77,2.42,62.11576471886767,1.0271855909456273,36.857049690186706,4.999999999999982
2008-07-24,5-Year,5-Year,False,912828JG6,21.0,3.44,3.39,2.46,66.04653058862573,0.8983030419623567,33.05516636941191,4.999999999999982
2008-08-06,10-Year,10-Year,False,912828JH4,17.0,4.075,4.05,2.61,65.37300514539973,0.5813972458007315,34.04559760879953,2.5000000000000355
2008-08-07,30-Year,29-Year 9-Month,False,912810PX0,10.0,4.609,4.585,2.4,57.11375296425406,0.0,42.88624703574593,2.400000000000002
2008-08-27,2-Year,2-Year,False,912828JJ0,32.0,2.38,2.33,2.18,69.3804130227541,1.088061311733261,29.531525665512646,4.999999999999982
2008-08-28,5-Year,5-Year,False,912828JK7,22.0,3.129,3.07,2.14,69.49305195791817,0.6635924791631962,29.84335556291863,5.900000000000016
2008-09-11,10-Year,9-Year 11-Month,True,912828JH4,12.0,3.628,3.592,2.51,73.07153391097305,0.5392381442850789,26.389227944741883,3.600000000000003
2008-09-24,2-Year,2-Year,False,912828JL5,34.0,2.115,2.05,2.21,63.21112053046974,8.865965060296812,27.922914409233446,6.500000000000039
2008-09-25,5-Year,5-Year,False,912828JM3,24.0,3.129,3.0,1.91,72.74739702796376,0.473819880577281,26.77878309145897,12.9
2008-10-08,10-Year,6-Year 7-Month,True,912828DV9,10.0,3.31,2.899,1.22,80.801,0.1,19.099,41.1
2008-10-08,10-Year,6-Year 10-Month,True,912828EE6,10.0,3.44,3.29,2.11,64.69247236903315,0.09999988000014401,35.2075277509667,14.999999999999991
2008-10-09,10-Year,6-Year 4-Month,True,912828DM9,10.0,3.228,3.15,2.37,76.56708977443766,0.3000669749488086,23.132843250613536,7.800000000000029
2008-10-09,10-Year,9-Year 4-Month,True,912828HR4,10.0,3.79,3.719,2.31,61.09746271928772,0.6600834345461266,38.24245384616616,7.100000000000017
2008-10-28,2-Year,2-Year,False,912828JP6,34.0,1.6,1.575,2.49,57.869477471908326,0.14949119699410277,41.981031331097576,2.5000000000000133
2008-10-30,5-Year,5-Year,False,912828JQ4,24.0,2.825,2.759,2.28,57.40292463347515,14.29428533301671,28.302790033508142,6.600000000000028
2008-11-10,3-Year,3-Year,False,912828JU5,25.0,1.8,1.743,3.07,62.67198691684738,1.2709317348298925,36.057081348322725,5.699999999999994
2008-11-12,10-Year,10-Year,False,912828JR2,20.0,3.783,3.71,2.2,59.3324869469541,4.6989183528694225,35.96859470017647,7.299999999999995
2008-11-13,30-Year,29-Year 6-Month,True,912810PX0,10.0,4.31,4.204,2.07,77.25960699140715,4.539848747873637,18.200544260719205,10.599999999999987
2008-11-24,2-Year,2-Year,False,912828JS0,36.0,1.269,1.185,2.08,63.70109392942898,1.4254159536658282,34.873490116905195,8.399999999999984
2008-11-25,5-Year,5-Year,False,912828JT8,26.0,2.11,2.096,2.44,60.91962198053251,1.8340637926771202,37.24631422679037,1.399999999999979
2008-12-10,3-Year,3-Year,False,912828KA7,28.0,1.245,1.149,2.15,64.48742313301828,0.2558728637523523,35.256704003229366,9.600000000000009
2008-12-11,10-Year,9-Year 11-Month,True,912828JR2,16.0,2.67,2.59,2.44,87.08015739907218,0.1820853209620464,12.737757279965775,8.000000000000007
2008-12-22,2-Year,2-Year,False,912828JV3,38.0,0.922,0.834,2.13,68.20867272182879,1.3782453661810719,30.413081911990137,8.800000000000008
2008-12-23,5-Year,5-Year,False,912828JW1,28.0,1.539,1.459,2.06,67.95416368790245,7.516979926076761,24.52885638602079,7.999999999999985
2009-01-07,3-Year,3-Year,False,912828KB5,30.0,1.2,1.12,2.21,70.94644098232081,1.0412134301314753,28.012345587547728,7.999999999999985
2009-01-08,10-Year,9-Year 10-Month,True,912828JR2,16.0,2.419,2.349,2.59,82.16565686881381,0.10004189254250216,17.73430123864368,6.999999999999984
2009-01-27,2-Year,2-Year,False,912828JY7,40.0,0.925,0.871,2.69,62.54291655860017,2.8247834574818924,34.63229998391794,5.400000000000005
2009-01-29,5-Year,5-Year,False,912828JZ4,30.0,1.82,1.74,1.98,63.90107059885356,1.2280992444353005,34.870830156711136,8.000000000000007
2009-02-10,3-Year,3-Year,False,912828KC3,32.0,1.419,1.373,2.67,54.10063868363317,1.1299646301066022,44.76939668626022,4.600000000000004
2009-02-11,10-Year,10-Year,False,912828KD1,21.0,2.818,2.71,2.21,60.399445882687516,1.8179676792272417,37.78258643808524,10.80000000000001
2009-02-12,30-Year,30-Year,False,912810QA9,14.0,3.54,3.415,2.02,49.629962707383264,16.445465490440007,33.92457180217673,12.5
2009-02-24,2-Year,2-Year,False,912828KE9,40.0,0.961,0.9,2.63,68.55173562712066,3.31620583318333,28.132058539696008,6.099999999999994
2009-02-25,5-Year,5-Year,False,912828KF6,32.0,1.985,1.937,2.21,49.51897021154406,1.5806514243249983,48.900378364130944,4.800000000000004
2009-02-26,7-Year,7-Year,False,912828KS8,22.0,2.748,2.67,2.11,57.62567510675435,3.674659945254695,38.69966494799096,7.800000000000029
2009-03-10,3-Year,3-Year,False,912828KG4,34.0,1.489,1.419,2.26,57.922475701073,1.8200283411155525,40.25749595781144,7.000000000000006
2009-03-11,10-Year,9-Year 11-Month,True,912828KD1,18.0,3.043,2.98,2.14,73.02236956494984,3.1272412361721673,23.850389198878,6.300000000000017
2009-03-12,30-Year,29-Year 11-Month,True,912810QA9,11.0,3.64,3.597,2.4,44.027138727313485,9.785649431893468,46.18721184079305,4.300000000000015
2009-03-24,2-Year,2-Year,False,912828KH2,40.0,0.949,0.9,2.71,44.65650765971457,2.213885347290462,53.12960699299497,4.899999999999993
2009-03-25,5-Year,5-Year,False,912828KJ8,34.0,1.849,1.75,2.02,68.52642455941593,1.5078863338789015,29.965689106705163,9.899999999999999
2009-03-26,7-Year,7-Year,False,912828KT6,24.0,2.384,2.312,2.52,64.32212476582104,7.639398618168834,28.038476616010126,7.200000000000006
2009-04-08,3-Year,3-Year,False,912828KK5,35.0,1.385,1.33,2.42,58.53328556646995,2.9918646166959486,38.4748498168341,5.499999999999994
2009-04-09,10-Year,9-Year 10-Month,True,912828KD1,18.0,2.95,2.879,2.49,71.99836989685589,4.306582883755909,23.695047219388204,7.100000000000017
2009-04-27,2-Year,2-Year,False,912828KL3,40.0,0.949,0.89,2.72,65.77906979085111,5.514943912959782,28.705986296189106,5.899999999999994
2009-04-28,5-Year,5-Year,False,912828KN9,35.0,1.94,1.869,2.22,66.9356077131315,2.2881621615947596,30.776230125273734,7.099999999999995
2009-04-29,7-Year,7-Year,False,912828KR0,26.0,2.63,2.55,2.28,63.68107774919562,3.331202367783956,32.98771988302042,8.000000000000007
2009-05-05,3-Year,3-Year,False,912828KP4,35.0,1.473,1.42,2.66,56.642054118865616,6.087035992833507,37.27090988830088,5.300000000000016
2009-05-06,10-Year,10-Year,False,912828KQ2,22.0,3.19,3.139,2.47,63.75315540957397,4.32266715023117,31.924177440194857,5.100000000000016
2009-05-07,30-Year,30-Year,False,912810QB7,14.0,4.288,4.185,2.14,62.931358208368046,4.105703995908602,32.96293779572335,10.300000000000065
2009-05-26,2-Year,2-Year,False,912828KU3,40.0,0.94,0.91,2.94,43.33419427732768,2.265860170823373,54.39994555184895,2.9999999999999916
2009-05-27,5-Year,5-Year,False,912828KV1,35.0,2.31,2.249,2.32,52.95325977066515,2.801731083596655,44.24500914573819,6.099999999999994
2009-05-28,7-Year,7-Year,False,912828KW9,26.0,3.3,3.2,2.26,63.53193227888926,3.484476106524771,32.983591614585976,9.999999999999964
2009-06-09,3-Year,3-Year,False,912828KX7,35.0,1.96,1.904,2.82,40.46672287274017,15.775827081274935,43.757450045984896,5.600000000000005
2009-06-10,10-Year,9-Year 11-Month,True,912828KQ2,19.0,3.99,3.915,2.62,56.52175448825761,9.229393329728264,34.24885218201412,7.500000000000018
2009-06-11,30-Year,29-Year 11-Month,True,912810QB7,11.0,4.72,4.684,2.68,45.11154659635436,5.855918539528452,49.03253486411719,3.599999999999959
2009-06-23,2-Year,2-Year,False,912828LF5,40.0,1.151,1.119,3.19,27.741011033664716,3.5146394271686052,68.74434953916668,3.200000000000003
2009-06-24,5-Year,5-Year,False,912828KY5,37.0,2.7,2.619,2.58,34.27907219570636,2.9273818453324467,62.7935459589612,8.099999999999996
2009-06-25,7-Year,7-Year,False,912828KZ2,27.0,3.329,3.3,2.82,30.64638614184725,2.1864463701143277,67.16716748803843,2.900000000000036
2009-07-07,3-Year,3-Year,False,912828LB4,35.0,1.519,1.43,2.62,38.493941479389505,7.456519621073654,54.04953889953684,8.899999999999997
2009-07-08,10-Year,9-Year 10-Month,True,912828KQ2,19.0,3.365,3.34,3.28,43.024014707329016,13.028501796633943,43.94748349603704,2.5000000000000355
2009-07-09,30-Year,29-Year 10-Month,True,912810QB7,11.0,4.303,4.23,2.36,47.32574538129932,2.465077761833101,50.20917685686758,7.299999999999951
2009-07-28,2-Year,2-Year,False,912828LG3,42.0,1.08,1.039,2.75,62.91494655508053,4.112567602099272,32.9724858428202,4.100000000000015
2009-07-29,5-Year,5-Year,False,912828LC2,39.0,2.689,2.59,1.92,61.58811679828033,1.6939226021534441,36.717960599566226,9.90000000000002
2009-07-30,7-Year,7-Year,False,912828LD0,28.0,3.369,3.287,2.63,35.968358435437175,1.5464245509932153,62.4852170135696,8.20000000000003
2009-08-11,3-Year,3-Year,False,912828LH1,37.0,1.78,1.727,2.89,35.483917495640924,2.0418171511334404,62.47426535322563,5.299999999999994
2009-08-12,10-Year,10-Year,False,912828LJ7,23.0,3.734,3.636,2.49,52.162482640696574,2.1000308853914733,45.73748647391195,9.799999999999986
2009-08-13,30-Year,30-Year,False,912810QC5,15.0,4.541,4.48,2.54,43.11372568132027,8.832686682304685,48.05358763637504,6.099999999999994
2009-08-25,2-Year,2-Year,False,912828LV0,42.0,1.119,1.06,2.68,47.146432658155504,3.476597812968888,49.376969528875605,5.899999999999994
2009-08-26,5-Year,5-Year,False,912828LK4,39.0,2.494,2.419,2.51,40.62907063584417,2.938416124236851,56.43251323991898,7.500000000000018
2009-08-27,7-Year,7-Year,False,912828LL2,28.0,3.092,3.014,2.74,36.748013361964105,2.057459365445897,61.19452727259001,7.800000000000029
2009-09-08,3-Year,3-Year,False,912828LM0,38.0,1.487,1.43,3.02,42.50138819112087,3.270313863401994,54.228297945477145,5.700000000000016
2009-09-09,10-Year,9-Year 11-Month,True,912828LJ7,20.0,3.51,3.45,2.77,41.90137723730548,2.74883349853734,55.34978926415718,5.999999999999961
2009-09-10,30-Year,29-Year 11-Month,True,912810QC5,12.0,4.238,4.21,2.92,51.533957405606635,1.994916718487202,46.47112587590617,2.800000000000047
2009-09-22,2-Year,2-Year,False,912828LW8,43.0,1.034,0.99,3.23,43.00232444615143,11.832987449026906,45.164688104821664,4.400000000000004
2009-09-23,5-Year,5-Year,False,912828LQ1,40.0,2.47,2.39,2.4,44.310617070005044,10.877940748225786,44.811442181769166,8.000000000000007
2009-09-24,7-Year,7-Year,False,912828LP3,29.0,3.005,2.937,2.79,32.00987883598821,6.29485743977391,61.69526372423788,6.800000000000006
2009-10-06,3-Year,3-Year,False,912828LR9,39.0,1.445,1.387,2.76,40.01703703081783,10.925508523898072,49.057454445284094,5.800000000000005
2009-10-07,10-Year,9-Year 10-Month,True,912828LJ7,20.0,3.21,3.167,3.01,47.488459627984774,5.076205129671944,47.43533524234328,4.300000000000015
2009-10-08,30-Year,29-Year 10-Month,True,912810QC5,12.0,4.009,3.93,2.37,56.96676705791543,8.530084489568758,34.50314845251581,7.900000000000018
2009-10-27,2-Year,2-Year,False,912828LT5,44.0,1.02,0.98,3.63,29.41202137927877,26.1376987088274,44.45027991189384,4.0000000000000036
2009-10-28,5-Year,5-Year,False,912828LS7,41.0,2.388,2.3,2.63,42.26821979203731,2.9795974632323663,54.75218274473033,8.800000000000008
2009-10-29,7-Year,7-Year,False,912828LU2,31.0,3.141,3.02,2.65,37.062889639170514,3.6136232628208544,59.323487098008634,12.1
2009-11-09,3-Year,3-Year,False,912828LX6,40.0,1.404,1.37,3.33,23.918931845758042,7.534374166133831,68.54669398810812,3.399999999999981
2009-11-10,10-Year,10-Year,False,912828LY4,25.0,3.47,3.42,2.81,48.16660812987648,4.517706954871647,47.31568491525187,5.000000000000027
2009-11-12,30-Year,30-Year,False,912810QD3,16.0,4.469,4.388,2.26,43.88838555370556,12.09711631440783,44.01449813188661,8.10000000000004
2009-11-23,2-Year,2-Year,False,912828MM9,44.0,0.802,0.77,3.16,50.78337904424261,4.684544131993298,44.53207682376409,3.200000000000003
2009-11-24,5-Year,5-Year,False,912828LZ1,42.0,2.175,2.1,2.81,36.20769267767142,2.863844239002001,60.92846308332659,7.499999999999973
2009-11-25,7-Year,7-Year,False,912828MA5,32.0,2.835,2.75,2.76,27.904809010948956,9.610216138233,62.48497485081804,8.499999999999996
2009-12-08,3-Year,3-Year,False,912828MB3,40.0,1.223,1.167,2.98,36.17590783771161,2.9453564810397386,60.87873568124865,5.600000000000005
2009-12-09,10-Year,9-Year 11-Month,True,912828LY4,21.0,3.448,3.36,2.62,56.14946823690205,8.947822028535677,34.902709734562265,8.800000000000008
2009-12-10,30-Year,29-Year 11-Month,True,912810QD3,13.0,4.52,4.42,2.45,52.89232427161058,6.948615745235961,40.15905998315346,9.999999999999964
2009-12-28,2-Year,2-Year,False,912828ML1,44.0,1.089,1.04,2.91,45.73765479214428,19.469210729107502,34.793134478748215,4.899999999999993
2009-12-29,5-Year,5-Year,False,912828ME7,42.0,2.665,2.6,2.59,42.95834141984022,13.027619210628021,44.01403936953176,6.499999999999995
2009-12-30,7-Year,7-Year,False,912828MD9,32.0,3.345,3.29,2.72,48.71597648101253,6.616333480176239,44.66769003881122,5.500000000000016
2010-01-12,3-Year,3-Year,False,912828MG2,40.0,1.49,1.452,2.98,38.594309580162694,23.40278849410496,38.002901925732345,3.8000000000000034
2010-01-13,10-Year,9-Year 10-Month,True,912828LY4,21.0,3.754,3.7,3.0,53.67501127690573,17.308655299641696,29.01633342345258,5.399999999999983
2010-01-14,30-Year,29-Year 10-Month,True,912810QD3,13.0,4.64,4.607,2.68,54.36669485778868,4.9014747783994945,40.731830363811824,3.2999999999999474
2010-01-26,2-Year,2-Year,False,912828MJ6,44.0,0.88,0.838,3.13,46.114119604441534,10.772396159464465,43.113484236094,4.200000000000004
2010-01-27,5-Year,5-Year,False,912828MH0,42.0,2.37,2.32,2.8,39.58757192062849,7.446540393821458,52.96588768555005,5.000000000000027
2010-01-28,7-Year,7-Year,False,912828MK3,32.0,3.127,3.09,2.85,37.13576163030755,11.806539377371655,51.05769899232079,3.699999999999992
2010-02-09,3-Year,3-Year,False,912828MN7,40.0,1.377,1.307,2.83,38.74144642439808,10.074560290300125,51.183993285301796,7.000000000000006
2010-02-10,10-Year,10-Year,False,912828MP2,25.0,3.692,3.64,2.67,53.80703995637267,13.003367989456729,33.1895920541706,5.200000000000005
2010-02-11,30-Year,30-Year,False,912810QE1,16.0,4.72,4.64,2.36,47.393899524644276,24.076710629461374,28.529389845894354,8.000000000000007
2010-02-23,2-Year,2-Year,False,912828MQ0,44.0,0.895,0.865,3.33,38.23525917504791,8.200403442860871,53.56433738209122,3.0000000000000027
2010-02-24,5-Year,5-Year,False,912828MR8,42.0,2.395,2.348,2.75,46.81773238591929,12.84747429746586,40.33479331661485,4.700000000000015
2010-02-25,7-Year,7-Year,False,912828MS6,32.0,3.078,3.05,2.98,42.44978792938137,17.224183683914543,40.32602838670408,2.8000000000000025
2010-03-09,3-Year,3-Year,False,912828MT4,40.0,1.437,1.403,3.13,37.811982654682055,10.341571122416735,51.8464462229012,3.400000000000003
2010-03-10,10-Year,9-Year 11-Month,True,912828MP2,21.0,3.735,3.7,3.45,47.32425112931601,17.538149767780432,35.13759910290356,3.49999999999997
2010-03-11,30-Year,29-Year 11-Month,True,912810QE1,13.0,4.679,4.645,2.89,46.43376996969547,29.648084632029363,23.918145398275172,3.4000000000000696
2010-03-23,2-Year,2-Year,False,912828MU1,44.0,1.0,0.96,3.0,51.413879385162254,13.803810849868164,34.78230976496959,4.0000000000000036
2010-03-24,5-Year,5-Year,False,912828MW7,42.0,2.605,2.539,2.55,49.58783367297552,10.756351414062403,39.65581491296207,6.599999999999984
2010-03-25,7-Year,7-Year,False,912828MV9,32.0,3.374,3.289,2.61,50.01542836076953,8.11475445748188,41.869817181748594,8.499999999999996
2010-04-06,3-Year,3-Year,False,912828MX5,40.0,1.776,1.72,3.1,37.004036995224126,10.748666277364837,52.24729672741104,5.600000000000005
2010-04-07,10-Year,9-Year 10-Month,True,912828MP2,21.0,3.9,3.874,3.72,40.5669684094299,16.321671331389922,43.111360259180174,2.59999999999998
2010-04-08,30-Year,29-Year 10-Month,True,912810QE1,13.0,4.77,4.728,2.73,37.677539903896026,25.47700855010444,36.84545154599953,4.1999999999999815
2010-04-27,2-Year,2-Year,False,912828NB2,44.0,1.024,0.98,3.03,47.562712655966855,21.398403470056078,31.038883873977074,4.400000000000004
2010-04-28,5-Year,5-Year,False,912828MZ0,42.0,2.54,2.488,2.75,36.74325555607141,14.331772591353273,48.924971852575325,5.200000000000005
2010-04-29,7-Year,7-Year,False,912828NA4,32.0,3.21,3.14,2.82,28.287453727605193,12.208417580596448,59.50412869179835,6.999999999999984
2010-05-11,3-Year,3-Year,False,912828NC0,38.0,1.414,1.37,3.27,32.723882217024034,16.53523545899971,50.74088232397626,4.399999999999982
2010-05-12,10-Year,10-Year,False,912828ND8,24.0,3.548,3.51,2.96,33.18826353131618,24.95805651696154,41.85367995172228,3.8000000000000256
2010-05-13,30-Year,30-Year,False,912810QH4,16.0,4.49,4.438,2.6,45.65472887723436,21.832335759327222,32.51293536343842,5.200000000000049
2010-05-25,2-Year,2-Year,False,912828NE6,42.0,0.769,0.73,2.93,48.60473952941927,15.175045118446082,36.220215352134645,3.9000000000000035
2010-05-26,5-Year,5-Year,False,912828NF3,40.0,2.13,2.07,2.71,44.41752731733849,15.017225224480175,40.56524745818134,6.000000000000005
2010-05-27,7-Year,7-Year,False,912828NG1,31.0,2.815,2.75,2.88,37.527475332379964,11.366780676804138,51.1057439908159,6.499999999999995
2010-06-08,3-Year,3-Year,False,912828NH9,36.0,1.22,1.189,3.23,36.98608363403852,16.302208641658797,46.711707724302684,3.0999999999999917
2010-06-09,10-Year,9-Year 11-Month,True,912828ND8,21.0,3.242,3.199,3.24,46.362850541579995,13.483513382755701,40.15363607566431,4.300000000000015
2010-06-10,30-Year,29-Year 11-Month,True,912810QH4,13.0,4.182,4.14,2.87,43.6642276917812,20.305333038385143,36.03043926983366,4.20000000000007
2010-06-22,2-Year,2-Year,False,912828NS5,40.0,0.738,0.72,3.45,37.27381723816177,21.299316915169904,41.426865846668335,1.8000000000000016
2010-06-23,5-Year,5-Year,False,912828NL0,38.0,1.995,1.925,2.58,54.762999937744326,10.677402452514471,34.559597609741196,7.000000000000006
2010-06-24,7-Year,7-Year,False,912828NK2,30.0,2.575,2.53,3.01,39.1851428210273,9.81811489631738,50.996742282655326,4.500000000000037
2010-07-12,3-Year,3-Year,False,912828NN6,35.0,1.055,1.019,3.2,45.10716973876558,14.264789979756,40.62804028147842,3.600000000000003
2010-07-13,10-Year,9-Year 10-Month,True,912828ND8,21.0,3.119,3.071,3.09,48.56877671057136,9.775037860969702,41.65618542845893,4.800000000000004
2010-07-14,30-Year,29-Year 10-Month,True,912810QH4,13.0,4.08,4.039,2.89,46.444314064656126,16.120436577452775,37.435249357891095,4.100000000000037
2010-07-27,2-Year,2-Year,False,912828NQ9,38.0,0.665,0.639,3.33,53.68798842404332,13.48802807430983,32.82398350164685,2.6000000000000023
2010-07-28,5-Year,5-Year,False,912828NP1,37.0,1.796,1.75,3.06,41.36649130868836,11.355966035633612,47.277542655678026,4.600000000000004
2010-07-29,7-Year,7-Year,False,912828NR7,29.0,2.394,2.33,2.78,48.75431078416396,8.994389399484456,42.25129981635158,6.400000000000006
2010-08-10,3-Year,3-Year,False,912828NU0,34.0,0.844,0.815,3.31,43.717252743606856,15.779449767203529,40.50329748918961,2.9000000000000026
2010-08-11,10-Year,10-Year,False,912828NT3,24.0,2.73,2.669,3.04,43.55116649256862,10.629993566001186,45.81883994143019,6.099999999999994
2010-08-12,30-Year,30-Year,False,912810QK7,16.0,3.954,3.89,2.77,35.32790628285588,18.631003168211183,46.04109054893294,6.400000000000006
2010-08-24,2-Year,2-Year,False,912828PH7,37.0,0.498,0.48,3.12,58.68231299949014,12.072550546488554,29.245136454021303,1.8000000000000016
2010-08-25,5-Year,5-Year,False,912828NV8,36.0,1.374,1.31,2.83,40.5497132478672,8.682666772025055,50.767619980107746,6.400000000000006
2010-08-26,7-Year,7-Year,False,912828NW6,29.0,1.989,1.95,2.98,34.76248127593121,8.558945555344115,56.678573168724675,3.9000000000000146
2010-09-07,3-Year,3-Year,False,912828NY2,33.0,0.79,0.746,3.21,45.93006055893672,11.712214060278752,42.35772538078454,4.400000000000004
2010-09-08,10-Year,9-Year 11-Month,True,912828NT3,21.0,2.67,2.63,3.21,38.337077606345005,6.931582679452261,54.73133971420273,4.0000000000000036
2010-09-09,30-Year,29-Year 11-Month,True,912810QK7,13.0,3.82,3.755,2.73,55.61492656341615,8.29369889884013,36.09137453774372,6.499999999999995
2010-09-27,2-Year,2-Year,False,912828NX4,36.0,0.441,0.418,3.78,50.186355659230955,10.77861734854166,39.03502699222739,2.300000000000002
2010-09-28,5-Year,5-Year,False,912828NZ9,35.0,1.26,1.219,2.96,41.22072396245806,8.668429163985968,50.11084687355597,4.0999999999999925
2010-09-29,7-Year,7-Year,False,912828PA2,29.0,1.89,1.85,3.04,36.37627384846569,13.379242743140827,50.24448340839348,3.9999999999999813
2010-10-12,3-Year,3-Year,False,912828PB0,32.0,0.569,0.54,2.95,59.10803416023547,11.91269138857209,28.97927445119244,2.8999999999999915
2010-10-13,10-Year,9-Year 10-Month,True,912828NT3,21.0,2.475,2.42,2.99,47.82488067148497,10.664472105022151,41.51064722349288,5.500000000000016
2010-10-14,30-Year,29-Year 10-Month,True,912810QK7,13.0,3.852,3.782,2.49,58.57324520819157,9.069984710377216,32.356770081431215,6.999999999999984
2010-10-26,2-Year,2-Year,False,912828PD6,35.0,0.4,0.375,3.43,44.11273301263862,15.902438813338227,39.98482817402315,2.500000000000002
2010-10-27,5-Year,5-Year,False,912828PE4,35.0,1.33,1.288,2.82,48.825347931695376,11.724119412001517,39.45053265630311,4.200000000000004
2010-10-28,7-Year,7-Year,False,912828PF1,29.0,1.97,1.939,3.06,44.30525293281285,5.475154391073821,50.21959267611332,3.0999999999999917
2010-11-08,3-Year,3-Year,False,912828PU8,32.0,0.575,0.548,3.26,51.08180092729639,13.906278452199118,35.0119206205045,2.6999999999999913
2010-11-09,10-Year,10-Year,False,912828PC8,24.0,2.636,2.559,2.8,34.03057119871279,9.36531965221103,56.60410914907617,7.699999999999996
2010-11-10,30-Year,30-Year,False,912810QL5,16.0,4.32,4.22,2.31,50.80631391568126,10.791820045511002,38.401866038807746,10.000000000000053
2010-11-22,2-Year,2-Year,False,912828PV6,35.0,0.52,0.5,3.7,47.3482735849005,14.389426768848987,38.26229964625052,2.0000000000000018
2010-11-23,5-Year,5-Year,False,912828PJ3,35.0,1.411,1.365,2.65,52.909285158700726,15.593701972829201,31.497012868470076,4.600000000000004
2010-11-24,7-Year,7-Year,False,912828PK0,29.0,2.253,2.186,2.63,49.29300190104527,8.502361604231796,42.20463649472293,6.700000000000017
2010-12-07,3-Year,3-Year,False,912828PL8,32.0,0.862,0.818,2.91,45.37223299130504,17.973611385247438,36.65415562344753,4.400000000000004
2010-12-08,10-Year,9-Year 11-Month,True,912828PC8,21.0,3.34,3.259,2.92,44.19880902749263,11.421760748115314,44.37943022439205,8.099999999999996
2010-12-09,30-Year,29-Year 11-Month,True,912810QL5,13.0,4.41,4.38,2.74,42.40704430393063,8.132578614742924,49.46037708132644,3.000000000000025
2010-12-27,2-Year,2-Year,False,912828PW4,35.0,0.74,0.72,3.71,57.57823878718001,19.84687422072204,22.57488699209794,2.0000000000000018
2010-12-28,5-Year,5-Year,False,912828PM6,35.0,2.149,2.075,2.61,58.203160232099684,6.233419662043857,35.563420105856466,7.399999999999984
2010-12-29,7-Year,7-Year,False,912828PN4,29.0,2.83,2.79,2.86,31.19047309185173,4.598128568576686,64.21139833957159,4.0000000000000036
2011-01-11,3-Year,3-Year,False,912828PQ7,32.0,1.027,0.983,3.06,44.45617806313938,16.18613586904656,39.35768606781406,4.399999999999993
2011-01-12,10-Year,9-Year 10-Month,True,912828PC8,21.0,3.388,3.35,3.3,38.46862986752318,7.967595522201871,53.56377461027495,3.799999999999981
2011-01-13,30-Year,29-Year 10-Month,True,912810QL5,13.0,4.515,4.429,2.67,49.86591990150585,12.350267919582354,37.7838121789118,8.599999999999941
2011-01-25,2-Year,2-Year,False,912828PR5,35.0,0.65,0.621,3.47,58.1326542353426,14.892835228730936,26.974510535926466,2.9000000000000026
2011-01-26,5-Year,5-Year,False,912828PS3,35.0,2.041,2.0,2.97,45.43637090618298,9.61317691964016,44.95045217417686,4.0999999999999925
2011-01-27,7-Year,7-Year,False,912828PT1,29.0,2.744,2.7,2.85,42.20430912137698,5.657463140451555,52.13822773817146,4.400000000000004
2011-02-08,3-Year,3-Year,False,912828QH6,32.0,1.349,1.308,3.01,62.2977990919751,10.11317738556982,27.589023522455076,4.0999999999999925
2011-02-09,10-Year,10-Year,False,912828PX2,24.0,3.665,3.62,3.23,28.21913819907508,0.49463425372555797,71.28622754719936,4.499999999999993
2011-02-10,30-Year,30-Year,False,912810QN1,16.0,4.75,4.67,2.51,48.92582519657594,7.989437323400002,43.08473748002405,8.000000000000007
2011-02-22,2-Year,2-Year,False,912828QK9,35.0,0.745,0.714,3.03,61.84562348181877,6.8144978803188305,31.3398786378624,3.1000000000000028
2011-02-23,5-Year,5-Year,False,912828QJ2,35.0,2.19,2.12,2.69,58.16001146008667,7.6720266447015,34.16796189521183,6.999999999999984
2011-02-24,7-Year,7-Year,False,912828PY0,29.0,2.854,2.79,2.86,45.86462398149967,4.476853397651268,49.65852262084907,6.400000000000006
2011-03-08,3-Year,3-Year,False,912828PZ7,32.0,1.298,1.267,3.22,53.30000706805483,12.335292215149082,34.36470071679609,3.100000000000014
2011-03-09,10-Year,9-Year 11-Month,True,912828PX2,21.0,3.499,3.475,3.32,40.49803327078522,6.4783361477149315,53.023630581499845,2.400000000000002
2011-03-10,30-Year,29-Year 11-Month,True,912810QN1,13.0,4.569,4.53,3.02,52.98808137548786,6.353178130522713,40.658740493989434,3.89999999999997
2011-03-28,2-Year,2-Year,False,912828QL7,35.0,0.789,0.75,3.16,53.71861310146515,13.313727852466013,32.96765904606884,3.9000000000000035
2011-03-29,5-Year,5-Year,False,912828QA1,35.0,2.26,2.201,2.79,46.40998353780293,11.184477126984499,42.40553933521257,5.899999999999972
2011-03-30,7-Year,7-Year,False,912828QB9,29.0,2.895,2.825,2.79,41.82714816888735,8.758708932752079,49.41414289836058,6.999999999999984
2011-04-12,3-Year,3-Year,False,912828QC7,32.0,1.28,1.249,3.25,57.374878810998986,8.925972844901237,33.699148344099775,3.0999999999999917
2011-04-13,10-Year,9-Year 10-Month,True,912828PX2,21.0,3.494,3.429,3.13,51.714892842208194,5.863316183903508,42.42179097388829,6.500000000000039
2011-04-14,30-Year,29-Year 10-Month,True,912810QN1,13.0,4.531,4.495,2.83,42.011888994979515,10.787876921181509,47.20023408383898,3.599999999999959
2011-04-26,2-Year,2-Year,False,912828QE3,35.0,0.673,0.64,3.06,48.779883556993184,13.364023699793664,37.856092743213146,3.300000000000003
2011-04-27,5-Year,5-Year,False,912828QF0,35.0,2.124,2.07,2.77,48.81837982226626,11.18966642185988,39.99195375587386,5.400000000000027
2011-04-28,7-Year,7-Year,False,912828QG8,29.0,2.712,2.654,2.63,53.018636351406265,7.85454635769128,39.12681729090245,5.800000000000027
2011-05-10,3-Year,3-Year,False,912828QM5,32.0,1.0,0.968,3.29,51.92541248643264,15.349669095990329,32.72491841757703,3.200000000000003
2011-05-11,10-Year,10-Year,False,912828QN3,24.0,3.21,3.175,3.0,44.425603544477084,8.398064754477117,47.1763317010458,3.500000000000014
2011-05-12,30-Year,30-Year,False,912810QQ4,16.0,4.38,4.3,2.43,58.23402786341082,8.732713687398244,33.03325844919093,8.000000000000007
2011-05-24,2-Year,2-Year,False,912828QZ6,35.0,0.56,0.54,3.46,49.566428074972556,19.146195102961837,31.287376822065603,2.0000000000000018
2011-05-25,5-Year,5-Year,False,912828QP8,35.0,1.813,1.78,3.2,43.98024886485229,8.94674272015135,47.07300841499636,3.299999999999992
2011-05-26,7-Year,7-Year,False,912828QQ6,29.0,2.429,2.4,3.24,39.35350934969875,13.002193284794682,47.644297365506574,2.8999999999999915
2011-06-07,3-Year,3-Year,False,912828QS2,32.0,0.765,0.739,3.28,55.21556041715958,9.157586014310274,35.62685356853015,2.6000000000000023
2011-06-08,10-Year,9-Year 11-Month,True,912828QN3,21.0,2.967,2.92,3.23,41.03516055204007,8.327605542366129,50.6372339055938,4.700000000000015
2011-06-09,30-Year,29-Year 11-Month,True,912810QQ4,13.0,4.238,4.17,2.63,52.30020919659947,9.308318391315245,38.39147241208529,6.8000000000000504
2011-06-27,2-Year,2-Year,False,912828RA0,35.0,0.395,0.359,3.08,64.46923627338282,13.527374327724386,22.003389398892796,3.600000000000003
2011-06-28,5-Year,5-Year,False,912828QR4,35.0,1.615,1.55,2.59,52.1390259998591,10.23964458022048,37.62132941992042,6.499999999999995
2011-06-29,7-Year,7-Year,False,912828QT0,29.0,2.43,2.36,2.62,56.07184386985391,11.754979848679907,32.173176281466176,7.000000000000028
2011-07-12,3-Year,3-Year,False,912828QU7,32.0,0.67,0.64,3.22,48.98622072439186,16.491817300149386,34.52196197545875,3.0000000000000027
2011-07-13,10-Year,9-Year 10-Month,True,912828QN3,21.0,2.918,2.891,3.17,44.110532157427116,13.896541630538362,41.99292621203452,2.7000000000000135
2011-07-14,30-Year,29-Year 10-Month,True,912810QQ4,13.0,4.198,4.17,2.8,40.28226498192733,21.927227952187746,37.790507065884924,2.800000000000047
2011-07-26,2-Year,2-Year,False,912828QW3,35.0,0.417,0.395,3.14,52.29970051972431,20.030994760313973,27.66930471996171,2.1999999999999966
2011-07-27,5-Year,5-Year,False,912828QX1,35.0,1.58,1.516,2.62,48.78047634966949,14.6283013212996,36.591222329030906,6.400000000000006
2011-07-28,7-Year,7-Year,False,912828QY9,29.0,2.28,2.222,2.63,51.18508460355967,9.262785749178251,39.55212964726208,5.799999999999983
2011-08-09,3-Year,3-Year,False,912828RB8,32.0,0.5,0.48,3.29,40.98839236053684,11.089583638815355,47.92202400064781,2.0000000000000018
2011-08-10,10-Year,10-Year,False,912828RC6,24.0,2.14,2.101,3.22,32.9817480600085,31.661987290111355,35.356264649880146,3.9000000000000146
2011-08-11,30-Year,30-Year,False,912810QS0,16.0,3.75,3.629,2.08,68.32294453105256,19.515938532989345,12.1611169359581,12.1
2011-08-23,2-Year,2-Year,False,912828RD4,35.0,0.222,0.209,3.44,52.47108299502501,15.883973897871389,31.6449431071036,1.3000000000000012
2011-08-24,5-Year,5-Year,False,912828RF9,35.0,1.029,0.979,2.71,44.006357628344404,13.850711228146547,42.142931143509045,4.999999999999993
2011-08-25,7-Year,7-Year,False,912828RE2,29.0,1.58,1.529,2.76,40.39160315063034,7.8884979431899245,51.719898906179736,5.100000000000016
2011-09-12,3-Year,3-Year,False,912828RG7,32.0,0.334,0.31,3.15,53.7000925136503,10.575017060918269,35.72489042543143,2.400000000000002
2011-09-13,10-Year,9-Year 11-Month,True,912828RC6,21.0,2.0,1.947,3.03,40.42346981076514,11.05532953853455,48.5212006507003,5.299999999999994
2011-09-14,30-Year,29-Year 11-Month,True,912810QS0,13.0,3.31,3.285,2.85,43.291025557400125,17.341645026072293,39.36732941652758,2.499999999999991
2011-09-27,2-Year,2-Year,False,912828RK8,35.0,0.249,0.225,3.76,51.08964926599915,12.161271827472438,36.74907890652841,2.3999999999999995
2011-09-28,5-Year,5-Year,False,912828RJ1,35.0,1.015,0.98,3.04,40.340151425932625,13.750407222740396,45.90944135132698,3.499999999999992
2011-09-29,7-Year,7-Year,False,912828RH5,29.0,1.496,1.439,3.02,44.737844578603294,13.642697998171682,41.61945742322502,5.699999999999994
2011-10-11,3-Year,3-Year,False,912828RL6,32.0,0.544,0.5,3.3,54.33525008505805,7.84756661409579,37.81718330084616,4.400000000000004
2011-10-12,10-Year,9-Year 10-Month,True,912828RC6,21.0,2.271,2.19,2.86,58.53235544042463,6.432067022843044,35.035577536732326,8.099999999999996
2011-10-13,30-Year,29-Year 10-Month,True,912810QS0,13.0,3.12,3.095,2.94,41.86069997021205,29.46883624986626,28.67046377992169,2.499999999999991
2011-10-25,2-Year,2-Year,False,912828RN2,35.0,0.281,0.265,3.64,52.56971239220311,8.205034486959779,39.22525312083711,1.6000000000000014
2011-10-26,5-Year,5-Year,False,912828RM4,35.0,1.055,1.029,2.9,40.349822255929,10.394206173972028,49.25597157009897,2.6000000000000023
2011-10-27,7-Year,7-Year,False,912828RP7,29.0,1.791,1.708,2.59,54.15478611558159,11.94696142507965,33.898252459338764,8.299999999999997
2011-11-08,3-Year,3-Year,False,912828RQ5,32.0,0.379,0.358,3.41,41.47106798364155,19.870642457702683,38.658289558655774,2.100000000000002
2011-11-09,10-Year,10-Year,False,912828RR3,24.0,2.03,1.969,2.64,50.203346044959844,8.239908180095918,41.55674577494424,6.099999999999972
2011-11-10,30-Year,30-Year,False,912810QT8,16.0,3.199,3.1,2.4,55.73638522172806,15.831977517378556,28.43163726089339,9.899999999999975
2011-11-21,2-Year,2-Year,False,912828RS1,35.0,0.28,0.25,4.07,46.525431661472425,11.237813355477035,42.23675498305053,3.0000000000000027
2011-11-22,5-Year,5-Year,False,912828RU6,35.0,0.937,0.9,3.15,45.09677507182278,9.557786343195945,45.345438584981274,3.7000000000000033
2011-11-23,7-Year,7-Year,False,912828RT9,29.0,1.415,1.39,3.2,41.26310370106714,18.854457151917615,39.88243914701525,2.5000000000000133
2011-12-12,3-Year,3-Year,False,912828RV4,32.0,0.352,0.319,3.62,53.872285548162445,7.001276238452451,39.12643821338509,3.299999999999997
2011-12-13,10-Year,9-Year 11-Month,True,912828RR3,21.0,2.02,1.989,3.53,29.725799138050235,8.406984409020467,61.8672164529293,3.0999999999999917
2011-12-14,30-Year,29-Year 11-Month,True,912810QT8,13.0,2.925,2.89,3.05,46.27606856782204,21.19353916171326,32.5303922704647,3.49999999999997
2011-12-19,2-Year,2-Year,False,912828RW2,35.0,0.24,0.229,3.45,63.65894475948192,14.692629891556837,21.648425348961247,1.0999999999999983
2011-12-20,5-Year,5-Year,False,912828RX0,35.0,0.88,0.82,2.86,40.32302447678741,9.102060980081598,50.57491454313099,6.000000000000005
2011-12-21,7-Year,7-Year,False,912828RY8,29.0,1.43,1.359,2.68,45.043864792258525,12.945798356537807,42.01033685120367,7.099999999999995
2012-01-10,3-Year,3-Year,False,912828RZ5,32.0,0.37,0.355,3.73,56.14683759191571,5.3312085700836445,38.52195383800064,1.5000000000000013
2012-01-11,10-Year,9-Year 10-Month,True,912828RR3,21.0,1.9,1.869,3.29,44.27866979762925,17.406040485876044,38.31528971649471,3.0999999999999917
2012-01-12,30-Year,29-Year 10-Month,True,912810QT8,13.0,2.985,2.914,2.6,60.91670003388055,7.188837896941509,31.894462069177937,7.099999999999973
2012-01-24,2-Year,2-Year,False,912828SB7,35.0,0.25,0.242,3.75,58.842098190672544,8.26567484661378,32.89222696271368,0.8000000000000007
2012-01-25,5-Year,5-Year,False,912828SC5,35.0,0.899,0.858,3.17,41.51335491157436,15.096138797543137,43.3905062908825,4.100000000000003
2012-01-26,7-Year,7-Year,False,912828SD3,29.0,1.359,1.29,2.73,56.64189620843217,11.58827405093458,31.76982974063325,6.899999999999995
2012-02-07,3-Year,3-Year,False,912828SE1,32.0,0.347,0.332,3.3,63.78507516481069,8.504265789553548,27.710659045635765,1.4999999999999958
2012-02-08,10-Year,10-Year,False,912828SF8,24.0,2.02,1.978,3.05,43.2588979102643,17.87107180742643,38.87003028230927,4.200000000000004
2012-02-09,30-Year,30-Year,False,912810QU5,16.0,3.24,3.18,2.47,56.07830462034167,14.746118477394484,29.17557690226385,6.000000000000005
2012-02-21,2-Year,2-Year,False,912828SG6,35.0,0.31,0.29,3.54,54.65032863371555,9.505068090193456,35.84460327609099,2.0000000000000018
2012-02-22,5-Year,5-Year,False,912828SJ0,35.0,0.9,0.85,2.89,45.316342878530754,12.88848723409049,41.795169887378755,5.000000000000004
2012-02-23,7-Year,7-Year,False,912828SH4,29.0,1.418,1.39,3.11,38.885116203316464,19.26671414729485,41.84816964938869,2.8000000000000025
2012-03-12,3-Year,3-Year,False,912828SK7,32.0,0.456,0.436,3.44,56.512003941680334,8.893807299538379,34.594188758781286,2.0000000000000018
2012-03-13,10-Year,9-Year 11-Month,True,912828SF8,21.0,2.076,2.025,3.24,41.99754049132976,19.369107427144204,38.63335208152604,5.100000000000016
2012-03-14,30-Year,29-Year 11-Month,True,912810QU5,13.0,3.383,3.32,2.7,56.31711902646581,14.708004165788916,28.97487680774527,6.300000000000017
2012-03-27,2-Year,2-Year,False,912828SL5,35.0,0.34,0.324,3.69,44.303722745045214,21.415620424616556,34.28065683033823,1.6000000000000014
2012-03-28,5-Year,5-Year,False,912828SM3,35.0,1.04,0.99,2.85,46.750947267028266,11.346470282311785,41.902582450659956,5.000000000000004
2012-03-29,7-Year,7-Year,False,912828SN1,29.0,1.59,1.529,2.72,43.810867813400925,13.4033994124945,42.78573277410458,6.1000000000000165
2012-04-10,3-Year,3-Year,False,912828SP6,32.0,0.427,0.403,3.36,52.18710468522032,7.809816494155716,40.00307882062397,2.399999999999997
2012-04-11,10-Year,9-Year 10-Month,True,912828SF8,21.0,2.043,1.979,3.08,50.51335022134249,10.994284516506301,38.49236526215121,6.400000000000006
2012-04-12,30-Year,29-Year 10-Month,True,912810QU5,13.0,3.23,3.171,2.76,55.93989201752877,13.386454361086141,30.67365362138509,5.900000000000016
2012-04-24,2-Year,2-Year,False,912828SR2,35.0,0.27,0.25,3.76,60.0413490202982,7.822055263937056,32.13659571576474,2.0000000000000018
2012-04-25,5-Year,5-Year,False,912828SS0,35.0,0.887,0.845,3.09,43.0859143736951,9.377388303583569,47.53669732272133,4.200000000000004
2012-04-26,7-Year,7-Year,False,912828ST8,29.0,1.347,1.307,2.83,44.11669371490617,17.64315852174224,38.24014776335159,4.0000000000000036
2012-05-08,3-Year,3-Year,False,912828SU5,32.0,0.362,0.34,3.65,53.067747486732785,11.240350365525256,35.691902147741956,2.1999999999999966
2012-05-09,10-Year,10-Year,False,912828SV3,24.0,1.855,1.81,2.9,45.48238272755371,15.79012628305724,38.72749098938905,4.499999999999993
2012-05-10,30-Year,30-Year,False,912810QW1,16.0,3.09,3.06,2.73,50.82409193940519,15.416826916491381,33.75908114410343,2.9999999999999805
2012-05-22,2-Year,2-Year,False,912828SW1,35.0,0.3,0.286,3.95,57.5098182601126,8.97836152527115,33.51182021461626,1.4000000000000012
2012-05-23,5-Year,5-Year,False,912828SY7,35.0,0.748,0.7,2.99,50.888365632429874,6.53225919018368,42.579375177386446,4.800000000000004
2012-05-24,7-Year,7-Year,False,912828SX9,29.0,1.203,1.159,2.8,41.57396552988409,15.698227194760836,42.72780727535507,4.400000000000004
2012-06-12,3-Year,3-Year,False,912828SZ4,32.0,0.387,0.374,3.53,60.90933259311677,12.045030709865081,27.045636697018153,1.3000000000000012
2012-06-13,10-Year,9-Year 11-Month,True,912828SV3,21.0,1.622,1.598,3.06,37.17186824503986,20.815461051742503,42.012670703217644,2.400000000000002
2012-06-14,30-Year,29-Year 11-Month,True,912810QW1,13.0,2.72,2.679,2.4,43.48502021923058,24.027535255202597,32.48744452556683,4.100000000000037
2012-06-26,2-Year,2-Year,False,912828TA8,35.0,0.313,0.3,3.62,60.40473501683825,7.905187786828724,31.69007719633303,1.3000000000000012
2012-06-27,5-Year,5-Year,False,912828TB6,35.0,0.752,0.699,2.61,54.13739607940084,10.713950539288396,35.14865338131077,5.300000000000004
2012-06-28,7-Year,7-Year,False,912828TC4,29.0,1.075,1.019,2.64,51.48268423860689,6.4900554571786655,42.02726030421445,5.600000000000005
2012-07-10,3-Year,3-Year,False,912828TD2,32.0,0.366,0.349,3.52,59.83260118390994,10.181949253504378,29.985449562585682,1.7000000000000015
2012-07-11,10-Year,9-Year 10-Month,True,912828SV3,21.0,1.459,1.44,3.61,14.014179186381151,45.40575002438905,40.580070789229794,1.9000000000000128
2012-07-12,30-Year,29-Year 10-Month,True,912810QW1,13.0,2.58,2.549,2.7,43.122318746328,20.124105940851376,36.75357531282062,3.100000000000014
2012-07-24,2-Year,2-Year,False,912828TF7,35.0,0.22,0.212,4.0,59.197277160216736,9.947551714880738,30.855171124902526,0.8000000000000007
2012-07-25,5-Year,5-Year,False,912828TG5,35.0,0.584,0.542,2.71,52.20874577550565,5.183761930086406,42.60749229440794,4.199999999999992
2012-07-26,7-Year,7-Year,False,912828TH3,29.0,0.954,0.91,2.64,46.64181382512894,7.0571216394597265,46.301064535411335,4.399999999999993
2012-08-07,3-Year,3-Year,False,912828TK6,32.0,0.37,0.354,3.51,61.888013619636396,8.435029721142623,29.676956659220977,1.6000000000000014
2012-08-08,10-Year,10-Year,False,912828TJ9,24.0,1.68,1.63,2.49,54.17723649982763,5.214615374240804,40.60814812593157,5.000000000000004
2012-08-09,30-Year,30-Year,False,912810QX9,16.0,2.825,2.765,2.41,55.60906112124404,7.690434301164166,36.70050457759179,6.000000000000005
2012-08-28,2-Year,2-Year,False,912828TL4,35.0,0.273,0.265,3.94,61.61646285411556,16.079872424211743,22.303664721672696,0.8000000000000007
2012-08-29,5-Year,5-Year,False,912828TM2,35.0,0.708,0.675,2.92,49.35913350127386,10.980763630978231,39.6601028677479,3.299999999999992
2012-08-30,7-Year,7-Year,False,912828TN0,29.0,1.081,1.05,2.8,43.75431796130486,17.887526571737915,38.35815546695723,3.0999999999999917
2012-09-11,3-Year,3-Year,False,912828TP5,32.0,0.337,0.32,3.94,49.802924717370686,13.38571278424809,36.81136249838123,1.7000000000000015
2012-09-12,10-Year,9-Year 11-Month,True,912828TJ9,21.0,1.764,1.72,2.85,52.2296742138692,11.603529645993705,36.166796140137095,4.400000000000004
2012-09-13,30-Year,29-Year 11-Month,True,912810QX9,13.0,2.896,2.86,2.68,48.94206675160412,12.3672531457011,38.69068010269478,3.600000000000003
2012-09-25,2-Year,2-Year,False,912828TQ3,35.0,0.273,0.264,3.6,55.32636538917824,17.499775400995606,27.17385920982615,0.9000000000000008
2012-09-26,5-Year,5-Year,False,912828TS9,35.0,0.647,0.619,3.06,47.232599378174925,10.72053057649696,42.04687004532811,2.8000000000000025
2012-09-27,7-Year,7-Year,False,912828TR1,29.0,1.055,1.023,2.61,48.1234498231333,16.9997939909296,34.876756185937104,3.200000000000003
2012-10-09,3-Year,3-Year,False,912828TT7,32.0,0.346,0.33,3.96,48.68601925085265,22.52567110813502,28.788309641012333,1.5999999999999959
2012-10-10,10-Year,9-Year 10-Month,True,912828TJ9,21.0,1.7,1.68,3.26,35.71006598783072,22.923559140667003,41.36637487150227,2.0000000000000018
2012-10-11,30-Year,29-Year 10-Month,True,912810QX9,13.0,2.904,2.844,2.49,59.312261205548324,14.159617831914717,26.52812096253696,6.000000000000005
2012-10-23,2-Year,2-Year,False,912828TU4,35.0,0.295,0.283,4.02,28.32008416441547,38.16124617515625,33.51866966042828,1.200000000000001
2012-10-24,5-Year,5-Year,False,912828TW0,35.0,0.774,0.735,2.73,42.167646102377844,15.482377450412582,42.34997644720958,3.9000000000000035
2012-10-25,7-Year,7-Year,False,912828TV2,29.0,1.267,1.227,2.56,43.7186554697339,18.035791717701855,38.24555281256424,3.9999999999999813
2012-11-06,3-Year,3-Year,False,912828TX8,32.0,0.392,0.377,3.41,52.68810959626558,22.251978490100484,25.059911913633925,1.5000000000000013
2012-11-07,10-Year,10-Year,False,912828TY6,24.0,1.675,1.63,2.59,46.190650382959824,14.115758774279943,39.69359084276023,4.500000000000015
2012-11-08,30-Year,30-Year,False,912810QY7,16.0,2.82,2.8,2.77,42.14684414330618,12.421649241010906,45.43150661568291,2.0000000000000018
2012-11-27,2-Year,2-Year,False,912828TZ3,35.0,0.27,0.261,4.07,41.937905813737416,23.643986138485353,34.41810804777724,0.9000000000000008
2012-11-28,5-Year,5-Year,False,912828UA6,35.0,0.641,0.618,2.89,38.75541982532755,15.885812005596634,45.358768169075816,2.300000000000002
2012-11-29,7-Year,7-Year,False,912828UB4,29.0,1.045,1.009,2.81,41.21076483220573,19.707021561943723,39.08221360585055,3.600000000000003
2012-12-11,3-Year,3-Year,False,912828UC2,32.0,0.327,0.307,3.36,53.25866647754927,24.79355816756534,21.947775354885398,2.0000000000000018
2012-12-12,10-Year,9-Year 11-Month,True,912828TY6,21.0,1.652,1.634,2.95,33.1027974127864,42.70809004723524,24.18911253997836,1.8000000000000016
2012-12-13,30-Year,29-Year 11-Month,True,912810QY7,13.0,2.917,2.855,2.5,46.060423513109086,20.273969966270997,33.665606520619924,6.199999999999983
2012-12-17,2-Year,2-Year,False,912828UD0,35.0,0.245,0.234,3.59,53.86741423673567,28.433597924409028,17.698987838855306,1.0999999999999983
2012-12-18,5-Year,5-Year,False,912828UE8,35.0,0.769,0.738,2.72,37.15752100900488,30.397789580678875,32.44468941031624,3.1000000000000028
2012-12-19,7-Year,7-Year,False,912828UF5,29.0,1.233,1.2,2.72,37.001612952773584,23.105298237487535,39.89308880973888,3.300000000000014
2013-01-08,3-Year,3-Year,False,912828UG3,32.0,0.385,0.37,3.62,45.216563892133415,26.379101927601024,28.40433418026556,1.5000000000000013
2013-01-09,10-Year,9-Year 10-Month,True,912828TY6,21.0,1.863,1.82,2.83,56.74042834695868,14.777641936535375,28.481929716505945,4.299999999999993
2013-01-10,30-Year,29-Year 10-Month,True,912810QY7,13.0,3.07,3.032,2.77,45.49878324894798,16.652893591087505,37.848323159964515,3.799999999999981
2013-01-28,2-Year,2-Year,False,912828UK4,35.0,0.288,0.269,3.77,52.00042611110991,29.990333323976166,18.009240564913924,1.8999999999999961
2013-01-29,5-Year,5-Year,False,912828UJ7,35.0,0.889,0.857,2.88,43.46929685403717,16.83925022977423,39.69145291618861,3.200000000000003
2013-01-30,7-Year,7-Year,False,912828UL2,29.0,1.416,1.368,2.6,42.0410870511138,19.746822588088353,38.21209036079785,4.799999999999982
2013-02-12,3-Year,3-Year,False,912828UM0,32.0,0.411,0.395,3.59,55.11856350246453,26.859058971089596,18.022377526445872,1.5999999999999959
2013-02-13,10-Year,10-Year,False,912828UN8,24.0,2.046,2.01,2.68,47.7310557945474,24.24790186786471,28.021042337587886,3.600000000000003
2013-02-14,30-Year,30-Year,False,912810QZ4,16.0,3.18,3.139,2.74,49.139588203785564,14.486205878083089,36.374205918131345,4.100000000000037
2013-02-25,2-Year,2-Year,False,912828UP3,35.0,0.257,0.249,3.33,46.41375518453419,31.584905252018903,22.00133956344691,0.8000000000000007
2013-02-26,5-Year,5-Year,False,912828UR9,35.0,0.777,0.743,2.85,43.980811643914834,14.304093009141154,41.71509534694402,3.400000000000003
2013-02-27,7-Year,7-Year,False,912828UQ1,29.0,1.26,1.22,2.65,48.363968416704964,18.220236314236026,33.41579526905901,4.0000000000000036
2013-03-12,3-Year,3-Year,False,912828US7,32.0,0.411,0.4,3.51,56.041863351999254,23.370279758073803,20.58785688992694,1.0999999999999954
2013-03-13,10-Year,9-Year 11-Month,True,912828UN8,21.0,2.029,2.005,3.19,22.26693886871958,30.043243824756132,47.68981730652428,2.400000000000002
2013-03-14,30-Year,29-Year 11-Month,True,912810QZ4,13.0,3.248,3.185,2.43,53.14561831844009,4.874658551538413,41.97972313002149,6.300000000000017
2013-03-26,2-Year,2-Year,False,912828UT5,35.0,0.255,0.244,3.27,57.56268323124261,21.812985890023707,20.624330878733687,1.100000000000001
2013-03-27,5-Year,5-Year,False,912828UU2,35.0,0.76,0.725,2.73,37.082050865710585,16.83606239984558,46.081886734443835,3.500000000000003
2013-03-28,7-Year,7-Year,False,912828UV0,29.0,1.248,1.204,2.56,45.01105376646141,19.507681586865967,35.48126464667263,4.400000000000004
2013-04-09,3-Year,3-Year,False,912828UW8,32.0,0.342,0.324,3.24,64.86091620504571,16.164866409433014,18.974217385521268,1.8000000000000016
2013-04-10,10-Year,9-Year 10-Month,True,912828UN8,21.0,1.795,1.759,2.79,33.5914239543676,29.081984266937518,37.32659177869489,3.600000000000003
2013-04-11,30-Year,29-Year 10-Month,True,912810QZ4,13.0,2.998,2.95,2.49,49.32391354737069,19.23524213182016,31.440844320809152,4.800000000000004
2013-04-23,2-Year,2-Year,False,912828UY4,35.0,0.233,0.22,3.63,51.60762578254465,27.734000989688823,20.658373227766525,1.3000000000000012
2013-04-24,5-Year,5-Year,False,912828UZ1,35.0,0.71,0.678,2.86,42.44490813498172,13.961987063664061,43.593104801354215,3.1999999999999917
2013-04-25,7-Year,7-Year,False,912828VA5,29.0,1.155,1.12,2.71,41.00405368323474,19.725129934895136,39.27081638187013,3.499999999999992
2013-05-07,3-Year,3-Year,False,912828VC1,32.0,0.354,0.34,3.38,54.686102243942855,14.60689410560876,30.707003650448378,1.3999999999999957
2013-05-08,10-Year,10-Year,False,912828VB3,24.0,1.81,1.774,2.7,49.23814677454271,16.884065751150583,33.8777874743067,3.600000000000003
2013-05-09,30-Year,30-Year,False,912810RB6,16.0,2.98,2.944,2.53,45.709163772610715,15.476808767636143,38.814027459753135,3.600000000000003
2013-05-28,2-Year,2-Year,False,912828VD9,35.0,0.283,0.271,3.04,65.47058095454663,12.60178865954158,21.927630385911787,1.1999999999999955
2013-05-29,5-Year,5-Year,False,912828VE7,35.0,1.045,1.01,2.79,32.62378014229888,23.330556406728377,44.04566345097275,3.499999999999992
2013-05-30,7-Year,7-Year,False,912828VF4,29.0,1.496,1.47,2.7,38.47893897084519,20.677971586206493,40.84308944294832,2.6000000000000023
2013-06-11,3-Year,3-Year,False,912828VG2,32.0,0.581,0.56,2.95,58.441997403182576,8.43118465204341,33.12681794477402,2.0999999999999908
2013-06-12,10-Year,9-Year 11-Month,True,912828VB3,21.0,2.209,2.168,2.53,36.57931919527118,11.747129890014701,51.67355091471412,4.0999999999999925
2013-06-13,30-Year,29-Year 11-Month,True,912810RB6,13.0,3.355,3.285,2.47,51.263921790828505,8.499190399408088,40.2368878097634,6.999999999999984
2013-06-25,2-Year,2-Year,False,912828VH0,35.0,0.43,0.404,3.05,56.33943633950251,7.8321033382853456,35.82846032221214,2.599999999999997
2013-06-26,5-Year,5-Year,False,912828VK3,35.0,1.484,1.429,2.45,43.45393796348232,3.5575338056473704,52.988528230870315,5.499999999999994
2013-06-27,7-Year,7-Year,False,912828VJ6,29.0,1.932,1.898,2.61,37.844160252624846,15.72067805571663,46.43516169165853,3.400000000000003
2013-07-09,3-Year,3-Year,False,912828VL1,32.0,0.719,0.695,3.35,51.45307642713429,12.972228110555411,35.574695462310295,2.400000000000002
2013-07-10,10-Year,9-Year 10-Month,True,912828VB3,21.0,2.67,2.637,2.57,45.161291921689525,16.272513532591148,38.56619454571933,3.299999999999992
2013-07-11,30-Year,29-Year 10-Month,True,912810RB6,13.0,3.66,3.619,2.26,43.44713349887567,16.338885871180644,40.213980629943684,4.0999999999999925
2013-07-23,2-Year,2-Year,False,912828VN7,35.0,0.336,0.315,3.08,53.244937795894685,16.368892213370962,30.386169990734345,2.100000000000002
2013-07-24,5-Year,5-Year,False,912828VQ0,35.0,1.41,1.373,2.46,37.791424168225085,8.30687889284922,53.90169693892569,3.699999999999992
2013-07-25,7-Year,7-Year,False,912828VP2,29.0,2.026,1.99,2.54,34.874817247048874,16.55852130697597,48.56666144597516,3.599999999999981
2013-08-06,3-Year,3-Year,False,912828VR8,32.0,0.631,0.614,3.21,44.668800706804646,13.962154617597244,41.36904467559812,1.7000000000000015
2013-08-07,10-Year,10-Year,False,912828VS6,24.0,2.62,2.589,2.45,38.48420656574181,15.171590493162961,46.34420294109523,3.100000000000014
2013-08-08,30-Year,30-Year,False,912810RC4,16.0,3.652,3.599,2.11,42.72734636156068,17.089580034657015,40.18307360378231,5.299999999999994
2013-08-27,2-Year,2-Year,False,912828VU1,34.0,0.386,0.372,3.21,54.59660346455089,26.099618612944347,19.303777922504768,1.4000000000000012
2013-08-28,7-Year,5-Year,True,912828RE2,35.0,1.624,1.587,2.38,46.93296665331974,12.737019045747763,40.3300143009325,3.7000000000000144
2013-08-29,7-Year,7-Year,False,912828VV9,29.0,2.221,2.19,2.43,36.790886297074586,22.395307975870782,40.81380572705463,3.100000000000014
2013-09-10,3-Year,3-Year,False,912828VW7,31.0,0.913,0.897,3.29,46.83334035458396,20.039859099702838,33.1268005457132,1.6000000000000014
2013-09-11,10-Year,9-Year 11-Month,True,912828VS6,21.0,2.946,2.908,2.86,33.81695575762207,29.585657522732483,36.59738671964545,3.8000000000000256
2013-09-12,30-Year,29-Year 11-Month,True,912810RC4,13.0,3.82,3.779,2.4,41.72650842655539,20.576270142508488,37.697221430936125,4.0999999999999925
2013-09-24,2-Year,2-Year,False,912828VY3,33.0,0.348,0.33,3.09,54.20829045721225,21.783432352106065,24.00827719068169,1.799999999999996
2013-09-25,7-Year,5-Year,True,912828RH5,35.0,1.436,1.398,2.67,43.37546051657931,11.77378153014833,44.85075795327236,3.8000000000000034
2013-09-26,7-Year,7-Year,False,912828VZ0,29.0,2.058,2.017,2.46,40.209701813466616,17.797738000009776,41.99256018652361,4.0999999999999925
2013-10-08,3-Year,3-Year,False,912828WA4,30.0,0.71,0.684,3.05,45.84233096657949,19.747103086286263,34.410565947134245,2.599999999999991
2013-10-09,10-Year,9-Year 10-Month,True,912828VS6,21.0,2.657,2.623,2.58,40.235211963610325,21.167485648870617,38.59730238751905,3.399999999999981
2013-10-10,30-Year,29-Year 10-Month,True,912810RC4,13.0,3.758,3.74,2.64,35.47981682343425,22.647564758307567,41.87261841825818,1.7999999999999794
2013-10-28,2-Year,2-Year,False,912828WB2,32.0,0.323,0.305,3.32,40.01029314680522,30.967631391955976,29.022075461238806,1.8000000000000016
2013-10-29,5-Year,5-Year,False,912828WD8,35.0,1.3,1.267,2.65,41.87327557758431,12.235323393223549,45.891401029192146,3.300000000000014
2013-10-30,7-Year,7-Year,False,912828WC0,29.0,1.87,1.837,2.66,33.76540387523357,23.933595250860858,42.30100087390558,3.300000000000014
2013-11-12,3-Year,3-Year,False,912828WF3,30.0,0.644,0.621,3.46,47.286699718504146,19.44271689117419,33.27058339032167,2.300000000000002
2013-11-13,10-Year,10-Year,False,912828WE6,24.0,2.75,2.719,2.7,33.76964999702465,18.56129267105282,47.669057331922524,3.100000000000014
2013-11-14,30-Year,30-Year,False,912810RD2,16.0,3.81,3.758,2.16,46.479960133522866,18.26987692171099,35.25016294476614,5.200000000000005
2013-11-25,2-Year,2-Year,False,912828A26,32.0,0.3,0.28,3.54,50.25037228997002,27.2823099966512,22.46731771337878,1.9999999999999962
2013-11-26,5-Year,5-Year,False,912828A34,35.0,1.34,1.308,2.61,39.19055595145024,10.808023783139687,50.00142026541007,3.200000000000003
2013-11-27,7-Year,7-Year,False,912828A42,29.0,2.106,2.059,2.36,49.78941773769911,16.139994845136076,34.070587417164816,4.699999999999971
2013-12-10,3-Year,3-Year,False,912828A59,30.0,0.631,0.61,3.55,49.56262916956035,12.03504189081723,38.40232893962242,2.100000000000002
2013-12-11,10-Year,9-Year 11-Month,True,912828WE6,21.0,2.824,2.783,2.61,40.49545158434976,10.571998289401549,48.93255012624869,4.0999999999999925
2013-12-12,30-Year,29-Year 11-Month,True,912810RD2,13.0,3.9,3.859,2.35,41.44854738984066,12.543212135328424,46.00824047483091,4.0999999999999925
2013-12-17,2-Year,2-Year,False,912828A67,32.0,0.345,0.329,3.77,48.20948120714518,30.241068245132574,21.54945054772224,1.5999999999999959
2013-12-18,5-Year,5-Year,False,912828A75,35.0,1.6,1.555,2.42,62.38160625040643,11.797702475652946,25.82069127394062,4.500000000000015
2013-12-19,7-Year,7-Year,False,912828A83,29.0,2.385,2.338,2.45,41.19879134176184,17.060548088720427,41.740660569517736,4.699999999999971
2014-01-07,3-Year,3-Year,False,912828A91,30.0,0.799,0.779,3.25,49.44409842098818,22.603003126530034,27.952898452481783,2.0000000000000018
2014-01-08,10-Year,9-Year 10-Month,True,912828WE6,21.0,3.009,2.975,2.68,39.76251773697215,13.617124124266,46.62035813876185,3.399999999999981
2014-01-09,30-Year,29-Year 10-Month,True,912810RD2,13.0,3.899,3.86,2.57,38.08430789328958,17.4912790486934,44.424413058017024,3.9000000000000146
2014-01-28,2-Year,2-Year,False,912828B41,32.0,0.38,0.36,3.3,49.1654644790821,22.378112843273897,28.45642267764401,2.0000000000000018
2014-01-30,7-Year,7-Year,False,912828B58,29.0,2.19,2.169,2.65,32.300358967683934,19.936257945746405,47.76338308656967,2.0999999999999908
2014-01-30,5-Year,5-Year,False,912828B33,35.0,1.572,1.539,2.59,44.72578247764785,10.713464484328416,44.56075303802373,3.300000000000014
2014-02-11,3-Year,3-Year,False,912828B74,30.0,0.715,0.697,3.42,41.30817721041965,16.646734275112994,42.04508851446735,1.8000000000000016
2014-02-12,10-Year,10-Year,False,912828B66,24.0,2.795,2.763,2.54,34.050633035763504,16.243130352668047,49.70623661156845,3.200000000000003
2014-02-13,30-Year,30-Year,False,912810RE0,16.0,3.69,3.66,2.27,40.81855342079454,13.9281318648463,45.25331471435916,2.9999999999999805
2014-02-25,2-Year,2-Year,False,912828B82,32.0,0.34,0.32,3.6,46.41809788081094,19.2760915848142,34.30581053437486,2.0000000000000018
2014-02-26,5-Year,5-Year,False,912828C24,35.0,1.53,1.508,2.98,40.152396584678776,9.196760175744275,50.65084323957695,2.200000000000002
2014-02-27,7-Year,7-Year,False,912828B90,29.0,2.105,2.073,2.72,34.27802241418973,24.602123870501757,41.119853715308516,3.200000000000003
2014-03-11,3-Year,3-Year,False,912828C32,30.0,0.802,0.78,3.25,54.596585065765964,15.45819171975397,29.945223214480066,2.200000000000002
2014-03-12,10-Year,9-Year 11-Month,True,912828B66,21.0,2.729,2.709,2.92,29.09168197838017,27.496392837661276,43.41192518395856,2.0000000000000018
2014-03-13,30-Year,29-Year 11-Month,True,912810RE0,13.0,3.63,3.572,2.35,48.647393047549166,12.594094300419767,38.758512652031065,5.799999999999983
2014-03-25,2-Year,2-Year,False,912828C40,32.0,0.469,0.45,3.2,37.53169425848138,21.53402998881434,40.93427575270429,1.8999999999999961
2014-03-26,5-Year,5-Year,False,912828C65,35.0,1.715,1.699,2.99,25.946875259182033,23.113061039546373,50.9400637012716,1.6000000000000014
2014-03-27,7-Year,7-Year,False,912828C57,29.0,2.258,2.229,2.59,25.963166693654284,32.60598476311186,41.43084854323386,2.8999999999999915
2014-04-08,3-Year,3-Year,False,912828C73,30.0,0.895,0.873,3.36,48.775340496913415,23.966016356927526,27.258643146159056,2.200000000000002
2014-04-09,10-Year,9-Year 10-Month,True,912828B66,21.0,2.72,2.686,2.76,40.11016650377173,15.214943599316022,44.67488989691225,3.4000000000000252
2014-04-10,30-Year,29-Year 10-Month,True,912810RE0,13.0,3.525,3.486,2.52,38.76286635354227,17.90156939757115,43.33556424888657,3.89999999999997
2014-04-22,2-Year,2-Year,False,912828C81,32.0,0.447,0.435,3.35,57.68209352651857,18.955939810183757,23.36196666329767,1.200000000000001
2014-04-23,5-Year,5-Year,False,912828D23,35.0,1.732,1.7,2.79,36.50101578196338,18.56703593846807,44.93194827956855,3.200000000000003
2014-04-24,7-Year,7-Year,False,912828WG1,29.0,2.317,2.278,2.6,31.007342899127128,19.086313236180512,49.90634386469236,3.9000000000000146
2014-05-06,3-Year,3-Year,False,912828WH9,29.0,0.928,0.907,3.4,47.396701432207195,24.480180315052312,28.123118252740493,2.100000000000002
2014-05-07,10-Year,10-Year,False,912828WJ5,24.0,2.612,2.585,2.63,29.101364283783393,21.617628687353687,49.281007028862916,2.7000000000000135
2014-05-08,30-Year,30-Year,False,912810RG5,16.0,3.44,3.366,2.09,51.18295480257187,8.439481094623238,40.377564102804904,7.399999999999984
2014-05-27,2-Year,2-Year,False,912828WM8,31.0,0.392,0.37,3.52,55.91179809827514,25.226220375538794,18.861981526186064,2.200000000000002
2014-05-28,5-Year,5-Year,False,912828WL0,35.0,1.513,1.47,2.73,39.08125871618589,10.484883696656649,50.43385758715746,4.299999999999993
2014-05-29,7-Year,7-Year,False,912828WN6,29.0,2.01,1.97,2.6,35.550378074186625,24.09058878282372,40.35903314298965,3.9999999999999813
2014-06-10,3-Year,3-Year,False,912828WP1,28.0,0.93,0.905,3.41,54.12925549085094,19.400122205974984,26.47062230317408,2.500000000000002
2014-06-11,10-Year,9-Year 11-Month,True,912828WJ5,21.0,2.648,2.606,2.88,44.52137549926993,19.414679781163805,36.063944719566265,4.200000000000026
2014-06-12,30-Year,29-Year 11-Month,True,912810RG5,13.0,3.444,3.424,2.69,26.479963824239682,21.759334981767804,51.76070119399252,2.0000000000000018
2014-06-24,2-Year,2-Year,False,912828WQ9,30.0,0.511,0.494,3.23,53.581888867799655,23.29103471430851,23.127076417891836,1.7000000000000015
2014-06-25,5-Year,5-Year,False,912828WS5,35.0,1.67,1.637,2.74,38.17117404573818,9.323056098876648,52.505769855385175,3.299999999999992
2014-06-26,7-Year,7-Year,False,912828WR7,29.0,2.152,2.11,2.44,42.71590949866545,16.661238279514095,40.62285222182046,4.200000000000026
2014-07-08,3-Year,3-Year,False,912828WT3,27.0,0.992,0.974,3.38,49.0782876315171,12.722786219354926,38.19892614912798,1.8000000000000016
2014-07-09,10-Year,9-Year 10-Month,True,912828WJ5,21.0,2.597,2.56,2.57,46.45607600631352,13.910916757531625,39.633007236154846,3.699999999999992
2014-07-10,30-Year,29-Year 10-Month,True,912810RG5,13.0,3.369,3.322,2.4,35.676554493317255,11.087952900000863,53.23549260668188,4.700000000000015
2014-07-28,2-Year,2-Year,False,912828WX4,29.0,0.544,0.525,3.22,58.67561634505448,14.348398831489535,26.97598482345599,1.9000000000000017
2014-07-29,5-Year,5-Year,False,912828WW6,35.0,1.72,1.696,2.81,25.89804467251674,25.885890006798945,48.216065320684315,2.400000000000002
2014-07-30,7-Year,7-Year,False,912828WY2,29.0,2.25,2.205,2.58,37.39995454324354,15.2019361925675,47.39810926418896,4.499999999999993
2014-08-12,3-Year,3-Year,False,912828D49,27.0,0.924,0.9,3.03,44.77510673049606,19.02679011532179,36.19810315418215,2.400000000000002
2014-08-13,10-Year,10-Year,False,912828D56,24.0,2.439,2.4,2.83,37.910599138034165,15.10396577024609,46.985435091719744,3.9000000000000146
2014-08-14,30-Year,30-Year,False,912810RH3,16.0,3.224,3.209,2.6,29.786843224228615,24.358041214082366,45.85511556168902,1.5000000000000124
2014-08-26,2-Year,2-Year,False,912828D64,29.0,0.53,0.507,3.48,48.034726197290595,12.13759562795867,39.82767817475074,2.300000000000002
2014-08-27,5-Year,5-Year,False,912828D80,35.0,1.646,1.611,2.81,36.44574544752963,10.842753363240904,52.71150118922946,3.499999999999992
2014-08-28,7-Year,7-Year,False,912828D72,29.0,2.045,2.0,2.57,30.729425342975663,20.428921056836856,48.84165360018748,4.499999999999993
2014-09-09,3-Year,3-Year,False,912828D98,27.0,1.066,1.035,3.17,46.62537638255373,20.26503294278985,33.10959067465642,3.100000000000014
2014-09-10,10-Year,9-Year 11-Month,True,912828D56,21.0,2.535,2.491,2.71,33.516039487783594,13.469409033230537,53.01455147898587,4.400000000000004
2014-09-11,30-Year,29-Year 11-Month,True,912810RH3,13.0,3.24,3.222,2.67,32.78890278568768,21.751867966573688,45.459229247738634,1.8000000000000238
2014-09-23,2-Year,2-Year,False,912828F47,29.0,0.589,0.57,3.56,42.98000839849529,16.106849591192937,40.913142010311766,1.9000000000000017
2014-09-24,5-Year,5-Year,False,912828F39,35.0,1.8,1.763,2.56,40.960517135411365,8.78611573942083,50.253367125167806,3.7000000000000144
2014-09-25,7-Year,7-Year,False,912828F21,29.0,2.235,2.197,2.48,41.65235854837837,10.020697544230028,48.3269439073916,3.799999999999981
2014-10-07,3-Year,3-Year,False,912828F54,27.0,0.994,0.975,3.42,47.04370368634411,17.425113957203887,35.531182356452,1.9000000000000017
2014-10-08,10-Year,9-Year 10-Month,True,912828D56,21.0,2.381,2.34,2.52,48.980428224911,6.647827185085993,44.371744590003004,4.0999999999999925
2014-10-09,30-Year,29-Year 10-Month,True,912810RH3,13.0,3.074,3.04,2.4,32.24106599775124,21.542413733946802,46.216520268301956,3.399999999999981
2014-10-28,2-Year,2-Year,False,912828F88,29.0,0.425,0.404,3.11,47.15797892834656,16.187813440931883,36.65420763072155,2.099999999999996
2014-10-29,5-Year,5-Year,False,912828F62,35.0,1.567,1.526,2.36,41.71165816061513,10.497558940168778,47.7907828992161,4.0999999999999925
2014-10-30,7-Year,7-Year,False,912828F96,29.0,2.018,1.98,2.42,37.95414974613555,15.417749582383406,46.62810067148105,3.799999999999981
2014-11-10,3-Year,3-Year,False,912828G20,26.0,0.998,0.964,3.18,47.069945481136614,15.186787265960927,37.743267252902456,3.400000000000003
2014-11-12,10-Year,10-Year,False,912828G38,24.0,2.365,2.328,2.52,41.95091641030913,13.391014824862044,44.65806876482883,3.7000000000000366
2014-11-13,30-Year,30-Year,False,912810RJ9,16.0,3.092,3.045,2.29,42.45396795946594,13.761288073585382,43.78474396694868,4.700000000000015
2014-11-24,2-Year,2-Year,False,912828G46,28.0,0.542,0.52,3.71,47.9722666281095,16.2027080183052,35.825025353585296,2.200000000000002
2014-11-25,5-Year,5-Year,False,912828G61,35.0,1.595,1.575,2.91,25.07891032041015,9.871746862476785,65.04934281711307,2.0000000000000018
2014-11-26,7-Year,7-Year,False,912828G53,29.0,1.96,1.922,2.63,37.13024596033232,12.843589588743281,50.026164450924405,3.8000000000000034
2014-12-09,3-Year,3-Year,False,912828G79,25.0,1.066,1.04,3.24,47.73310489434348,10.078881194437187,42.188013911219336,2.6000000000000023
2014-12-10,10-Year,9-Year 11-Month,True,912828G38,21.0,2.214,2.179,2.97,39.29658556854578,6.884443217935322,53.81897121351889,3.500000000000014
2014-12-11,30-Year,29-Year 11-Month,True,912810RJ9,13.0,2.848,2.819,2.76,25.904461268474517,24.257534735065857,49.838003996459626,2.8999999999999915
2014-12-22,2-Year,2-Year,False,912828H29,27.0,0.703,0.677,3.21,49.806153838966836,14.541615376889352,35.6522307841438,2.599999999999991
2014-12-23,5-Year,5-Year,False,912828G95,35.0,1.739,1.695,2.39,33.914512540100624,7.349223534269947,58.73626392562943,4.400000000000004
2014-12-24,7-Year,7-Year,False,912828G87,29.0,2.125,2.087,2.39,37.58340332837188,5.916147381093233,56.500449290534895,3.799999999999981
2015-01-12,3-Year,3-Year,False,912828H37,24.0,0.926,0.9,3.33,39.3783316811653,14.840157680475171,45.78151063835953,2.6000000000000023
2015-01-13,10-Year,9-Year 10-Month,True,912828G38,21.0,1.93,1.89,2.61,40.791896704275366,9.19008325090128,50.01802004482335,4.0000000000000036
2015-01-14,30-Year,29-Year 10-Month,True,912810RJ9,13.0,2.43,2.374,2.32,37.398330451701966,13.6916009916064,48.910068556691634,5.600000000000005
2015-01-28,2-Year,2-Year,False,912828H78,26.0,0.54,0.509,3.74,42.59850077526007,8.753832582684693,48.647666642055235,3.1000000000000028
2015-01-29,7-Year,7-Year,False,912828H86,29.0,1.59,1.555,2.5,29.041576270749296,14.888316492830189,56.07010723642052,3.500000000000014
2015-01-29,5-Year,5-Year,False,912828H52,35.0,1.288,1.256,2.49,27.445763734392308,9.488692357928178,63.06554390767951,3.200000000000003
2015-02-10,3-Year,3-Year,False,912828H94,24.0,1.05,1.02,3.34,43.94289950933487,7.160759340847698,48.89634114981743,3.0000000000000027
2015-02-11,10-Year,10-Year,False,912828J27,24.0,2.0,1.97,2.62,27.78827987177406,12.701594644258984,59.51012548396696,3.0000000000000027
2015-02-12,30-Year,30-Year,False,912810RK6,16.0,2.56,2.506,2.26,35.14646823508545,15.453735184239314,49.399796580675236,5.400000000000027
2015-02-24,2-Year,2-Year,False,912828J35,26.0,0.603,0.58,3.45,38.51585180126476,13.274014799512003,48.21013339922324,2.300000000000002
2015-02-25,5-Year,5-Year,False,912828J50,35.0,1.48,1.44,2.54,32.425050908447,7.491636372316258,60.083312719236744,4.0000000000000036
2015-02-26,7-Year,7-Year,False,912828J43,29.0,1.834,1.78,2.37,37.146197512283095,10.536389143397457,52.317413344319455,5.400000000000005
2015-03-10,3-Year,3-Year,False,912828J68,24.0,1.104,1.08,3.33,40.53399092852914,8.042158548951022,51.42385052251983,2.400000000000002
2015-03-11,10-Year,9-Year 11-Month,True,912828J27,21.0,2.139,2.105,2.65,31.188981995883573,10.197434769309352,58.61358323480707,3.399999999999981
2015-03-12,30-Year,29-Year 11-Month,True,912810RK6,13.0,2.681,2.622,2.18,36.55870102473689,11.563270381177485,51.87802859408562,5.900000000000016
2015-03-24,2-Year,2-Year,False,912828J92,26.0,0.598,0.56,3.46,35.98994340372607,18.306984894420598,45.703071701853325,3.7999999999999923
2015-03-25,5-Year,5-Year,False,912828J84,35.0,1.387,1.338,2.35,39.58682330818711,4.723969729306782,55.68920696250611,4.899999999999993
2015-03-26,7-Year,7-Year,False,912828J76,29.0,1.792,1.735,2.32,37.19004597972852,12.2951150514356,50.51483896883588,5.699999999999994
2015-04-07,3-Year,3-Year,False,912828K25,24.0,0.865,0.835,3.25,39.51362312299612,11.064567806715116,49.42180907028876,3.0000000000000027
2015-04-08,10-Year,9-Year 10-Month,True,912828J27,21.0,1.925,1.888,2.62,32.24455468929159,9.298565373293254,58.45687993741515,3.7000000000000144
2015-04-09,30-Year,29-Year 10-Month,True,912810RK6,13.0,2.597,2.529,2.18,41.767618265293294,6.973636498196899,51.2587452365098,6.800000000000006
2015-04-27,2-Year,2-Year,False,912828K66,26.0,0.54,0.505,3.3,47.300646644729795,14.607674810946028,38.09167854432418,3.500000000000003
2015-04-28,5-Year,5-Year,False,912828K58,35.0,1.38,1.348,2.56,33.22700397972162,5.5742043213010835,61.198791698977296,3.1999999999999806
2015-04-29,7-Year,7-Year,False,912828WZ9,29.0,1.82,1.78,2.44,33.04897238718624,12.838820120366783,54.11220749244697,4.0000000000000036
2015-05-12,3-Year,3-Year,False,912828XA3,24.0,1.0,0.969,3.34,35.6954712793443,11.603504505826548,52.701024214829154,3.1000000000000028
2015-05-13,10-Year,10-Year,False,912828XB1,24.0,2.237,2.22,2.72,18.935198822719148,20.89343658409848,60.17136459318236,1.6999999999999904
2015-05-14,30-Year,30-Year,False,912810RM2,16.0,3.044,2.98,2.2,38.04276507742914,11.138857434827514,50.81837748774335,6.400000000000006
2015-05-26,5-Year,2-Year,True,912828SY7,26.0,0.648,0.62,3.4,40.49451940195642,17.23606682989341,42.26941376815018,2.8000000000000025
2015-05-27,5-Year,5-Year,False,912828XE5,35.0,1.56,1.52,2.46,31.558321476516614,9.960873939702132,58.48080458378126,4.0000000000000036
2015-05-28,7-Year,7-Year,False,912828XD7,29.0,1.888,1.858,2.49,34.184597561692335,11.990192079256323,53.82521035905135,2.9999999999999805
2015-06-09,3-Year,3-Year,False,912828XF2,24.0,1.125,1.09,3.33,39.6327812482139,9.665908042617081,50.701310709169015,3.499999999999992
2015-06-10,10-Year,9-Year 11-Month,True,912828XB1,21.0,2.461,2.434,2.74,29.96613799090498,12.147036347193572,57.886825661901455,2.699999999999969
2015-06-11,30-Year,29-Year 11-Month,True,912810RM2,13.0,3.138,3.1,2.54,33.598478290473984,14.397703732996606,52.00381797652941,3.799999999999981
2015-06-23,2-Year,2-Year,False,912828XJ4,26.0,0.692,0.66,3.28,37.24390166258649,10.146141142435203,52.60995719497831,3.1999999999999917
2015-06-24,5-Year,5-Year,False,912828XH8,35.0,1.71,1.668,2.39,37.86750730814795,5.559518625596978,56.572974066255064,4.200000000000004
2015-06-25,7-Year,7-Year,False,912828XG0,29.0,2.153,2.12,2.38,31.465353188682393,11.892095534202452,56.642551277115146,3.299999999999992
2015-07-07,3-Year,3-Year,False,912828XK1,24.0,0.932,0.89,3.16,38.377279651977844,13.884843392126333,47.73787695589582,4.200000000000004
2015-07-08,10-Year,9-Year 10-Month,True,912828XB1,21.0,2.225,2.19,2.72,29.79468412506552,12.083648135901685,58.1216677390328,3.500000000000014
2015-07-09,30-Year,29-Year 10-Month,True,912810RM2,13.0,3.084,3.023,2.23,40.80019183788313,8.121547620559756,51.07826054155711,6.099999999999994
2015-07-28,2-Year,2-Year,False,912828XP0,26.0,0.69,0.651,3.42,27.753017033582744,17.880413799026616,54.366569167390644,3.8999999999999924
2015-07-29,5-Year,5-Year,False,912828XM7,35.0,1.625,1.59,2.58,27.21246796718534,5.3018663775779356,67.48566565523673,3.499999999999992
2015-07-30,7-Year,7-Year,False,912828XQ8,29.0,2.021,1.975,2.47,38.844691758144506,12.00545987616099,49.1498483656945,4.599999999999982
2015-08-11,3-Year,3-Year,False,912828K82,24.0,1.013,0.965,3.34,39.0340443212355,8.159700843596857,52.80625483516764,4.799999999999994
2015-08-12,10-Year,10-Year,False,912828K74,24.0,2.115,2.05,2.4,34.046273513055546,5.816820073821038,60.13690641312341,6.500000000000039
2015-08-13,30-Year,30-Year,False,912810RN0,16.0,2.88,2.81,2.26,38.19427182381746,9.92418783467166,51.88154034151088,6.999999999999984
2015-08-25,5-Year,2-Year,True,912828TM2,26.0,0.663,0.64,3.16,42.63614848715001,10.273879921116924,47.08997159173307,2.300000000000002
2015-08-26,5-Year,5-Year,False,912828L32,35.0,1.463,1.417,2.34,42.48260058540514,7.453418991403113,50.063980423191744,4.600000000000004
2015-08-27,7-Year,7-Year,False,912828L24,29.0,1.93,1.89,2.53,35.00418441816612,14.15352612207919,50.84228945975469,4.0000000000000036
2015-09-08,3-Year,3-Year,False,912828L40,24.0,1.056,1.015,3.23,41.019508544770154,7.954835233492778,51.02565622173707,4.100000000000015
2015-09-09,10-Year,9-Year 11-Month,True,912828K74,21.0,2.235,2.19,2.7,28.652254439702656,13.801039466236212,57.54670609406113,4.499999999999993
2015-09-10,30-Year,29-Year 11-Month,True,912810RN0,13.0,2.98,2.95,2.54,26.570656106470143,7.39991993302033,66.02942396050952,2.9999999999999805
2015-09-22,5-Year,2-Year,True,912828TS9,26.0,0.699,0.668,3.27,43.47534115312716,13.307712396736251,43.21694645013658,3.0999999999999917
2015-09-23,5-Year,5-Year,False,912828L65,35.0,1.467,1.434,2.57,31.5167945276137,5.019235426130857,63.46397004625545,3.300000000000014
2015-09-24,7-Year,7-Year,False,912828L57,29.0,1.813,1.776,2.51,28.522735915457826,8.891144363630678,62.58611972091149,3.699999999999992
2015-10-06,3-Year,3-Year,False,912828L81,24.0,0.895,0.855,3.14,41.11784741587962,11.144314955203193,47.737837628917184,4.0000000000000036
2015-10-07,10-Year,9-Year 10-Month,True,912828K74,21.0,2.066,2.02,2.59,27.539711399292777,10.251314646549128,62.2089739541581,4.599999999999982
2015-10-08,30-Year,29-Year 10-Month,True,912810RN0,13.0,2.914,2.874,2.46,28.098713088526374,15.517350186196277,56.38393672527735,4.0000000000000036
2015-10-28,5-Year,5-Year,False,912828L99,35.0,1.415,1.36,2.43,37.246584517233295,3.807328687229064,58.946086795537646,5.499999999999994
2015-10-29,7-Year,7-Year,False,912828M49,29.0,1.885,1.845,2.55,23.66735722387379,13.994658021369224,62.33798475475698,4.0000000000000036
2015-11-04,5-Year,2-Year,True,912828TW0,26.0,0.824,0.8,3.01,48.92401719783292,11.02820675959666,40.04777604257042,2.399999999999991
2015-11-09,3-Year,3-Year,False,912828M64,24.0,1.271,1.234,2.82,44.08797239109852,15.097246518453531,40.81478109044795,3.699999999999992
2015-11-10,10-Year,10-Year,False,912828M56,24.0,2.304,2.275,2.58,25.203071683761287,14.262224405698873,60.53470391053985,2.8999999999999915
2015-11-12,30-Year,30-Year,False,912810RP5,16.0,3.07,3.03,2.41,29.58391672265953,10.164353129156453,60.25173014818401,4.0000000000000036
2015-11-23,2-Year,2-Year,False,912828M72,26.0,0.948,0.91,3.15,35.30532811114824,19.01134429981881,45.68332758903295,3.7999999999999923
2015-11-24,5-Year,5-Year,False,912828M98,35.0,1.67,1.62,2.52,33.16784200617619,10.146424897032524,56.68573309679129,4.999999999999982
2015-11-25,7-Year,7-Year,False,912828M80,29.0,2.013,1.971,2.51,30.525965994055422,13.526875779973633,55.94715822597095,4.1999999999999815
2015-12-08,3-Year,3-Year,False,912828N22,24.0,1.255,1.22,3.14,33.996479279894324,18.563264840280482,47.440255879825195,3.499999999999992
2015-12-09,10-Year,9-Year 11-Month,True,912828M56,21.0,2.233,2.18,2.64,25.982650451644123,12.060839333870934,61.956510214484936,5.299999999999994
2015-12-10,30-Year,29-Year 11-Month,True,912810RP5,13.0,2.978,2.93,2.42,25.729062809406667,10.384843916912164,63.88609327368117,4.800000000000004
2015-12-28,2-Year,2-Year,False,912828N55,26.0,1.056,1.03,2.8,35.416803749820986,27.070084649654163,37.51311160052485,2.6000000000000023
2015-12-29,5-Year,5-Year,False,912828N48,35.0,1.785,1.734,2.32,36.52244259921596,10.961426790420328,52.51613061036371,5.099999999999993
2015-12-30,7-Year,7-Year,False,912828N30,29.0,2.161,2.115,2.34,38.824520425775404,14.06351741405728,47.111962160167316,4.599999999999982
2016-01-12,3-Year,3-Year,False,912828N63,24.0,1.174,1.14,2.94,27.798119279187546,9.395705873105156,62.8061748477073,3.400000000000003
2016-01-13,10-Year,9-Year 10-Month,True,912828M56,21.0,2.09,2.048,2.77,17.71976474235307,11.291398537656647,70.98883671999029,4.1999999999999815
2016-01-14,30-Year,29-Year 10-Month,True,912810RP5,13.0,2.905,2.842,2.29,32.63211676179321,10.849091979510385,56.51879125869641,6.299999999999972
2016-01-26,2-Year,2-Year,False,912828P20,26.0,0.86,0.83,2.9,29.848823090261384,12.298815091713552,57.85236181802507,3.0000000000000027
2016-01-27,5-Year,5-Year,False,912828N89,35.0,1.496,1.439,2.44,37.812715131586856,8.64389059197918,53.543394276433965,5.699999999999994
2016-01-28,7-Year,7-Year,False,912828P38,29.0,1.759,1.72,2.63,15.794189611439204,14.825314069926835,69.38049631863396,3.8999999999999924
2016-02-09,3-Year,3-Year,False,912828P53,24.0,0.844,0.81,2.74,43.54560109345543,14.979871580810894,41.474527325733675,3.399999999999992
2016-02-10,10-Year,10-Year,False,912828P46,23.0,1.73,1.69,2.56,22.357901761576553,15.336173748200585,62.305924490222864,4.0000000000000036
2016-02-11,30-Year,30-Year,False,912810RQ3,15.0,2.5,2.391,2.09,31.731265953962996,10.250393277142583,58.01834076889442,10.899999999999999
2016-02-23,5-Year,2-Year,True,912828UR9,26.0,0.752,0.71,2.91,33.42509456827694,10.798400179650688,55.776505252072376,4.200000000000004
2016-02-24,5-Year,5-Year,False,912828P87,34.0,1.169,1.12,2.44,22.72465011415029,10.022305669422703,67.253044216427,4.899999999999993
2016-02-26,7-Year,7-Year,False,912828P79,28.0,1.568,1.51,2.25,32.318557920255444,14.199636234841181,53.48180584490338,5.800000000000005
2016-03-08,3-Year,3-Year,False,912828P95,24.0,1.039,1.0,2.71,44.743589529439475,9.05475312735418,46.20165734320635,3.8999999999999924
2016-03-09,10-Year,9-Year 11-Month,True,912828P46,20.0,1.895,1.83,2.49,32.377430991609415,11.092376430326167,56.53019257806441,6.499999999999995
2016-03-10,30-Year,29-Year 11-Month,True,912810RQ3,12.0,2.72,2.675,2.33,27.040397240108472,12.012126562699725,60.947476197191804,4.500000000000037
2016-03-28,2-Year,2-Year,False,912828Q45,26.0,0.877,0.83,2.58,37.393904885955045,15.189333269737467,47.41676184430749,4.700000000000005
2016-03-29,5-Year,5-Year,False,912828Q37,34.0,1.335,1.27,2.38,38.92415971941004,7.162613295696589,53.91322698489337,6.499999999999995
2016-03-30,7-Year,7-Year,False,912828Q29,28.0,1.606,1.553,2.51,26.68946032094781,15.495644226584199,57.81489545246799,5.300000000000016
2016-04-12,3-Year,3-Year,False,912828Q52,24.0,0.89,0.84,2.72,32.574135907479025,11.463301777098115,55.96256231542286,5.000000000000004
2016-04-13,10-Year,9-Year 10-Month,True,912828P46,20.0,1.765,1.725,2.75,24.769500133450872,15.265819330328723,59.964680536220406,3.9999999999999813
2016-04-14,30-Year,29-Year 10-Month,True,912810RQ3,12.0,2.596,2.56,2.4,24.077924067004375,10.815418306845222,65.10665762615041,3.600000000000003
2016-04-25,2-Year,2-Year,False,912828Q94,26.0,0.842,0.805,2.64,38.35914149560373,14.50536922951392,47.13548927488235,3.699999999999992
2016-04-26,5-Year,5-Year,False,912828Q78,34.0,1.41,1.36,2.41,29.789540592017126,6.763338018378487,63.44712138960439,4.999999999999982
2016-04-28,7-Year,7-Year,False,912828R28,28.0,1.634,1.6,2.65,20.22986330466697,14.224090518837555,65.54604617649548,3.399999999999981
2016-05-10,3-Year,3-Year,False,912828R44,24.0,0.875,0.845,2.93,28.27340384189479,10.225273600240694,61.50132255786451,3.0000000000000027
2016-05-11,10-Year,10-Year,False,912828R36,23.0,1.71,1.68,2.68,14.726368618400068,11.789816224062758,73.48381515753717,3.0000000000000027
2016-05-12,30-Year,30-Year,False,912810RS9,15.0,2.615,2.554,2.19,31.494052331792382,8.7756201393742,59.73032752883341,6.100000000000039
2016-05-24,2-Year,2-Year,False,912828R51,26.0,0.92,0.9,3.0,17.69583309925608,32.51822497369127,49.785941927052654,2.0000000000000018
2016-05-25,5-Year,5-Year,False,912828R77,34.0,1.395,1.35,2.6,21.813646816611428,11.563825466666646,66.62252771672192,4.499999999999993
2016-05-26,7-Year,7-Year,False,912828R69,28.0,1.652,1.615,2.57,18.527555681326486,16.86147111134378,64.61097320732974,3.699999999999992
2016-06-07,3-Year,3-Year,False,912828R85,24.0,0.93,0.88,2.79,40.818054877597376,11.09717960799797,48.08476551440465,5.000000000000004
2016-06-08,10-Year,9-Year 11-Month,True,912828R36,20.0,1.702,1.66,2.7,19.215043515067805,7.154306355853247,73.63065012907894,4.200000000000004
2016-06-09,30-Year,29-Year 11-Month,True,912810RS9,12.0,2.475,2.43,2.42,26.97785294479371,8.086618108174239,64.93552894703205,4.499999999999993
2016-06-20,2-Year,2-Year,False,912828R93,26.0,0.745,0.7,2.72,42.724766044719274,9.91811081835821,47.35712313692252,4.5000000000000036
2016-06-21,5-Year,5-Year,False,912828S27,34.0,1.218,1.165,2.29,39.06093213781621,3.727034073446347,57.21203378873745,5.299999999999994
2016-06-22,7-Year,7-Year,False,912828S35,28.0,1.497,1.449,2.56,25.27864130639531,9.134439450958816,65.58691924264586,4.800000000000004
2016-07-11,3-Year,3-Year,False,912828S43,24.0,0.765,0.73,2.69,39.42401649961433,15.827438750087413,44.74854475029825,3.500000000000003
2016-07-12,10-Year,9-Year 10-Month,True,912828R36,20.0,1.516,1.47,2.33,37.7430422416902,7.942625234548388,54.31433252376141,4.600000000000004
2016-07-13,30-Year,29-Year 10-Month,True,912810RS9,12.0,2.172,2.13,2.48,23.090847047657125,8.414667197536724,68.49448575480615,4.200000000000026
2016-07-25,2-Year,2-Year,False,912828S68,26.0,0.76,0.727,2.52,59.79337295820958,10.33019052386998,29.87643651792044,3.300000000000003
2016-07-26,5-Year,5-Year,False,912828S76,34.0,1.18,1.13,2.27,41.62924390988606,4.727704809412265,53.64305128070167,5.000000000000004
2016-07-28,7-Year,7-Year,False,912828S92,28.0,1.34,1.297,2.51,26.824961315181977,7.713744674305187,65.46129401051284,4.300000000000015
2016-08-09,3-Year,3-Year,False,9128282B5,24.0,0.85,0.8,2.98,33.68053101988044,9.466219973498758,56.8532490066208,4.999999999999993
2016-08-10,10-Year,10-Year,False,9128282A7,23.0,1.503,1.45,2.43,20.17469243905888,7.644697769027443,72.18060979191367,5.299999999999994
2016-08-11,30-Year,30-Year,False,912810RT7,15.0,2.274,2.205,2.24,27.651306003763626,10.89721424313479,61.45147975310158,6.899999999999995
2016-08-23,2-Year,2-Year,False,9128282C3,26.0,0.76,0.71,2.83,29.015085136478806,25.1663566892671,45.81855817425409,5.000000000000004
2016-08-24,5-Year,5-Year,False,9128282F6,34.0,1.125,1.08,2.54,25.14131967596272,6.151843167896381,68.70683715614089,4.499999999999993
2016-08-25,7-Year,7-Year,False,9128282D1,28.0,1.423,1.37,2.38,31.279966004122713,10.386993954283577,58.33304004159371,5.299999999999994
2016-09-12,10-Year,9-Year 11-Month,True,9128282A7,20.0,1.699,1.64,2.35,34.4949299305914,3.392840316270766,62.11222975313784,5.900000000000016
2016-09-12,3-Year,3-Year,False,9128282G4,24.0,0.947,0.919,2.77,40.5435871743487,4.659235136940548,54.797177688710754,2.7999999999999914
2016-09-13,30-Year,29-Year 11-Month,True,912810RT7,12.0,2.475,2.4,2.13,37.47397473021243,4.586261548727162,57.9397637210604,7.500000000000018
2016-09-26,2-Year,2-Year,False,912828T42,26.0,0.75,0.725,2.65,44.37097298640487,18.966368262343604,36.66265875125153,2.500000000000002
2016-09-27,5-Year,5-Year,False,912828T34,34.0,1.129,1.09,2.39,34.136800341938226,4.429270981127118,61.433928676934656,3.8999999999999924
2016-09-28,7-Year,7-Year,False,912828T26,28.0,1.389,1.347,2.47,30.173492734956774,10.458505041565768,59.368002223477454,4.200000000000004
2016-10-12,10-Year,9-Year 10-Month,True,9128282A7,20.0,1.793,1.749,2.53,30.64079357486971,6.6284635272564705,62.73074289787382,4.399999999999982
2016-10-12,3-Year,3-Year,False,912828T59,24.0,1.045,1.0,2.92,37.746059065060194,10.116480338947081,52.13746059599272,4.499999999999993
2016-10-13,30-Year,29-Year 10-Month,True,912810RT7,12.0,2.47,2.425,2.44,28.47798302599964,6.128502336943858,65.3935146370565,4.500000000000037
2016-10-25,2-Year,2-Year,False,912828T83,26.0,0.855,0.829,2.53,56.1964900111537,10.0819700522284,33.7215399366179,2.6000000000000023
2016-10-26,5-Year,5-Year,False,912828T67,34.0,1.303,1.26,2.49,35.392853606268574,4.857749133675644,59.749397260055794,4.299999999999993
2016-10-27,7-Year,7-Year,False,912828T91,28.0,1.653,1.6,2.49,25.32610190592008,13.164543963759282,61.50935413032064,5.299999999999994
2016-11-08,3-Year,3-Year,False,912828U32,24.0,1.034,1.0,2.69,49.71326075026038,7.642195080840483,42.64454416889914,3.400000000000003
2016-11-09,10-Year,10-Year,False,912828U24,23.0,2.02,1.95,2.22,39.166208219874825,8.344549722568976,52.4892420575562,7.000000000000006
2016-11-10,30-Year,30-Year,False,912810RU4,15.0,2.902,2.826,2.11,33.05501660678518,12.494580567403652,54.45040282581116,7.600000000000007
2016-11-21,2-Year,2-Year,False,912828U40,26.0,1.085,1.05,2.73,50.76953241490435,13.432176186847933,35.79829139824772,3.499999999999992
2016-11-22,5-Year,5-Year,False,912828U65,34.0,1.76,1.71,2.44,35.6902138921785,4.531963327788574,59.77782278003293,5.000000000000004
2016-11-23,7-Year,7-Year,False,912828U57,28.0,2.215,2.17,2.68,17.98961243403246,9.35546325641806,72.65492430954949,4.499999999999993
2016-12-12,10-Year,9-Year 11-Month,True,912828U24,20.0,2.485,2.44,2.39,36.49439376596765,6.008082409771038,57.49752382426131,4.499999999999993
2016-12-12,3-Year,3-Year,False,912828U73,24.0,1.452,1.43,2.65,48.47581806715535,8.957025382309958,42.56715655053469,2.200000000000002
2016-12-13,30-Year,29-Year 11-Month,True,912810RU4,12.0,3.152,3.1,2.39,26.838419188335287,9.301385343681144,63.86019546798357,5.200000000000005
2016-12-27,2-Year,2-Year,False,912828U99,26.0,1.28,1.252,2.44,57.990856812473126,9.271351834916008,32.73779135261087,2.8000000000000025
2016-12-28,5-Year,5-Year,False,912828U81,34.0,2.057,2.02,2.72,24.456382944692557,4.136801678886208,71.40681537642124,3.699999999999992
2016-12-29,7-Year,7-Year,False,912828V23,28.0,2.284,2.24,2.54,17.042966644937156,18.980534098515037,63.976499256547804,4.3999999999999595
2017-01-10,3-Year,3-Year,False,912828V31,24.0,1.472,1.43,2.97,38.75633006244439,6.643553836128289,54.60011610142732,4.200000000000004
2017-01-11,10-Year,9-Year 10-Month,True,912828U24,20.0,2.342,2.3,2.58,20.726469640537722,8.749146925027468,70.52438343443481,4.200000000000026
2017-01-12,30-Year,29-Year 10-Month,True,912810RU4,12.0,2.914,2.85,2.32,28.807992706921716,4.5352475857518195,66.65675970732646,6.400000000000006
2017-01-24,2-Year,2-Year,False,912828V56,26.0,1.21,1.15,2.68,41.87038245660341,9.30912921048904,48.82048833290755,6.000000000000005
2017-01-25,5-Year,5-Year,False,912828V72,34.0,1.988,1.924,2.38,32.08221732883846,4.644312732481425,63.273469938680115,6.400000000000006
2017-01-26,7-Year,7-Year,False,912828V80,28.0,2.335,2.289,2.45,20.653042078104395,6.553471334362622,72.79348658753298,4.599999999999982
2017-02-07,3-Year,3-Year,False,912828W22,24.0,1.423,1.36,2.78,34.692030816041886,8.100342702952416,57.207626481005704,6.2999999999999945
2017-02-08,10-Year,10-Year,False,912828V98,23.0,2.333,2.26,2.29,30.55420389255431,4.384831062300002,65.0609650451457,7.30000000000004
2017-02-09,30-Year,30-Year,False,912810RV2,15.0,3.005,2.944,2.25,28.88788399479457,4.901470604563722,66.21064540064171,6.099999999999994
2017-02-21,2-Year,2-Year,False,912828W30,26.0,1.23,1.19,2.82,30.127555621263756,20.086585179892978,49.78585919884326,4.0000000000000036
2017-02-22,5-Year,5-Year,False,912828W55,34.0,1.937,1.87,2.29,33.34996382521894,8.437689252606724,58.21234692217434,6.699999999999995
2017-02-23,7-Year,7-Year,False,912828W48,28.0,2.197,2.141,2.49,24.81667070910487,11.389440875157177,63.79388841573795,5.600000000000005
2017-03-07,3-Year,3-Year,False,912828W63,24.0,1.63,1.57,2.74,42.24060868861213,8.388722749770437,49.37066856161743,5.999999999999983
2017-03-08,10-Year,9-Year 11-Month,True,912828V98,20.0,2.56,2.51,2.66,18.554423261771465,15.687658998233903,65.75791773999462,5.000000000000027
2017-03-09,30-Year,29-Year 11-Month,True,912810RV2,12.0,3.17,3.12,2.34,25.830600625073874,13.115743988119647,61.05365538680648,4.999999999999982
2017-03-27,2-Year,2-Year,False,912828W97,26.0,1.261,1.2,2.73,35.6600126029945,10.758701240525284,53.58128615648021,6.099999999999994
2017-03-28,5-Year,5-Year,False,912828W89,34.0,1.95,1.89,2.37,26.36571829213713,4.752334363285674,68.8819473445772,6.000000000000005
2017-03-29,7-Year,7-Year,False,912828W71,28.0,2.215,2.175,2.56,20.497822011726985,8.396529424976366,71.10564856329665,4.0000000000000036
2017-04-10,3-Year,3-Year,False,912828X21,24.0,1.525,1.46,2.62,39.87322796113476,8.306939964013045,51.8198320748522,6.499999999999995
2017-04-11,10-Year,9-Year 10-Month,True,912828V98,20.0,2.332,2.26,2.48,29.46325688189836,5.316925391607437,65.21981772649421,7.200000000000006
2017-04-12,30-Year,29-Year 10-Month,True,912810RV2,12.0,2.938,2.861,2.23,29.71390924875824,5.820182784591408,64.46590796665035,7.699999999999996
2017-04-25,7-Year,2-Year,True,912828ST8,26.0,1.28,1.22,2.85,29.651447567077366,11.430191321037464,58.918361111885176,6.000000000000005
2017-04-26,5-Year,5-Year,False,912828X47,34.0,1.875,1.82,2.34,37.41722153224074,5.288311696693517,57.29446677106574,5.499999999999994
2017-04-27,7-Year,7-Year,False,912828X70,28.0,2.084,2.05,2.73,8.777204579207297,9.534983941822379,81.68781147897032,3.4000000000000252
2017-05-09,3-Year,3-Year,False,912828X96,24.0,1.572,1.529,2.76,39.91492787317586,9.316425125836728,50.76864700098741,4.300000000000015
2017-05-10,10-Year,10-Year,False,912828X88,23.0,2.4,2.342,2.33,34.220405206817055,5.057772267918457,60.72182252526448,5.799999999999983
2017-05-11,30-Year,30-Year,False,912810RX8,15.0,3.05,3.0,2.19,35.63717777715653,5.284296837902127,59.07852538494134,4.999999999999982
2017-05-23,2-Year,2-Year,False,912828XS4,26.0,1.316,1.26,2.9,30.4467696148525,12.402788249217444,57.15044213593006,5.600000000000005
2017-05-24,5-Year,5-Year,False,912828XR6,34.0,1.831,1.8,2.67,22.732984441936544,8.593693867279534,68.67332169078392,3.0999999999999917
2017-05-25,7-Year,7-Year,False,912828XT2,28.0,2.06,2.01,2.54,21.591609314980793,17.171237653191877,61.23715303182733,5.000000000000027
2017-06-12,10-Year,9-Year 11-Month,True,912828X88,20.0,2.195,2.15,2.54,28.552586402014533,5.307938315814133,66.13947528217133,4.499999999999993
2017-06-12,3-Year,3-Year,False,912828XU9,24.0,1.5,1.46,3.0,28.154068459348984,6.229255404172896,65.61667613647812,4.0000000000000036
2017-06-13,30-Year,29-Year 11-Month,True,912810RX8,12.0,2.87,2.82,2.32,29.57664871785201,6.709707425499848,63.71364385664814,5.000000000000027
2017-06-26,2-Year,2-Year,False,912828XV7,26.0,1.348,1.3,3.03,25.0352932271023,18.348734484866995,56.615972288030704,4.800000000000004
2017-06-27,5-Year,5-Year,False,912828XW5,34.0,1.828,1.77,2.33,25.602466065995444,9.184329072095275,65.21320486190928,5.800000000000005
2017-06-28,7-Year,7-Year,False,912828XX3,28.0,2.056,2.017,2.46,25.158097657145095,9.410856616435117,65.4310457264198,3.9000000000000146
2017-07-11,3-Year,3-Year,False,9128282J8,24.0,1.573,1.529,2.87,37.55614206036148,9.852318446066151,52.59153949357237,4.400000000000004
2017-07-12,10-Year,9-Year 10-Month,True,912828X88,20.0,2.325,2.28,2.45,29.453042364975296,5.748360318991673,64.79859731603304,4.500000000000037
2017-07-13,30-Year,29-Year 10-Month,True,912810RX8,12.0,2.936,2.87,2.31,31.941060206052533,6.377141656739722,61.68179813720774,6.599999999999984
2017-07-25,2-Year,2-Year,False,9128282K5,26.0,1.395,1.34,3.06,24.63680218522284,16.90397224391205,58.4592255708651,5.499999999999994
2017-07-26,5-Year,5-Year,False,9128282P4,34.0,1.884,1.84,2.58,24.057488011675986,6.183240345299347,69.75927164302466,4.399999999999982
2017-07-27,7-Year,7-Year,False,9128282N9,28.0,2.126,2.08,2.54,20.62423253751194,11.640223625202234,67.73554383728583,4.599999999999982
2017-08-08,3-Year,3-Year,False,9128282Q2,24.0,1.52,1.479,3.13,25.78555809477898,10.16426005147945,64.05018185374158,4.0999999999999925
2017-08-09,10-Year,10-Year,False,9128282R0,23.0,2.25,2.2,2.23,35.26169216558086,6.809533427766233,57.928774406652906,4.999999999999982
2017-08-10,30-Year,30-Year,False,912810RY6,15.0,2.818,2.76,2.32,27.82431891475111,5.381242675084423,66.79443841016447,5.800000000000027
2017-08-28,5-Year,5-Year,False,9128282S8,34.0,1.742,1.7,2.58,17.474932285267776,13.462876979356263,69.06219073537596,4.200000000000004
2017-08-28,2-Year,2-Year,False,9128282T6,26.0,1.345,1.3,2.86,41.63903175972056,12.563671446032052,45.79729679424739,4.499999999999993
2017-08-29,7-Year,7-Year,False,9128282U3,28.0,1.941,1.9,2.46,14.61484480516733,16.589624858620088,68.79553033621258,4.100000000000015
2017-09-11,3-Year,3-Year,False,9128282V1,24.0,1.433,1.38,2.7,43.43210184249354,10.40988775830949,46.158010399196975,5.300000000000016
2017-09-12,10-Year,9-Year 11-Month,True,9128282R0,20.0,2.18,2.125,2.28,38.67011541604479,6.048067882433364,55.28181670152185,5.500000000000016
2017-09-13,30-Year,29-Year 11-Month,True,912810RY6,12.0,2.79,2.739,2.21,34.39774027350266,6.819060156781696,58.78319956971564,5.100000000000016
2017-09-26,2-Year,2-Year,False,9128282X7,26.0,1.462,1.439,2.88,36.812300245136065,19.035280975579482,44.15241877928445,2.299999999999991
2017-09-27,5-Year,5-Year,False,9128282W9,34.0,1.911,1.865,2.52,23.312303823752636,7.053892624708308,69.63380355153905,4.600000000000004
2017-09-28,7-Year,7-Year,False,9128282Y5,28.0,2.13,2.092,2.7,10.407067996557135,18.952104012528316,70.64082799091454,3.799999999999981
2017-10-11,3-Year,3-Year,False,9128282Z2,24.0,1.657,1.61,2.83,38.622697460020916,7.070145874789106,54.30715666518998,4.699999999999993
2017-10-11,10-Year,9-Year 10-Month,True,9128282R0,20.0,2.346,2.3,2.54,24.87251633518586,6.023055134486417,69.10442853032772,4.600000000000026
2017-10-12,30-Year,29-Year 10-Month,True,912810RY6,12.0,2.87,2.824,2.53,26.590625878614162,10.604332311596467,62.80504180978937,4.600000000000026
2017-10-24,5-Year,2-Year,True,912828F62,26.0,1.596,1.55,2.74,37.697730088655256,14.146444341053627,48.155825570291114,4.600000000000004
2017-10-25,5-Year,5-Year,False,9128283C2,34.0,2.058,2.004,2.44,27.390954913840755,11.046283988826698,61.562761097332555,5.399999999999983
2017-10-26,7-Year,7-Year,False,9128283D0,28.0,2.28,2.22,2.39,23.236142449495674,13.314199992361242,63.44965755814309,5.999999999999961
2017-11-07,3-Year,3-Year,False,9128283G3,24.0,1.75,1.699,2.76,37.45277779851978,9.023470840513447,53.52375136096678,5.099999999999993
2017-11-08,10-Year,10-Year,False,9128283F5,23.0,2.314,2.255,2.48,22.962400494652197,9.03832170033993,67.99927780500788,5.900000000000016
2017-11-09,30-Year,30-Year,False,912810RZ3,15.0,2.801,2.749,2.23,31.76107473926844,6.422091032840292,61.81683422789127,5.200000000000005
2017-11-27,2-Year,2-Year,False,9128283H1,26.0,1.765,1.75,2.73,41.15533521200978,16.992525099156637,41.85213968883358,1.4999999999999902
2017-11-27,7-Year,5-Year,True,912828M80,34.0,2.066,2.03,2.46,22.838384371493405,11.356214938827002,65.8054006896796,3.600000000000003
2017-11-28,7-Year,7-Year,False,9128283J7,28.0,2.23,2.175,2.36,27.66391643952729,13.739644314689869,58.59643924578284,5.500000000000016
2017-12-11,10-Year,9-Year 11-Month,True,9128283F5,20.0,2.384,2.34,2.37,34.43568490842072,8.36890911744876,57.19540597413052,4.400000000000004
2017-12-11,3-Year,3-Year,False,9128283L2,24.0,1.932,1.89,3.15,33.56351685531315,7.390153311703044,59.0463298329838,4.200000000000004
2017-12-12,30-Year,29-Year 11-Month,True,912810RZ3,12.0,2.804,2.753,2.48,29.059509058191562,9.030674273668621,61.90981666813982,5.099999999999971
2017-12-26,2-Year,2-Year,False,9128283N8,26.0,1.922,1.9,2.52,45.49003938536597,14.537817608403042,39.972143006231,2.200000000000002
2017-12-27,7-Year,5-Year,True,912828N30,34.0,2.245,2.19,2.36,33.6557111265586,7.942573018608436,58.40171585483296,5.500000000000016
2017-12-28,7-Year,7-Year,False,9128283P3,28.0,2.37,2.32,2.55,26.373691482638833,13.141033444325409,60.48527507303576,5.000000000000027
2018-01-09,3-Year,3-Year,False,9128283Q1,24.0,2.08,2.04,3.13,33.58336907519634,11.518492612707465,54.8981383120962,4.0000000000000036
2018-01-10,10-Year,9-Year 10-Month,True,9128283F5,20.0,2.579,2.54,2.69,22.04577227667849,6.537653306594482,71.41657441672703,3.9000000000000146
2018-01-11,30-Year,29-Year 10-Month,True,912810RZ3,12.0,2.867,2.834,2.74,21.23437692907132,7.276604976504318,71.48901809442437,3.299999999999992
2018-01-23,2-Year,2-Year,False,9128283S7,26.0,2.066,2.022,3.22,25.84185949685991,15.887889872231542,58.27025063090855,4.400000000000004
2018-01-24,5-Year,5-Year,False,9128283U2,34.0,2.434,2.39,2.48,25.95089371696168,9.065927584445449,64.98317869859287,4.400000000000004
2018-01-25,7-Year,7-Year,False,9128283V0,28.0,2.565,2.525,2.73,11.70452646940104,10.188545266212822,78.10692826438613,4.0000000000000036
2018-02-06,3-Year,3-Year,False,9128283X6,26.0,2.28,2.23,3.0,40.53914301097017,9.702739075500496,49.75811791352934,4.999999999999982
2018-02-07,10-Year,10-Year,False,9128283W8,24.0,2.811,2.75,2.34,27.14896995455553,5.3638416961260535,67.48718834931842,6.099999999999994
2018-02-08,30-Year,30-Year,False,912810SA7,16.0,3.121,3.06,2.26,30.79491371344091,8.052119171363737,61.15296711519535,6.099999999999994
2018-02-20,2-Year,2-Year,False,9128283Y4,28.0,2.255,2.21,2.72,40.28672285548163,13.383602851256729,46.32967429326164,4.499999999999993
2018-02-21,5-Year,5-Year,False,9128284A5,35.0,2.658,2.617,2.44,29.299167761591573,12.666745516345904,58.034086722062526,4.0999999999999925
2018-02-22,7-Year,7-Year,False,9128283Z1,29.0,2.839,2.79,2.49,22.129734633312477,15.624317967292795,62.24594739939473,4.899999999999993
2018-03-12,3-Year,3-Year,False,9128284B3,28.0,2.436,2.4,2.94,40.71296710559879,9.3002383298939,49.986794564507306,3.600000000000003
2018-03-12,10-Year,9-Year 11-Month,True,9128283W8,21.0,2.889,2.85,2.5,27.290541053807626,6.475943246380032,66.23351569981234,3.89999999999997
2018-03-13,30-Year,29-Year 11-Month,True,912810SA7,13.0,3.109,3.075,2.38,27.301609140529493,14.751179459525096,57.94721139994541,3.399999999999981
2018-03-26,2-Year,2-Year,False,9128284C1,30.0,2.31,2.276,2.91,41.34078082046585,14.120260176404676,44.53895900312947,3.4000000000000252
2018-03-27,5-Year,5-Year,False,9128284D9,35.0,2.612,2.57,2.5,28.191740443353424,8.296401943486101,63.51185761316047,4.200000000000026
2018-03-28,7-Year,7-Year,False,9128284F4,29.0,2.72,2.67,2.34,32.094795558930954,12.057627009172844,55.8475774318962,5.000000000000027
2018-04-10,3-Year,3-Year,False,9128284G2,30.0,2.45,2.407,2.85,40.883372340699644,11.566534576372165,47.55009308292819,4.300000000000015
2018-04-11,10-Year,9-Year 10-Month,True,9128283W8,21.0,2.795,2.74,2.46,38.36630559841889,8.424629369280858,53.20906503230025,5.499999999999972
2018-04-12,30-Year,29-Year 10-Month,True,912810SA7,13.0,3.044,2.999,2.41,24.39569118701617,14.586638439161986,61.017670373821844,4.499999999999993
2018-04-24,2-Year,2-Year,False,9128284J6,32.0,2.498,2.47,2.61,43.09615592234366,15.34963769266431,41.55420638499203,2.8000000000000025
2018-04-25,5-Year,5-Year,False,9128284L1,35.0,2.837,2.8,2.49,26.15903700954023,13.678451539764403,60.16251145069537,3.7000000000000366
2018-04-26,7-Year,7-Year,False,9128284M9,29.0,2.952,2.9,2.56,21.55326182871934,12.676034416002876,65.77070375527778,5.200000000000005
2018-05-08,3-Year,3-Year,False,9128284P2,31.0,2.664,2.639,2.76,42.161550904256096,12.271989071375147,45.56646002436875,2.5000000000000355
2018-05-09,10-Year,10-Year,False,9128284N7,25.0,2.995,2.95,2.56,28.661186287050555,8.32037018729804,63.0184435256514,4.499999999999993
2018-05-10,30-Year,30-Year,False,912810SC3,17.0,3.13,3.1,2.38,28.909985855978775,8.343652719474445,62.746361424546784,2.9999999999999805
2018-05-22,2-Year,2-Year,False,9128284Q0,33.0,2.59,2.56,2.88,45.36608447598059,15.340823766775074,39.29309175724433,2.9999999999999805
2018-05-23,5-Year,5-Year,False,9128284S6,36.0,2.864,2.82,2.52,32.94267196295726,10.863546542566676,56.193781494476056,4.400000000000004
2018-05-24,7-Year,7-Year,False,9128284R8,30.0,2.93,2.9,2.62,21.59286482854874,12.891210998284489,65.51592417316677,3.000000000000025
2018-06-11,10-Year,9-Year 11-Month,True,9128284N7,22.0,2.962,2.92,2.59,27.70458126550079,16.26320511407232,56.032213620426894,4.200000000000026
2018-06-11,3-Year,3-Year,False,9128284T4,32.0,2.664,2.62,2.83,39.41121100896416,9.212848360239464,51.37594063079638,4.400000000000004
2018-06-12,30-Year,29-Year 11-Month,True,912810SC3,14.0,3.1,3.063,2.38,27.49077282841887,10.271308906075351,62.237918265505776,3.699999999999992
2018-06-26,2-Year,2-Year,False,912828XY1,34.0,2.538,2.5,2.73,42.332628746428774,15.401088783924424,42.266282469646804,3.799999999999981
2018-06-27,5-Year,5-Year,False,9128284U1,36.0,2.719,2.68,2.55,28.476238211326365,9.495679142052849,62.02808264662079,3.89999999999997
2018-06-28,7-Year,7-Year,False,912828XZ8,30.0,2.809,2.77,2.53,24.141829898865307,15.241475329454326,60.61669477168037,3.9000000000000146
2018-07-10,3-Year,3-Year,False,912828Y20,33.0,2.685,2.66,2.51,51.28405395629585,9.135895764301807,39.58005027940234,2.499999999999991
2018-07-11,10-Year,9-Year 10-Month,True,9128284N7,22.0,2.859,2.82,2.57,24.50667370942445,10.454785083542683,65.03854120703286,3.9000000000000146
2018-07-12,30-Year,29-Year 10-Month,True,912810SC3,14.0,2.958,2.914,2.34,27.795514189860082,10.325068895719234,61.87941691442068,4.400000000000004
2018-07-24,2-Year,2-Year,False,912828Y46,35.0,2.657,2.61,2.92,40.68768342320397,14.285170834886843,45.02714574190918,4.700000000000015
2018-07-25,5-Year,5-Year,False,912828Y61,36.0,2.815,2.779,2.61,24.096912807561427,8.686966539050452,67.21612065338812,3.600000000000003
2018-07-26,7-Year,7-Year,False,912828Y79,30.0,2.93,2.87,2.49,23.428155459479306,11.969613984616812,64.60223055590389,6.000000000000005
2018-08-07,3-Year,3-Year,False,9128284W7,34.0,2.765,2.743,2.65,45.222793722027475,12.092619054872953,42.68458722309957,2.200000000000024
2018-08-08,10-Year,10-Year,False,9128284V9,26.0,2.96,2.92,2.55,27.453964001060584,11.274263636179512,61.271772362759904,4.0000000000000036
2018-08-09,30-Year,30-Year,False,912810SD1,18.0,3.09,3.048,2.27,29.716282604603787,8.037044438602859,62.24667295679336,4.1999999999999815
2018-08-27,2-Year,2-Year,False,9128284Y3,36.0,2.655,2.625,2.89,42.49854219348763,13.678983605086703,43.82247420142566,2.9999999999999805
2018-08-28,5-Year,5-Year,False,9128284X5,37.0,2.765,2.721,2.49,24.742975687947922,9.01314506307821,66.24387924897387,4.400000000000004
2018-08-29,7-Year,7-Year,False,9128284Z0,31.0,2.844,2.807,2.65,21.526850148246808,18.967071361466285,59.50607849028691,3.699999999999992
2018-09-11,3-Year,3-Year,False,9128285A4,35.0,2.821,2.795,2.68,42.997886900141346,10.724498389613519,46.27761471024513,2.6000000000000245
2018-09-12,10-Year,9-Year 11-Month,True,9128284V9,23.0,2.957,2.916,2.58,22.6369206304663,13.443798721533899,63.9192806479998,4.0999999999999925
2018-09-13,30-Year,29-Year 11-Month,True,912810SD1,15.0,3.088,3.05,2.34,26.999322354871,11.288134208743038,61.71254343638596,3.8000000000000256
2018-09-24,2-Year,2-Year,False,9128285B2,37.0,2.829,2.8,2.44,46.63087628933947,13.40483403514423,39.9642896755163,2.900000000000036
2018-09-25,5-Year,5-Year,False,9128285D8,38.0,2.997,2.966,2.39,32.915570681147955,9.222558108438317,57.86187121041373,3.0999999999999694
2018-09-27,7-Year,7-Year,False,9128285C0,31.0,3.034,2.985,2.45,25.272270804162677,12.772212211590736,61.955516984246586,4.899999999999993
2018-10-10,10-Year,9-Year 10-Month,True,9128284V9,23.0,3.225,3.18,2.39,30.13686188047085,5.401429507931336,64.46170861159781,4.499999999999993
2018-10-10,3-Year,3-Year,False,9128285F3,36.0,2.989,2.955,2.56,43.32882772111063,9.766516672539087,46.90465560635028,3.399999999999981
2018-10-11,30-Year,29-Year 10-Month,True,912810SD1,15.0,3.344,3.309,2.42,22.810432790547296,12.775065461875757,64.41450174757695,3.49999999999997
2018-10-23,2-Year,2-Year,False,9128285G1,38.0,2.88,2.859,2.67,41.89593148501785,5.49731092364676,52.606757591335395,2.0999999999999908
2018-10-24,5-Year,5-Year,False,9128285K2,39.0,2.977,2.94,2.3,39.12298469721579,1.8708850019487313,59.00613030083548,3.699999999999992
2018-10-25,7-Year,7-Year,False,9128285J5,31.0,3.074,3.024,2.39,30.14700282873619,5.216629876207737,64.63636729505608,4.999999999999982
2018-11-05,3-Year,3-Year,False,9128285L0,37.0,2.983,2.96,2.54,47.911544427172124,3.004193318804795,49.08426225402308,2.300000000000013
2018-11-06,10-Year,10-Year,False,9128285M8,27.0,3.209,3.165,2.54,24.95633212132062,1.2169361102346141,73.82673176844476,4.400000000000004
2018-11-07,30-Year,30-Year,False,912810SE9,19.0,3.418,3.36,2.06,38.0500799283338,2.8957442867833945,59.0541757848828,5.800000000000027
2018-11-26,2-Year,2-Year,False,9128285Q9,39.0,2.836,2.816,2.65,35.64091390877747,19.483723287722814,44.87536280349972,2.0000000000000018
2018-11-27,5-Year,5-Year,False,9128285P1,40.0,2.88,2.849,2.49,29.77535745071395,10.32762877314663,59.89701377613942,3.0999999999999694
2018-11-28,7-Year,7-Year,False,9128285N6,32.0,2.974,2.939,2.55,16.342078367889865,27.04317727256267,56.614744359547466,3.500000000000014
2018-12-11,3-Year,3-Year,False,9128285R7,38.0,2.748,2.709,2.59,36.973192740551056,12.53372516663425,50.4930820928147,3.9000000000000146
2018-12-12,10-Year,9-Year 11-Month,True,9128285M8,24.0,2.915,2.87,2.35,26.138566917611016,10.755454763326405,63.10597831906257,4.499999999999993
2018-12-13,30-Year,29-Year 11-Month,True,912810SE9,16.0,3.165,3.11,2.31,22.055924563521003,11.528014936156271,66.41606050032273,5.500000000000016
2018-12-24,2-Year,2-Year,False,9128285S5,40.0,2.619,2.582,2.31,47.18370957331525,7.848576616858652,44.9677138098261,3.7000000000000366
2018-12-26,5-Year,5-Year,False,9128285U0,41.0,2.652,2.599,2.09,36.753354809781264,9.600886322188476,53.645758868030256,5.299999999999994
2018-12-27,7-Year,7-Year,False,9128285T3,32.0,2.68,2.64,2.46,17.982652754004654,14.624083997537316,67.39326324845804,4.0000000000000036
2019-01-08,3-Year,3-Year,False,9128285V8,38.0,2.559,2.523,2.44,40.36476594208466,17.73494706127553,41.900286996639814,3.600000000000003
2019-01-09,10-Year,9-Year 10-Month,True,9128285M8,24.0,2.728,2.69,2.51,22.32583422717591,20.758816555079935,56.91534921774415,3.8000000000000256
2019-01-10,30-Year,29-Year 10-Month,True,912810SE9,16.0,3.035,2.99,2.19,26.733950260305832,15.945316038558715,57.32073370113545,4.499999999999993
2019-01-28,5-Year,5-Year,False,9128285Z9,41.0,2.576,2.54,2.41,24.57115658084744,15.227527739762458,60.2013156793901,3.600000000000003
2019-01-28,2-Year,2-Year,False,9128285X4,40.0,2.6,2.577,2.56,27.503044328453985,19.130004193846666,53.366951477699345,2.300000000000013
2019-01-29,7-Year,7-Year,False,9128286A3,32.0,2.625,2.58,2.54,16.8274491510044,24.90650301193248,58.26604783706312,4.499999999999993
2019-02-05,3-Year,3-Year,False,9128286C9,38.0,2.502,2.474,2.55,35.856639543107946,18.455477482598837,45.68788297429322,2.799999999999958
2019-02-06,10-Year,10-Year,False,9128286B1,27.0,2.689,2.64,2.35,28.359933374044168,12.184328647014103,59.45573797894173,4.899999999999993
2019-02-07,30-Year,30-Year,False,912810SF6,19.0,3.022,2.972,2.27,26.644031929768193,17.002168543906297,56.35379952632551,4.999999999999982
2019-02-25,2-Year,2-Year,False,9128286D7,40.0,2.503,2.485,2.5,38.799491110535456,22.640728069124304,38.55978082034024,1.8000000000000238
2019-02-25,5-Year,5-Year,False,9128286G0,41.0,2.489,2.462,2.4,19.82877584834849,22.515475831539636,57.655748320111876,2.699999999999969
2019-02-26,7-Year,7-Year,False,9128286F2,32.0,2.538,2.5,2.6,16.40246370632859,28.422084054515935,55.175452239155476,3.799999999999981
2019-03-11,3-Year,3-Year,False,9128286H8,38.0,2.448,2.41,2.56,41.06099524603918,9.407289829753045,49.531714924207776,3.799999999999981
2019-03-12,10-Year,9-Year 11-Month,True,9128286B1,24.0,2.615,2.585,2.59,21.478945364858625,9.078820518988065,69.44223411615332,3.000000000000025
2019-03-13,30-Year,29-Year 11-Month,True,912810SF6,16.0,3.014,2.95,2.25,28.138015716825233,14.053808891939838,57.808175391234926,6.399999999999961
2019-03-26,7-Year,2-Year,True,912828C57,40.0,2.261,2.23,2.6,30.70115336519123,13.268008069115112,56.030838565693664,3.100000000000014
2019-03-27,7-Year,5-Year,True,912828W71,41.0,2.172,2.125,2.35,23.76732932317603,17.240284174755292,58.99238650206868,4.700000000000015
2019-03-28,7-Year,7-Year,False,9128286L9,32.0,2.281,2.241,2.54,14.794481154781478,20.715674445646126,64.48984439957239,4.0000000000000036
2019-04-09,3-Year,3-Year,False,9128286M7,38.0,2.301,2.275,2.49,38.57579853905273,18.706090665041984,42.71811079590528,2.6000000000000245
2019-04-10,10-Year,9-Year 10-Month,True,9128286B1,24.0,2.466,2.425,2.55,19.625045979221216,12.00885628132297,68.36609773945581,4.100000000000037
2019-04-11,30-Year,29-Year 10-Month,True,912810SF6,16.0,2.93,2.87,2.25,25.139621937377548,14.39851961755224,60.46185844507021,6.000000000000005
2019-04-23,7-Year,2-Year,True,912828WG1,40.0,2.355,2.324,2.51,36.49195964326532,15.7678522955688,47.74018806116588,3.100000000000014
2019-04-24,5-Year,5-Year,False,9128286R6,41.0,2.315,2.28,2.44,23.25195009426369,15.268999233871053,61.47905067186525,3.500000000000014
2019-04-25,7-Year,7-Year,False,9128286S4,32.0,2.426,2.38,2.49,20.588847639042907,19.051459478548793,60.3596928824083,4.600000000000026
2019-05-07,3-Year,3-Year,False,9128286U9,38.0,2.248,2.223,2.48,42.032701690049755,20.044911150931323,37.92238715901892,2.5000000000000355
2019-05-08,10-Year,10-Year,False,9128286T2,27.0,2.479,2.43,2.17,35.204860364380544,11.453472325853289,53.34166730976616,4.899999999999993
2019-05-09,30-Year,30-Year,False,912810SH2,19.0,2.892,2.84,2.2,28.528618892792334,10.98450914100238,60.48687196620528,5.200000000000005
2019-05-28,7-Year,5-Year,True,912828XT2,41.0,2.065,2.03,2.38,24.14550224374164,18.36728829503653,57.48720946122183,3.500000000000014
2019-05-28,2-Year,2-Year,False,9128286V7,40.0,2.125,2.1,2.75,26.212815178996795,27.180465177066495,46.606719643936714,2.499999999999991
2019-05-29,7-Year,7-Year,False,9128286X3,32.0,2.144,2.09,2.3,30.452584676865747,11.293584727217912,58.25383059591635,5.400000000000027
2019-06-11,3-Year,3-Year,False,9128286Y1,38.0,1.861,1.838,2.62,30.022998709263465,13.374300093308527,56.602701197428004,2.299999999999991
2019-06-12,10-Year,9-Year 11-Month,True,9128286T2,24.0,2.13,2.075,2.49,20.820421389490367,13.60913531611548,65.57044329439415,5.499999999999972
2019-06-13,30-Year,29-Year 11-Month,True,912810SH2,16.0,2.607,2.555,2.32,24.081575959655922,15.141912591414638,60.77651144892944,5.200000000000005
2019-06-21,10-Year,9-Year 11-Month,True,9128286T2,0.025,2.065,2.06,3.43,100.0,0.0,0.0,0.49999999999998934
2019-06-25,2-Year,2-Year,False,9128287A2,40.0,1.695,1.664,2.58,27.326915953784475,24.186560127084746,48.486523919130775,3.100000000000014
2019-06-26,5-Year,5-Year,False,9128286Z8,41.0,1.791,1.75,2.35,23.18032287662016,19.705546896259,57.11413022712084,4.0999999999999925
2019-06-27,7-Year,7-Year,False,9128287B0,32.0,1.889,1.855,2.44,20.250857262434863,24.233627814189227,55.51551492337591,3.400000000000003
2019-07-09,3-Year,3-Year,False,9128287C8,38.0,1.857,1.821,2.39,33.57937539421377,17.916233772219172,48.504390833567065,3.600000000000003
2019-07-10,10-Year,9-Year 10-Month,True,9128286T2,24.0,2.064,2.03,2.41,26.38999471440293,12.852464995682297,60.75754028991477,3.4000000000000252
2019-07-11,30-Year,29-Year 10-Month,True,912810SH2,16.0,2.644,2.57,2.13,33.23230634968068,16.7782202905978,49.98947335972153,7.400000000000029
2019-07-23,2-Year,2-Year,False,9128287F1,40.0,1.825,1.8,2.5,31.594375395413355,24.925694459991178,43.47993014459547,2.499999999999991
2019-07-24,5-Year,5-Year,False,912828Y87,41.0,1.824,1.779,2.26,32.85272138654583,13.738863425294504,53.408415188159665,4.500000000000015
2019-07-25,7-Year,7-Year,False,912828Y95,32.0,1.967,1.92,2.27,24.843620998364884,15.796190372859819,59.360188628775305,4.700000000000015
2019-08-06,3-Year,3-Year,False,912828YA2,38.0,1.562,1.53,2.41,34.01222028124037,19.331652320088107,46.65612739867153,3.200000000000003
2019-08-07,10-Year,10-Year,False,912828YB0,27.0,1.67,1.595,2.2,30.723753765888766,13.558228392231575,55.71801784187965,7.499999999999996
2019-08-08,30-Year,30-Year,False,912810SJ8,19.0,2.335,2.265,2.24,26.14474174878052,12.520902977013598,61.334355274205876,6.999999999999984
2019-08-27,2-Year,2-Year,False,912828YC8,40.0,1.516,1.489,2.6,32.500819378731634,20.35707927497092,47.142101346297444,2.6999999999999913
2019-08-28,5-Year,5-Year,False,912828YE4,41.0,1.365,1.32,2.48,21.635368077220352,18.705449632443834,59.65918229033581,4.499999999999993
2019-08-29,7-Year,7-Year,False,912828YD6,32.0,1.489,1.42,2.16,33.751977055582934,16.050710955996163,50.1973119884209,6.900000000000017
2019-09-10,3-Year,3-Year,False,912828YF1,38.0,1.573,1.54,2.42,37.24857268165264,16.565306559789132,46.186120758558225,3.299999999999992
2019-09-11,10-Year,9-Year 11-Month,True,912828YB0,24.0,1.739,1.7,2.46,24.66905565913179,12.717898289133483,62.61304605173472,3.9000000000000146
2019-09-12,30-Year,29-Year 11-Month,True,912810SJ8,16.0,2.27,2.205,2.22,26.380391652467445,13.30695943654328,60.312648910989274,6.499999999999995
2019-09-24,2-Year,2-Year,False,912828YJ3,40.0,1.612,1.585,2.64,27.060414672388656,15.928259377523702,57.011325950087645,2.7000000000000135
2019-09-25,5-Year,5-Year,False,912828YH7,41.0,1.6,1.54,2.32,27.00647187416495,14.196641788952547,58.7968863368825,6.000000000000005
2019-09-26,7-Year,7-Year,False,912828YG9,32.0,1.633,1.59,2.49,20.218149509103185,14.580053665174567,65.20179682572224,4.299999999999993
2019-10-08,3-Year,3-Year,False,912828YK0,38.0,1.413,1.379,2.43,37.300734246963,16.90207667320275,45.79718907983425,3.400000000000003
2019-10-09,10-Year,9-Year 10-Month,True,912828YB0,24.0,1.59,1.535,2.43,28.678447588070988,12.793406303394631,58.528146108534386,5.500000000000016
2019-10-10,30-Year,29-Year 10-Month,True,912810SJ8,16.0,2.17,2.119,2.25,22.939845066007972,18.53812494854992,58.5220299854421,5.099999999999971
2019-10-22,2-Year,2-Year,False,912828YP9,40.0,1.594,1.56,2.7,31.21587667010956,13.95853282241268,54.82559050747776,3.400000000000003
2019-10-23,5-Year,5-Year,False,912828YM6,41.0,1.57,1.528,2.41,22.781729810210717,11.524109682391488,65.6941605073978,4.200000000000004
2019-10-24,7-Year,7-Year,False,912828YQ7,32.0,1.657,1.615,2.46,20.071594834949185,14.491428933622764,65.43697623142806,4.200000000000004
2019-11-05,10-Year,3-Year,True,912828TY6,38.0,1.63,1.6,2.6,29.749062646982573,16.93369218954077,53.317245163476656,2.9999999999999805
2019-11-06,10-Year,10-Year,False,912828YS3,27.0,1.809,1.77,2.49,23.094700582250763,12.368425453553906,64.53687396419532,3.8999999999999924
2019-11-07,30-Year,30-Year,False,912810SK5,19.0,2.43,2.375,2.23,20.72991456998064,20.482241516845693,58.78784391317367,5.500000000000016
2019-11-25,2-Year,2-Year,False,912828YT1,40.0,1.601,1.578,2.63,23.111220780531973,29.110649531845866,47.77812968762216,2.299999999999991
2019-11-26,5-Year,5-Year,False,912828YV6,41.0,1.587,1.54,2.5,21.634381239123034,13.546171072652683,64.81944768822429,4.699999999999993
2019-11-27,7-Year,7-Year,False,912828YU8,32.0,1.719,1.666,2.44,20.31363048280375,10.053219599396844,69.63314991779941,5.300000000000016
2019-12-09,3-Year,3-Year,False,912828YW4,38.0,1.632,1.6,2.56,27.08659677872836,23.82975754846811,49.08364567280353,3.1999999999999806
2019-12-10,10-Year,9-Year 11-Month,True,912828YS3,24.0,1.842,1.8,2.43,24.52734197011688,19.351473905494245,56.121184124388876,4.200000000000004
2019-12-12,30-Year,29-Year 11-Month,True,912810SK5,16.0,2.307,2.265,2.46,15.464926243765076,21.104649199916473,63.43042455631846,4.1999999999999815
2019-12-23,2-Year,2-Year,False,912828YZ7,40.0,1.653,1.625,2.3,32.245207793527605,21.452551129628826,46.30224107684357,2.8000000000000025
2019-12-24,5-Year,5-Year,False,912828YY0,41.0,1.756,1.73,2.49,21.476602457141528,16.131121504445886,62.39227603841259,2.6000000000000023
2019-12-26,7-Year,7-Year,False,912828YX2,32.0,1.835,1.79,2.47,17.149841550303936,23.43084257779514,59.41931587190092,4.499999999999993
2020-01-07,3-Year,3-Year,False,912828Z29,38.0,1.567,1.54,2.45,35.75443720391716,16.747635882533956,47.49792691354888,2.6999999999999913
2020-01-08,10-Year,9-Year 10-Month,True,912828YS3,24.0,1.869,1.82,2.45,28.69564792681748,16.113866169951493,55.19048590323102,4.899999999999993
2020-01-09,30-Year,29-Year 10-Month,True,912810SK5,16.0,2.341,2.31,2.54,19.08535091431499,17.885721825711936,63.02892725997308,3.100000000000014
2020-01-27,5-Year,5-Year,False,912828Z52,41.0,1.448,1.4,2.33,26.05687254841263,13.909819450445903,60.03330800114147,4.800000000000004
2020-01-27,2-Year,2-Year,False,912828Z60,40.0,1.44,1.414,2.65,30.1844174152113,20.746935944949822,49.06864663983888,2.6000000000000023
2020-01-28,7-Year,7-Year,False,912828Z78,32.0,1.57,1.52,2.37,24.720763044878115,17.23105127332099,58.04818568180089,5.000000000000004
2020-02-11,3-Year,3-Year,False,912828Z86,38.0,1.394,1.364,2.56,37.99070172597983,18.085966283636992,43.92333199038318,2.9999999999999805
2020-02-12,10-Year,10-Year,False,912828Z94,27.0,1.622,1.577,2.58,23.917979714604307,14.766865388372322,61.31515489702337,4.500000000000015
2020-02-13,30-Year,30-Year,False,912810SL3,19.0,2.061,2.01,2.43,19.074024295994935,19.412105615835774,61.513870088169284,5.100000000000016
2020-02-25,2-Year,2-Year,False,912828ZA1,40.0,1.188,1.15,2.45,44.50519695691649,9.310837009016916,46.18396603406659,3.8000000000000034
2020-02-26,5-Year,5-Year,False,912828ZC7,41.0,1.15,1.102,2.46,28.65979808739309,9.802945538596127,61.53725637401079,4.799999999999982
2020-02-27,7-Year,7-Year,False,912828ZB9,32.0,1.247,1.189,2.49,23.934591460732353,13.101985845316557,62.96342269395109,5.800000000000005
2020-03-10,3-Year,3-Year,False,912828ZD5,38.0,0.563,0.49,2.2,44.03275130434841,3.709352269745277,52.25789642590632,7.299999999999995
2020-03-11,10-Year,9-Year 11-Month,True,912828Z94,24.0,0.849,0.75,2.36,29.7774084056949,9.195150631479155,61.02744096282594,9.899999999999999
2020-03-12,30-Year,29-Year 11-Month,True,912810SL3,16.0,1.32,1.22,2.36,21.578276931080445,8.87634798439578,69.54537508452377,10.000000000000009
2020-03-24,2-Year,2-Year,False,912828ZG8,40.0,0.398,0.35,2.36,36.2481930813322,8.55004377660079,55.201763142067016,4.800000000000004
2020-03-25,5-Year,5-Year,False,912828ZF0,41.0,0.535,0.48,2.53,35.33684523611958,12.603136888330827,52.06001787554959,5.500000000000005
2020-03-26,7-Year,7-Year,False,912828ZE3,32.0,0.68,0.62,2.76,28.55404052832164,9.093638005616727,62.35232146606163,6.000000000000005
2020-04-06,3-Year,3-Year,False,912828ZH6,40.0,0.348,0.318,2.27,40.53532772020609,4.067983896070645,55.39668838372326,2.9999999999999973
2020-04-07,10-Year,9-Year 10-Month,True,912828Z94,25.0,0.782,0.724,2.43,27.590784313278398,13.228905386284637,59.180310300436965,5.800000000000005
2020-04-08,30-Year,29-Year 10-Month,True,912810SL3,17.0,1.325,1.27,2.35,22.605859098985004,10.955196206946292,66.43894469406871,5.499999999999994
2020-04-27,5-Year,5-Year,False,912828ZL7,43.0,0.394,0.35,2.74,19.356478118874122,20.19606538490709,60.44745649621879,4.400000000000004
2020-04-27,2-Year,2-Year,False,912828ZM5,42.0,0.229,0.185,3.1,26.382998580343408,17.804037137211335,55.81296428244526,4.400000000000001
2020-04-28,7-Year,7-Year,False,912828ZN3,35.0,0.525,0.47,2.56,21.265922818311562,12.284277261028105,66.44979992066034,5.500000000000005
2020-05-11,3-Year,3-Year,False,912828ZP8,42.0,0.23,0.199,2.54,32.592926357304904,13.05521289957017,54.351860743124924,3.1
2020-05-12,10-Year,10-Year,False,912828ZQ6,32.0,0.7,0.65,2.69,20.518621931007868,13.335965180538928,66.14541288845321,4.999999999999993
2020-05-13,30-Year,30-Year,False,912810SN9,22.0,1.342,1.279,2.3,21.376296290907504,12.936537671095849,65.68716603799665,6.300000000000017
2020-05-20,20-Year,20-Year,False,912810SR0,20.0,1.22,1.159,2.53,24.562308838149832,14.709639052416158,60.72805210943402,6.099999999999994
2020-05-26,2-Year,2-Year,False,912828ZR4,44.0,0.178,0.147,2.68,32.10418270200762,14.820737019951705,53.07508027804067,3.1
2020-05-27,5-Year,5-Year,False,912828ZT0,45.0,0.334,0.28,2.28,31.827335205952334,10.832364734103257,57.340300059944404,5.3999999999999995
2020-05-28,7-Year,7-Year,False,912828ZS2,38.0,0.553,0.5,2.55,24.022898103020406,12.393487707062635,63.58361418991696,5.300000000000004
2020-06-08,3-Year,3-Year,False,912828ZU7,44.0,0.28,0.24,2.55,32.220354509694744,14.473728950028686,53.30591654027656,4.0000000000000036
2020-06-09,10-Year,9-Year 11-Month,True,912828ZQ6,29.0,0.832,0.769,2.26,31.49888916843374,11.759137361821601,56.74197346974466,6.2999999999999945
2020-06-11,30-Year,29-Year 11-Month,True,912810SN9,19.0,1.45,1.38,2.3,24.548316430978588,13.250095601855671,62.201587967165736,7.000000000000006
2020-06-17,20-Year,19-Year 11-Month,True,912810SR0,17.0,1.314,1.26,2.63,21.921398916125437,16.454251709224373,61.62434937465019,5.400000000000005
2020-06-23,2-Year,2-Year,False,912828ZX1,46.0,0.193,0.16,2.46,31.22943501999899,16.746192276882642,52.024372703118374,3.3000000000000003
2020-06-24,5-Year,5-Year,False,912828ZW3,47.0,0.33,0.288,2.58,21.963959138229853,15.778929408954317,62.25711145281583,4.200000000000004
2020-06-25,7-Year,7-Year,False,912828ZV5,41.0,0.511,0.465,2.49,21.68737852260807,15.701065336223078,62.61155614116885,4.599999999999999
2020-07-07,3-Year,3-Year,False,912828ZY9,46.0,0.19,0.16,2.44,32.44638144636694,13.25116033088008,54.30245822275298,3.0
2020-07-08,10-Year,9-Year 10-Month,True,912828ZQ6,29.0,0.653,0.611,2.62,19.68602449850333,16.950508945497457,63.36346655599922,4.200000000000004
2020-07-09,30-Year,29-Year 10-Month,True,912810SN9,19.0,1.33,1.294,2.5,17.44993347133003,10.501617801858213,72.04844872681176,3.600000000000003
2020-07-22,20-Year,19-Year 10-Month,True,912810SR0,17.0,1.059,1.0,2.43,21.228643706663046,11.759114602083798,67.01224169125317,5.899999999999994
2020-07-27,5-Year,5-Year,False,91282CAB7,49.0,0.288,0.23,2.32,29.550967321243277,12.315244958420815,58.1337877203359,5.799999999999997
2020-07-27,2-Year,2-Year,False,91282CAC5,48.0,0.155,0.121,2.34,39.344265207987064,14.814932498719086,45.840802293293855,3.4000000000000004
2020-07-28,7-Year,7-Year,False,91282CAD3,44.0,0.446,0.4,2.45,19.260614030641758,16.82321498663693,63.91617098272131,4.599999999999999
2020-08-11,3-Year,3-Year,False,91282CAF8,48.0,0.179,0.146,2.44,30.68947201106059,12.291957836832836,57.01857015210658,3.3000000000000003
2020-08-12,10-Year,10-Year,False,91282CAE1,38.0,0.677,0.639,2.41,19.830651448842644,14.74362727440588,65.42572127675147,3.8000000000000034
2020-08-13,30-Year,30-Year,False,912810SP4,26.0,1.406,1.32,2.14,28.29512815437274,11.874470868707341,59.83040097691992,8.599999999999985
2020-08-19,20-Year,20-Year,False,912810SQ2,25.0,1.185,1.11,2.26,26.19312949638993,11.188635981535688,62.61823452207439,7.499999999999996
2020-08-25,2-Year,2-Year,False,91282CAG6,50.0,0.155,0.12,2.78,28.68402993785394,13.682635018566858,57.6333350435792,3.5000000000000004
2020-08-26,5-Year,5-Year,False,91282CAJ0,51.0,0.298,0.261,2.71,17.82188627599681,15.929698577972815,66.24841514603038,3.6999999999999975
2020-08-27,7-Year,7-Year,False,91282CAH4,47.0,0.519,0.476,2.47,15.34355380874958,16.3605547386756,68.29589145257482,4.300000000000004
2020-09-08,3-Year,3-Year,False,91282CAK7,50.0,0.17,0.144,2.28,36.290639399518035,12.96595955260876,50.743401047873206,2.6000000000000023
2020-09-09,10-Year,9-Year 11-Month,True,91282CAE1,35.0,0.704,0.65,2.3,27.113205080638707,14.601339991464346,58.28545492789694,5.399999999999993
2020-09-10,30-Year,29-Year 11-Month,True,912810SP4,23.0,1.473,1.418,2.31,21.320397214870233,16.082876655165247,62.59672612996452,5.500000000000016
2020-09-15,20-Year,19-Year 11-Month,True,912810SQ2,22.0,1.213,1.16,2.39,24.047430007588485,15.281821083466928,60.67074890894458,5.300000000000016
2020-09-22,2-Year,2-Year,False,91282CAN1,52.0,0.136,0.1,2.42,33.41356743916965,14.056031767171373,52.53040079365897,3.6000000000000005
2020-09-23,5-Year,5-Year,False,91282CAM3,53.0,0.275,0.24,2.52,20.676641134344813,17.39192806151918,61.93143080413601,3.500000000000003
2020-09-24,7-Year,7-Year,False,91282CAL5,50.0,0.462,0.414,2.42,20.50442976135592,16.649452317686745,62.84611792095733,4.800000000000004
2020-10-06,3-Year,3-Year,False,91282CAP6,52.0,0.193,0.165,2.44,31.713834821752812,12.630762785520893,55.655402392726295,2.8
2020-10-07,10-Year,9-Year 10-Month,True,91282CAE1,35.0,0.765,0.716,2.47,22.93045053053675,14.192917705484783,62.876631763978466,4.900000000000004
2020-10-08,30-Year,29-Year 10-Month,True,912810SP4,23.0,1.578,1.513,2.29,23.012202415536326,14.973809661493014,62.01398792297066,6.500000000000017
2020-10-21,20-Year,19-Year 10-Month,True,912810SQ2,22.0,1.37,1.325,2.43,21.4566728645908,15.596521843801629,62.94680529160757,4.500000000000015
2020-10-27,2-Year,2-Year,False,91282CAR2,54.0,0.151,0.12,2.41,32.02103989473758,15.595855054377367,52.38310505088506,3.1
2020-10-28,5-Year,5-Year,False,91282CAT8,55.0,0.33,0.289,2.38,24.089016676574982,13.970020027788152,61.94096329563686,4.100000000000003
2020-10-29,7-Year,7-Year,False,91282CAU5,53.0,0.6,0.545,2.24,24.869683300659617,14.26085476871181,60.869461930628574,5.499999999999994
2020-11-09,3-Year,3-Year,False,91282CAW1,54.0,0.25,0.23,2.4,46.826358173196084,14.283867589134086,38.88977423766983,1.9999999999999991
2020-11-10,10-Year,10-Year,False,91282CAV3,41.0,0.96,0.912,2.32,32.02746249662143,13.1306291700419,54.84190833333666,4.799999999999994
2020-11-12,30-Year,30-Year,False,912810SS8,27.0,1.68,1.62,2.29,21.558076909551893,16.53870443319763,61.90321865725048,5.999999999999983
2020-11-18,20-Year,20-Year,False,912810ST6,27.0,1.422,1.362,2.27,23.487569298428333,15.293175489144293,61.21925521242737,5.999999999999983
2020-11-23,5-Year,5-Year,False,91282CAZ4,57.0,0.397,0.349,2.38,29.212790805880683,14.324619976026185,56.46258921809313,4.800000000000004
2020-11-23,2-Year,2-Year,False,91282CAX9,56.0,0.165,0.14,2.71,38.25138374774485,15.698776627374297,46.049839624880846,2.4999999999999996
2020-11-24,7-Year,7-Year,False,91282CAY7,56.0,0.653,0.6,2.37,19.477891206574643,15.118144827530786,65.40396396589458,5.300000000000004
2020-12-08,3-Year,3-Year,False,91282CBA8,56.0,0.211,0.187,2.28,34.87697860507893,15.868054995768816,49.25496639915225,2.3999999999999995
2020-12-09,10-Year,9-Year 11-Month,True,91282CAV3,38.0,0.951,0.904,2.33,22.989469686926302,14.704869427892145,62.30566088518156,4.699999999999993
2020-12-10,30-Year,29-Year 11-Month,True,912810SS8,24.0,1.665,1.626,2.48,17.360302787349962,16.7687123405454,65.87098487210463,3.9000000000000146
2020-12-21,20-Year,19-Year 11-Month,True,912810ST6,24.0,1.47,1.411,2.39,26.032711749897768,17.700410280759964,56.26687796934227,5.899999999999994
2020-12-28,5-Year,5-Year,False,91282CBC4,59.0,0.394,0.35,2.39,24.92261081401232,17.96511362113762,57.11227556485006,4.400000000000004
2020-12-28,2-Year,2-Year,False,91282CBD2,58.0,0.137,0.11,2.45,33.28109485176373,17.50305903969285,49.21584610854342,2.700000000000001
2020-12-29,7-Year,7-Year,False,91282CBB6,59.0,0.662,0.608,2.31,22.68809767204349,16.980374714031218,60.33152761392528,5.400000000000005
2021-01-11,3-Year,3-Year,False,91282CBE0,58.0,0.234,0.21,2.52,33.22743451517036,14.57263805377013,52.199927431059514,2.400000000000002
2021-01-12,10-Year,9-Year 10-Month,True,91282CAV3,38.0,1.164,1.12,2.47,19.987663089962975,17.765992742885715,62.246344167151314,4.399999999999982
2021-01-13,30-Year,29-Year 10-Month,True,912810SS8,24.0,1.825,1.79,2.47,14.155158945887827,17.20257259381932,68.64226846029285,3.499999999999992
2021-01-20,20-Year,19-Year 10-Month,True,912810ST6,24.0,1.657,1.6,2.28,25.747774474282213,14.512067852469151,59.74015767324864,5.699999999999994
2021-01-25,2-Year,2-Year,False,91282CBG5,60.0,0.125,0.099,2.67,27.734465598463427,15.648347969483847,56.617186432052726,2.5999999999999996
2021-01-26,5-Year,5-Year,False,91282CBH3,61.0,0.424,0.375,2.34,25.35720749611513,14.146181970088328,60.496610533796535,4.899999999999999
2021-01-28,7-Year,7-Year,False,91282CBJ9,62.0,0.754,0.703,2.3,19.617114787637156,16.28267366378623,64.10021154857661,5.100000000000005
2021-02-09,3-Year,3-Year,False,91282CBM2,58.0,0.196,0.165,2.39,31.214257270223335,16.049660962578677,52.736081767197994,3.1
2021-02-10,10-Year,10-Year,False,91282CBL4,41.0,1.155,1.105,2.37,20.46792392632331,18.9205370122494,60.61153906142729,5.000000000000004
2021-02-11,30-Year,30-Year,False,912810SU3,27.0,1.933,1.87,2.18,22.204917596427194,17.338787462084255,60.45629494148855,6.2999999999999945
2021-02-17,20-Year,20-Year,False,912810SW9,27.0,1.92,1.85,2.15,29.084150445897027,16.015158685824705,54.90069086827827,6.999999999999984
2021-02-23,2-Year,2-Year,False,91282CBN0,60.0,0.119,0.098,2.44,30.6851753683616,12.011808195108951,57.30301643652944,2.099999999999999
2021-02-24,5-Year,5-Year,False,91282CBQ3,61.0,0.621,0.57,2.24,28.56533122274087,14.382948547092594,57.05172023016654,5.100000000000005
2021-02-25,7-Year,7-Year,False,91282CBP5,62.0,1.195,1.099,2.04,39.8113914602361,22.129296495212035,38.05931204455187,9.600000000000009
2021-03-09,3-Year,3-Year,False,91282CBR1,58.0,0.355,0.319,2.69,33.98982183915763,18.249591967566772,47.76058619327561,3.599999999999998
2021-03-10,10-Year,9-Year 11-Month,True,91282CBL4,38.0,1.523,1.467,2.38,25.416054673916605,17.775211020059007,56.80873430602439,5.599999999999983
2021-03-11,30-Year,29-Year 11-Month,True,912810SU3,24.0,2.295,2.23,2.28,19.21189550176125,20.236906462706944,60.551198035531804,6.499999999999995
2021-03-16,20-Year,19-Year 11-Month,True,912810SW9,24.0,2.29,2.24,2.51,21.562546159172058,17.0307251909057,61.406728649922236,4.999999999999982
2021-03-23,2-Year,2-Year,False,91282CBU4,60.0,0.152,0.11,2.54,31.72913986772819,17.578472201893813,50.692387930378004,4.199999999999999
2021-03-24,5-Year,5-Year,False,91282CBT7,61.0,0.85,0.79,2.36,25.306250516086877,16.61651044010166,58.07723904381147,5.999999999999995
2021-03-25,7-Year,7-Year,False,91282CBS9,62.0,1.3,1.225,2.23,24.728109286197565,18.003157030672046,57.26873368313039,7.499999999999996
2021-04-12,3-Year,3-Year,False,91282CBV2,58.0,0.376,0.35,2.32,33.132771616160326,15.768341847492506,51.098886536347166,2.6000000000000023
2021-04-12,10-Year,9-Year 10-Month,True,91282CBL4,38.0,1.68,1.62,2.36,24.181612573951103,16.216278998089628,59.602108427959266,5.999999999999983
2021-04-13,30-Year,29-Year 10-Month,True,912810SU3,24.0,2.32,2.27,2.47,17.094139636789336,21.94792668433792,60.95793367887274,4.999999999999982
2021-04-21,20-Year,19-Year 10-Month,True,912810SW9,24.0,2.144,2.092,2.42,21.089466373007507,20.182850877904006,58.727682749088494,5.200000000000005
2021-04-26,5-Year,5-Year,False,91282CBW0,61.0,0.849,0.8,2.31,24.56430847670745,17.50619470242307,57.92949682086949,4.899999999999993
2021-04-26,2-Year,2-Year,False,91282CBX8,60.0,0.175,0.15,2.34,37.931719964921214,18.504033700151084,43.564246334927695,2.4999999999999996
2021-04-27,7-Year,7-Year,False,91282CBZ3,62.0,1.306,1.249,2.31,22.329222477991184,20.596981364033525,57.07379615797529,5.699999999999994
2021-05-11,3-Year,3-Year,False,91282CCC3,58.0,0.329,0.3,2.42,32.26402604985375,18.11187928050447,49.62409466964178,2.9000000000000026
2021-05-12,10-Year,10-Year,False,91282CCB5,41.0,1.684,1.629,2.45,19.492273551759997,17.126049236012193,63.38167721222781,5.499999999999994
2021-05-13,30-Year,30-Year,False,912810SX7,27.0,2.395,2.315,2.22,20.050539821258337,20.064594633886397,59.88486554485527,8.000000000000007
2021-05-19,20-Year,20-Year,False,912810SY5,27.0,2.286,2.215,2.24,23.750240902409082,19.514461136618547,56.735297960972375,7.100000000000017
2021-05-25,2-Year,2-Year,False,91282CCD1,60.0,0.152,0.108,2.74,24.91192160782691,18.02834011584128,57.05973827633181,4.3999999999999995
2021-05-26,5-Year,5-Year,False,91282CCF6,61.0,0.788,0.741,2.49,20.78150813297334,14.866467867421154,64.3520239996055,4.700000000000005
2021-05-27,7-Year,7-Year,False,91282CCE9,62.0,1.285,1.232,2.41,19.730660682847237,20.697992494152142,59.571346823000624,5.299999999999994
2021-06-08,3-Year,3-Year,False,91282CCG4,58.0,0.325,0.295,2.47,27.550983205335882,18.277693462604923,54.171323332059195,3.0000000000000027
2021-06-09,10-Year,9-Year 11-Month,True,91282CCB5,38.0,1.497,1.44,2.58,15.723824790831435,19.23140416597121,65.04477104319736,5.700000000000016
2021-06-10,30-Year,29-Year 11-Month,True,912810SX7,24.0,2.172,2.1,2.29,17.976246388869658,17.988637616880357,64.03511599424999,7.200000000000006
2021-06-15,20-Year,19-Year 11-Month,True,912810SY5,24.0,2.12,2.05,2.4,17.529703007452387,20.404889393361316,62.065407599186294,7.000000000000028
2021-06-22,2-Year,2-Year,False,91282CCK5,60.0,0.249,0.219,2.54,30.88189883980366,18.483756422260065,50.634344737936274,3.0
2021-06-23,5-Year,5-Year,False,91282CCJ8,61.0,0.904,0.843,2.36,24.288035801841197,18.08845795246424,57.62350624569456,6.100000000000005
2021-06-24,7-Year,7-Year,False,91282CCH2,62.0,1.264,1.21,2.36,18.69058826972532,21.33810357245525,59.97130815781942,5.400000000000005
2021-07-12,3-Year,3-Year,False,91282CCL3,58.0,0.426,0.38,2.41,28.55259851056634,18.280932909338528,53.16646858009513,4.599999999999999
2021-07-12,10-Year,9-Year 10-Month,True,91282CCB5,38.0,1.371,1.314,2.39,19.038973626594107,17.480689043856138,63.48033732954976,5.699999999999994
2021-07-13,30-Year,29-Year 10-Month,True,912810SX7,24.0,2.0,1.9,2.19,22.282935434179386,16.625345901666304,61.09171866415431,10.000000000000009
2021-07-21,20-Year,19-Year 10-Month,True,912810SY5,24.0,1.89,1.8,2.33,20.905870775237666,18.93855456184652,60.15557466291581,8.999999999999986
2021-07-26,2-Year,2-Year,False,91282CCN9,60.0,0.213,0.18,2.47,25.982270949286224,21.2591443705428,52.75858468017097,3.3000000000000003
2021-07-27,5-Year,5-Year,False,91282CCP4,61.0,0.71,0.66,2.36,24.177611222632894,17.749004941021564,58.073383836345535,4.999999999999993
2021-07-29,7-Year,7-Year,False,91282CCR0,62.0,1.05,0.985,2.23,22.182668659322587,19.449404708421664,58.36792663225575,6.500000000000005
2021-08-10,3-Year,3-Year,False,91282CCT6,58.0,0.465,0.42,2.54,26.16766795530371,18.425444066014215,55.40688797868207,4.5000000000000036
2021-08-11,10-Year,10-Year,False,91282CCS8,41.0,1.34,1.315,2.65,9.632077965776281,13.119552762668915,77.24836927155481,2.5000000000000133
2021-08-12,30-Year,30-Year,False,912810SZ2,27.0,2.04,1.959,2.21,18.349163482591177,20.996920494874963,60.65391602253386,8.099999999999996
2021-08-18,20-Year,20-Year,False,912810TA6,27.0,1.85,1.781,2.44,19.023074278677253,18.67999383585405,62.296931885468695,6.900000000000017
2021-08-24,2-Year,2-Year,False,91282CCU3,60.0,0.242,0.21,2.65,18.277650954214156,21.180889043632337,60.5414600021535,3.2
2021-08-25,5-Year,5-Year,False,91282CCW9,61.0,0.831,0.775,2.35,19.766053300674976,17.536978065798973,62.696968633526055,5.599999999999994
2021-08-26,7-Year,7-Year,False,91282CCV1,62.0,1.155,1.099,2.34,20.076009175468226,18.857180308033573,61.066810516498194,5.600000000000005
2021-09-07,3-Year,3-Year,False,91282CCX7,58.0,0.447,0.4,2.45,24.3653799334775,18.966004231116774,56.668615835405724,4.699999999999998
2021-09-08,10-Year,9-Year 11-Month,True,91282CCS8,38.0,1.338,1.288,2.59,12.32389685724837,16.62225729464405,71.05384584810757,5.000000000000004
2021-09-09,30-Year,29-Year 11-Month,True,912810SZ2,24.0,1.91,1.86,2.49,13.082507711569946,17.248299128487723,69.66919315994234,4.999999999999982
2021-09-21,20-Year,19-Year 11-Month,True,912810TA6,24.0,1.795,1.74,2.36,16.88546237903101,18.892435746238505,64.22210187473048,5.499999999999994
2021-09-27,2-Year,2-Year,False,91282CDA6,60.0,0.31,0.28,2.28,32.98819738933996,21.688924007522232,45.32287860313781,2.9999999999999973
2021-09-27,5-Year,5-Year,False,91282CCZ2,61.0,0.99,0.936,2.37,25.47613502638328,20.20636908953451,54.31749588408221,5.399999999999993
2021-09-28,7-Year,7-Year,False,91282CCY5,62.0,1.332,1.27,2.24,18.992440644967377,20.92059863255743,60.08696072247519,6.2000000000000055
2021-10-12,3-Year,3-Year,False,91282CDB4,58.0,0.635,0.595,2.36,36.89935297960743,18.868707417890427,44.23193960250215,4.0000000000000036
2021-10-12,10-Year,9-Year 10-Month,True,91282CCS8,38.0,1.584,1.54,2.58,11.20504690055884,17.74220184747792,71.05275125196324,4.400000000000004
2021-10-13,30-Year,29-Year 10-Month,True,912810SZ2,24.0,2.049,1.97,2.36,12.285271130099588,17.16937484939291,70.5453540205075,7.899999999999996
2021-10-20,20-Year,19-Year 10-Month,True,912810TA6,24.0,2.1,2.007,2.25,19.56499508722481,15.604050291320618,64.83095462145457,9.299999999999997
2021-10-26,2-Year,2-Year,False,91282CDD0,60.0,0.481,0.44,2.69,19.554209440552263,22.301564161847573,58.144226397600164,4.099999999999998
2021-10-27,5-Year,5-Year,False,91282CDG3,61.0,1.157,1.119,2.55,17.851878624603856,17.368359188668588,64.77976218672755,3.8000000000000034
2021-10-28,7-Year,7-Year,False,91282CDF5,62.0,1.461,1.38,2.25,16.565995738681742,19.541045116860346,63.89295914445792,8.10000000000002
2021-11-08,3-Year,3-Year,False,91282CDH1,56.0,0.75,0.69,2.33,24.338039568071345,18.04337817341986,57.6185822585088,6.000000000000005
2021-11-09,10-Year,10-Year,False,91282CDJ7,39.0,1.444,1.37,2.35,15.186567070940725,13.804908883984023,71.00852404507525,7.399999999999984
2021-11-10,30-Year,30-Year,False,912810TB4,25.0,1.94,1.824,2.2,25.225517595697305,15.778050407476316,58.99643199682638,11.599999999999987
2021-11-17,20-Year,20-Year,False,912810TC2,23.0,2.065,1.989,2.34,20.438309903837727,19.377041065507505,60.18464903065477,7.5999999999999845
2021-11-22,5-Year,5-Year,False,91282CDK4,59.0,1.319,1.25,2.34,26.883998475232357,16.240480434271433,56.87552109049621,6.899999999999995
2021-11-22,2-Year,2-Year,False,91282CDM0,58.0,0.623,0.575,2.36,37.21170407772059,17.16789396361807,45.62040195866134,4.800000000000004
2021-11-23,7-Year,7-Year,False,91282CDL2,59.0,1.588,1.532,2.42,17.425787775994063,23.280267598250845,59.29394462575509,5.600000000000005
2021-12-02,20-Year,19-Year 11-Month,True,912810TC2,0.025,1.872,1.865,2.92,100.0,0.0,0.0,0.7000000000000117
2021-12-07,3-Year,3-Year,False,91282CDN8,54.0,1.0,0.957,2.43,29.81474099727579,18.01256719955192,52.17269180317229,4.300000000000004
2021-12-08,10-Year,9-Year 11-Month,True,91282CDJ7,36.0,1.518,1.45,2.43,13.365012032013857,17.79443000713945,68.8405579608467,6.800000000000006
2021-12-09,30-Year,29-Year 11-Month,True,912810TB4,22.0,1.895,1.8,2.22,20.710664813711144,18.487663707665806,60.80167147862306,9.499999999999996
2021-12-21,20-Year,19-Year 11-Month,True,912810TC2,20.0,1.942,1.9,2.59,14.341351672395122,20.83251346439402,64.82613486321085,4.200000000000004
2021-12-27,2-Year,2-Year,False,91282CDR9,56.0,0.769,0.725,2.55,24.22230577450237,14.38702172802121,61.390672497476416,4.400000000000004
2021-12-28,5-Year,5-Year,False,91282CDQ1,57.0,1.263,1.21,2.41,20.01728829226255,14.3233777016369,65.65933400610055,5.299999999999994
2021-12-29,7-Year,7-Year,False,91282CDP3,56.0,1.48,1.397,2.21,21.294098368122054,19.452867451610064,59.25303418026788,8.299999999999997
2022-01-11,3-Year,3-Year,False,91282CDS7,52.0,1.237,1.19,2.47,22.841247869348415,15.509661763932003,61.649090366719584,4.700000000000015
2022-01-12,10-Year,9-Year 10-Month,True,91282CDJ7,36.0,1.723,1.652,2.51,16.608980315681233,17.864884472459767,65.526135211859,7.100000000000017
2022-01-13,30-Year,29-Year 10-Month,True,912810TB4,22.0,2.075,2.0,2.35,17.9478178528782,17.07582500545797,64.97635714166383,7.500000000000018
2022-01-19,20-Year,19-Year 10-Month,True,912810TC2,20.0,2.21,2.15,2.48,16.752450684778015,17.02581464239526,66.22173467282673,6.000000000000005
2022-01-24,2-Year,2-Year,False,91282CDV0,54.0,0.99,0.95,2.81,24.610040754592774,9.386831134010446,66.00312811139678,4.0000000000000036
2022-01-25,7-Year,5-Year,True,912828Z78,55.0,1.533,1.485,2.5,14.80207436335465,16.477082095944535,68.72084354070081,4.799999999999982
2022-01-27,7-Year,7-Year,False,91282CDW8,53.0,1.769,1.7,2.36,14.492023069176954,22.860632864683588,62.64734406613945,6.899999999999995
2022-02-08,3-Year,3-Year,False,91282CDZ1,50.0,1.592,1.54,2.45,20.30670464836882,11.144401385554946,68.54889396607624,5.200000000000005
2022-02-09,10-Year,10-Year,False,91282CDY4,37.0,1.904,1.853,2.68,7.4436202433308924,14.995565531373177,77.56081422529593,5.099999999999993
2022-02-10,30-Year,30-Year,False,912810TD0,23.0,2.34,2.249,2.3,14.295228974184043,17.750851935661448,67.95391909015451,9.099999999999975
2022-02-16,20-Year,20-Year,False,912810TF5,19.0,2.396,2.33,2.44,16.110914026371727,20.983470048367018,62.90561592526126,6.599999999999984
2022-02-22,2-Year,2-Year,False,91282CEA5,52.0,1.553,1.51,2.64,15.648572061403163,18.769383494623572,65.58204444397326,4.299999999999993
2022-02-23,5-Year,5-Year,False,91282CEC1,53.0,1.88,1.83,2.49,13.759712128630404,18.42937967798198,67.81090819338762,4.999999999999982
2022-02-24,7-Year,7-Year,False,91282CEB3,50.0,1.905,1.84,2.36,12.323815188081323,23.823447277348947,63.85273753456973,6.499999999999995
2022-03-08,3-Year,3-Year,False,91282CED9,48.0,1.775,1.701,2.39,26.3120741021092,18.600082387030092,55.0878435108607,7.399999999999984
2022-03-09,10-Year,9-Year 11-Month,True,91282CDY4,34.0,1.92,1.84,2.47,13.740348467912366,18.033991868228888,68.22565966385875,7.999999999999985
2022-03-10,30-Year,29-Year 11-Month,True,912810TD0,20.0,2.375,2.32,2.46,12.05913108648434,16.424077433620408,71.51679147989525,5.500000000000016
2022-03-23,20-Year,19-Year 11-Month,True,912810TF5,16.0,2.651,2.602,2.72,9.585116216532914,26.02672491716237,64.3881588663047,4.899999999999993
2022-03-28,5-Year,5-Year,False,91282CEF4,51.0,2.543,2.46,2.53,20.05370398422384,19.74175557952142,60.20454043625474,8.300000000000018
2022-03-28,2-Year,2-Year,False,91282CEG2,50.0,2.365,2.3,2.46,19.42519021332518,25.54746306332095,55.027346723353865,6.500000000000039
2022-03-29,7-Year,7-Year,False,91282CEE7,47.0,2.499,2.43,2.44,10.515902774754272,28.550849319974542,60.93324790527118,6.899999999999995
2022-04-11,3-Year,3-Year,False,91282CEH0,46.0,2.738,2.68,2.48,28.992767787292234,17.56045025870585,53.44678195400191,5.799999999999983
2022-04-12,10-Year,9-Year 10-Month,True,91282CDY4,34.0,2.72,2.62,2.43,18.658156037215754,17.01670856021052,64.32513540257372,10.000000000000009
2022-04-13,30-Year,29-Year 10-Month,True,912810TD0,20.0,2.815,2.725,2.3,15.866053716373155,18.90884846788216,65.22509781574468,8.999999999999986
2022-04-20,20-Year,19-Year 10-Month,True,912810TF5,16.0,3.095,3.03,2.8,8.742012748261557,15.322757354577362,75.93522989716108,6.500000000000039
2022-04-26,2-Year,2-Year,False,91282CEK3,48.0,2.585,2.534,2.74,12.598358721659164,21.436482995017936,65.96515828332289,5.100000000000016
2022-04-27,5-Year,5-Year,False,91282CEN7,49.0,2.785,2.72,2.41,16.518853503283395,19.45259695386841,64.0285495428482,6.499999999999995
2022-04-28,7-Year,7-Year,False,91282CEM9,44.0,2.908,2.84,2.41,15.222464681900918,19.82361590821586,64.95391940988323,6.800000000000006
2022-05-10,3-Year,3-Year,False,91282CEQ0,45.0,2.809,2.74,2.59,20.006835075328226,18.039928410825283,61.95323651384649,6.899999999999995
2022-05-11,10-Year,10-Year,False,91282CEP2,36.0,2.943,2.85,2.49,11.494043253809426,18.206319723180712,70.29963702300986,9.299999999999997
2022-05-12,30-Year,30-Year,False,912810TG3,22.0,2.997,2.91,2.38,13.740738606863856,16.596422958710143,69.66283843442599,8.699999999999974
2022-05-18,20-Year,20-Year,False,912810TH1,17.0,3.29,3.215,2.5,13.000822443259244,16.42752710289594,70.57165045384481,7.500000000000018
2022-05-24,2-Year,2-Year,False,91282CER8,47.0,2.519,2.445,2.61,15.353218392130511,22.093380957441745,62.55340065042775,7.400000000000029
2022-05-25,5-Year,5-Year,False,91282CET4,48.0,2.736,2.66,2.44,17.040387747039993,20.029691569492357,62.92992068346766,7.600000000000007
2022-05-26,7-Year,7-Year,False,91282CES6,42.0,2.777,2.712,2.69,6.376391203152609,15.761381483145737,77.86222731370167,6.499999999999995
2022-06-07,3-Year,3-Year,False,91282CEU1,44.0,2.927,2.87,2.45,24.910850926433863,23.57473125079589,51.514417822770255,5.699999999999994
2022-06-08,10-Year,9-Year 11-Month,True,91282CEP2,33.0,3.03,2.95,2.41,17.037478483687018,19.36885077646715,63.593670739845834,7.999999999999963
2022-06-09,30-Year,29-Year 11-Month,True,912810TG3,19.0,3.185,3.105,2.35,14.082034298571239,16.895545786747462,69.0224199146813,8.000000000000007
2022-06-22,20-Year,19-Year 11-Month,True,912810TH1,14.0,3.488,3.405,2.6,12.353881217003144,20.203743240307226,67.44237554268963,8.300000000000018
2022-06-27,2-Year,2-Year,False,91282CEX5,46.0,3.084,3.0,2.51,23.243384946239466,25.28255465271941,51.47406040104112,8.400000000000007
2022-06-27,5-Year,5-Year,False,91282CEW7,47.0,3.271,3.18,2.28,23.830386579433323,19.7001217901326,56.46949163043408,9.099999999999975
2022-06-28,7-Year,7-Year,False,91282CEV9,40.0,3.28,3.199,2.48,17.72878901576166,20.414925958899868,61.85628502533847,8.099999999999996
2022-07-11,3-Year,3-Year,False,91282CEY3,43.0,3.093,3.038,2.43,20.28116411613444,19.3522231407974,60.36661274306816,5.500000000000016
2022-07-12,10-Year,9-Year 10-Month,True,91282CEP2,33.0,2.96,2.85,2.34,20.697797012827845,17.97298989129206,61.3292130958801,10.999999999999988
2022-07-13,30-Year,29-Year 10-Month,True,912810TG3,19.0,3.115,3.05,2.44,10.464333700316674,16.335782908575343,73.19988339110797,6.500000000000039
2022-07-20,20-Year,19-Year 10-Month,True,912810TH1,14.0,3.42,3.33,2.65,7.941265040409354,14.090892421780007,77.96784253781064,8.999999999999986
2022-07-25,2-Year,2-Year,False,91282CFA4,45.0,3.015,2.95,2.58,17.945386814514457,20.011187595084515,62.043425590401036,6.499999999999995
2022-07-26,5-Year,5-Year,False,91282CFB2,46.0,2.86,2.8,2.46,16.812188547416557,16.81472485277727,66.37308659980617,6.000000000000005
2022-07-28,7-Year,7-Year,False,91282CFC0,38.0,2.73,2.65,2.6,10.62829534597717,18.43693127294718,70.93477338107564,8.000000000000007
2022-08-09,3-Year,3-Year,False,91282CFE6,42.0,3.202,3.14,2.5,19.64198022859785,17.28223307312273,63.07578669827942,6.199999999999983
2022-08-10,10-Year,10-Year,False,91282CFF3,35.0,2.755,2.69,2.53,9.92101913800364,15.560956616241675,74.51802424575469,6.499999999999995
2022-08-11,30-Year,30-Year,False,912810TJ7,21.0,3.106,3.019,2.31,10.837693698764802,18.51411551247452,70.64819078876067,8.699999999999974
2022-08-17,20-Year,20-Year,False,912810TK4,15.0,3.38,3.28,2.3,14.710288676320818,18.316211937602816,66.97349938607637,10.000000000000009
2022-08-23,2-Year,2-Year,False,91282CFG1,44.0,3.307,3.25,2.49,22.952172669201172,17.314187943093756,59.733639387705075,5.699999999999994
2022-08-24,5-Year,5-Year,False,91282CFH9,45.0,3.23,3.15,2.3,20.606119188607163,18.216404831367406,61.177475980025434,8.000000000000007
2022-08-25,7-Year,7-Year,False,91282CFJ5,37.0,3.13,3.09,2.65,8.584002681784412,15.698834574280394,75.71716274393519,4.0000000000000036
2022-09-12,3-Year,3-Year,False,91282CFK2,41.0,3.564,3.5,2.49,23.60189399880534,21.850098566914962,54.54800743427969,6.400000000000006
2022-09-12,10-Year,9-Year 11-Month,True,91282CFF3,32.0,3.33,3.24,2.37,19.813576015305443,17.88828274955757,62.298141235136995,8.999999999999986
2022-09-13,30-Year,29-Year 11-Month,True,912810TJ7,18.0,3.511,3.45,2.42,10.8515401552826,17.059301769185343,72.08915807553205,6.099999999999994
2022-09-20,20-Year,19-Year 11-Month,True,912810TK4,12.0,3.82,3.75,2.65,8.061475560241146,16.61873575834815,75.3197886814107,6.999999999999984
2022-09-26,2-Year,2-Year,False,91282CFN6,43.0,4.29,4.22,2.51,22.203526126925123,24.8419630955974,52.95451077747748,7.000000000000028
2022-09-27,5-Year,5-Year,False,91282CFM8,44.0,4.228,4.13,2.27,21.718728990942008,18.700843797960577,59.58042721109742,9.799999999999986
2022-09-28,7-Year,7-Year,False,91282CFL0,36.0,3.898,3.85,2.57,12.846659155070943,24.6623586126821,62.490982232246964,4.800000000000004
2022-10-11,3-Year,3-Year,False,91282CFP1,40.0,4.318,4.24,2.57,27.04966629571536,19.553420532205426,53.396913172079216,7.79999999999994
2022-10-12,10-Year,9-Year 10-Month,True,91282CFF3,32.0,3.93,3.85,2.34,19.69866937747339,23.512847784762307,56.788482837764306,8.000000000000007
2022-10-13,30-Year,29-Year 10-Month,True,912810TJ7,18.0,3.93,3.85,2.39,12.222521199386204,18.651580134455237,69.12589866615856,8.000000000000007
2022-10-19,20-Year,19-Year 10-Month,True,912810TK4,12.0,4.395,4.319,2.5,16.434449202372228,19.86447803660136,63.70107276102641,7.599999999999962
2022-10-25,2-Year,2-Year,False,91282CFQ9,42.0,4.46,4.388,2.59,24.21287212679222,25.277966084799203,50.509161788408576,7.200000000000006
2022-10-26,5-Year,5-Year,False,91282CFU0,43.0,4.192,4.119,2.48,16.46391076480557,15.558455634334987,67.97763360085945,7.30000000000004
2022-10-27,7-Year,7-Year,False,91282CFT3,35.0,4.027,3.95,2.43,14.113341469679192,22.717998090457847,63.168660439862954,7.699999999999996
2022-11-08,3-Year,3-Year,False,91282CFW6,40.0,4.605,4.54,2.57,20.778025109796047,17.04087440001969,62.181100490184264,6.500000000000039
2022-11-09,10-Year,10-Year,False,91282CFV8,35.0,4.14,4.044,2.23,24.427924377700936,18.070978261212364,57.50109736108671,9.600000000000009
2022-11-10,30-Year,30-Year,False,912810TL2,21.0,4.08,4.0,2.42,9.687346659574649,20.38560727473403,69.92704606569133,8.000000000000007
2022-11-16,20-Year,20-Year,False,912810TM0,15.0,4.072,4.01,2.64,9.249687811289668,15.40495901807677,75.34535317063357,6.200000000000028
2022-11-21,2-Year,2-Year,False,91282CFX4,42.0,4.505,4.46,2.64,20.62482892409266,22.392564941040547,56.9826061348668,4.499999999999993
2022-11-21,5-Year,5-Year,False,91282CFZ9,43.0,3.974,3.899,2.39,15.067848069100473,18.707236009791043,66.22491592110849,7.500000000000018
2022-11-22,7-Year,7-Year,False,91282CFY2,35.0,3.89,3.819,2.33,21.354410628316685,16.752878685496587,61.892710686186724,7.100000000000017
2022-12-12,10-Year,9-Year 11-Month,True,91282CFV8,32.0,3.625,3.535,2.31,21.85761686194514,18.69640900006447,59.44597413799039,8.999999999999986
2022-12-12,3-Year,3-Year,False,91282CGA3,40.0,4.093,4.03,2.55,17.85271760844388,20.439591562188653,61.707690829367465,6.299999999999972
2022-12-13,30-Year,29-Year 11-Month,True,912810TL2,18.0,3.513,3.43,2.25,15.330614361978592,23.102964797787703,61.566420840233704,8.299999999999974
2022-12-21,20-Year,19-Year 11-Month,True,912810TM0,12.0,3.935,3.899,2.68,8.688246577817077,19.011022331125695,72.30073109105723,3.600000000000003
2022-12-27,2-Year,2-Year,False,91282CGD7,42.0,4.373,4.317,2.71,19.069550778645777,18.709027869494662,62.22142135185956,5.600000000000005
2022-12-28,5-Year,5-Year,False,91282CGC9,43.0,3.973,3.905,2.46,16.922497740023033,18.564671649198612,64.51283061077837,6.800000000000006
2022-12-29,7-Year,7-Year,False,91282CGB1,35.0,3.921,3.859,2.45,15.752720748510768,16.167752486105634,68.07952676538359,6.199999999999983
2023-01-10,3-Year,3-Year,False,91282CGE5,40.0,3.977,3.93,2.84,17.28070069635419,13.177256718290153,69.54204258535566,4.699999999999971
2023-01-11,10-Year,9-Year 10-Month,True,91282CFV8,32.0,3.575,3.499,2.53,15.063401249067491,17.91712758453763,67.01947116639488,7.600000000000007
2023-01-12,30-Year,29-Year 10-Month,True,912810TL2,18.0,3.585,3.535,2.45,9.040760847809977,16.332093007533576,74.62714614465644,4.999999999999982
2023-01-18,20-Year,19-Year 10-Month,True,912810TM0,12.0,3.678,3.62,2.83,8.138413257991047,15.60905927430078,76.25252746770818,5.799999999999983
2023-01-24,2-Year,2-Year,False,91282CGG0,42.0,4.139,4.1,2.94,16.280668379798,18.728689319197645,64.99064230100436,3.900000000000059
2023-01-25,5-Year,5-Year,False,91282CGH8,43.0,3.53,3.464,2.64,8.821084562126813,15.439041333221445,75.73987410465173,6.599999999999984
2023-01-26,7-Year,7-Year,False,91282CGJ4,35.0,3.517,3.457,2.69,6.115890876432261,16.81616145437072,77.06794766919703,6.000000000000005
2023-02-07,3-Year,3-Year,False,91282CGL9,40.0,4.073,3.989,2.33,19.88532098715668,21.060984680720633,59.05369433212269,8.400000000000052
2023-02-08,10-Year,10-Year,False,91282CGM7,35.0,3.613,3.55,2.66,5.360490337982757,15.18648125386077,79.45302840815647,6.300000000000017
2023-02-09,30-Year,30-Year,False,912810TN8,21.0,3.686,3.572,2.25,15.844981397491276,18.941602682440532,65.21341592006819,11.399999999999988
2023-02-15,20-Year,20-Year,False,912810TQ1,15.0,3.977,3.9,2.54,6.725275589250924,17.97202199245244,75.30270241829665,7.699999999999996
2023-02-21,2-Year,2-Year,False,91282CGN5,42.0,4.673,4.61,2.61,14.967111762274177,22.990979168076915,62.0419090696489,6.299999999999972
2023-02-22,5-Year,5-Year,False,91282CGP0,43.0,4.109,4.03,2.48,11.020278607906365,19.03203865947343,69.94768273262021,7.899999999999974
2023-02-23,7-Year,7-Year,False,91282CGQ8,35.0,4.062,3.972,2.49,13.707126115805984,20.795494079835784,65.49737980435822,9.00000000000003
2023-03-07,3-Year,3-Year,False,91282CGR6,40.0,4.635,4.58,2.73,16.836929374546557,20.674000623159777,62.489070002293666,5.499999999999972
2023-03-08,10-Year,9-Year 11-Month,True,91282CGM7,32.0,3.985,3.889,2.35,17.729403563221734,19.980345213506858,62.29025122327141,9.600000000000009
2023-03-09,30-Year,29-Year 11-Month,True,912810TN8,18.0,3.877,3.804,2.35,9.448569055773802,19.835365631721245,70.71606531250495,7.299999999999995
2023-03-21,20-Year,19-Year 11-Month,True,912810TQ1,12.0,3.909,3.8,2.53,11.910737174330146,21.063198371446994,67.02606445422286,10.899999999999999
2023-03-27,2-Year,2-Year,False,91282CGU9,42.0,3.954,3.87,2.44,23.030825171990017,24.16879787681394,52.800376951196036,8.400000000000007
2023-03-28,5-Year,5-Year,False,91282CGT2,43.0,3.665,3.589,2.48,13.329762622765076,18.205830291428793,68.46440708580613,7.600000000000007
2023-03-29,7-Year,7-Year,False,91282CGS4,35.0,3.626,3.55,2.39,15.397203272703274,21.367766937864157,63.23502978943256,7.600000000000007
2023-04-11,3-Year,3-Year,False,91282CGV7,40.0,3.81,3.757,2.59,17.686668554191183,21.012634987406773,61.30069645840204,5.299999999999994
2023-04-12,10-Year,9-Year 10-Month,True,91282CGM7,32.0,3.455,3.364,2.36,17.143353909036747,19.90641792616753,62.95022816479572,9.10000000000002
2023-04-13,30-Year,29-Year 10-Month,True,912810TN8,18.0,3.661,3.589,2.36,11.085440859038558,19.797108614321868,69.11745052663957,7.200000000000006
2023-04-19,20-Year,19-Year 10-Month,True,912810TQ1,12.0,3.92,3.85,2.66,12.046737136133874,19.237050014682065,68.71621284918406,6.999999999999984
2023-04-25,2-Year,2-Year,False,91282CGX3,42.0,3.969,3.92,2.68,18.934292651473402,19.86529235322858,61.20041499529801,4.899999999999993
2023-04-26,5-Year,5-Year,False,91282CHA2,43.0,3.5,3.427,2.54,13.63828282065693,17.287274943867036,69.07444223547603,7.299999999999995
2023-04-27,7-Year,7-Year,False,91282CGZ8,35.0,3.563,3.489,2.41,14.811740432574242,21.07577610706064,64.11248346036513,7.400000000000029
2023-05-09,3-Year,3-Year,False,91282CHB0,40.0,3.695,3.655,2.93,12.987766314454216,13.662382156156792,73.349851529389,4.0000000000000036
2023-05-10,10-Year,10-Year,False,91282CHC8,35.0,3.448,3.363,2.45,13.044876895530944,19.456235972554577,67.49888713191449,8.499999999999996
2023-05-11,30-Year,30-Year,False,912810TR9,21.0,3.741,3.671,2.43,10.209188221715339,17.35609681896286,72.4347149593218,7.000000000000028
2023-05-17,20-Year,20-Year,False,912810TS7,15.0,3.954,3.875,2.56,11.305366390037017,18.11724837702318,70.5773852329398,7.900000000000018
2023-05-23,2-Year,2-Year,False,91282CHD6,42.0,4.3,4.255,2.9,16.185809444543274,15.60360473971254,68.21058581574418,4.499999999999993
2023-05-24,5-Year,5-Year,False,91282CHE4,43.0,3.749,3.687,2.58,9.336091930801386,17.95644993660101,72.70745813259761,6.200000000000028
2023-05-25,7-Year,7-Year,False,91282CHF1,35.0,3.827,3.769,2.61,10.415351279305495,17.28604164420058,72.29860707649392,5.799999999999983
2023-06-12,3-Year,3-Year,False,91282CHH7,40.0,4.202,4.129,2.7,16.738304990681083,21.735486832773265,61.52620817654565,7.30000000000004
2023-06-12,10-Year,9-Year 11-Month,True,91282CHC8,32.0,3.791,3.714,2.36,17.796461382049948,19.920770303137466,62.282768314812586,7.699999999999996
2023-06-13,30-Year,29-Year 11-Month,True,912810TR9,18.0,3.908,3.839,2.52,8.955402615962582,18.133300504197248,72.91129687984017,6.899999999999995
2023-06-21,20-Year,19-Year 11-Month,True,912810TS7,12.0,4.01,3.94,2.87,7.793044719326704,17.62476369281635,74.58219158785695,6.999999999999984
2023-06-26,2-Year,2-Year,False,91282CHL8,42.0,4.67,4.625,2.86,13.33990296598643,18.172781675828833,68.48731535818473,4.499999999999993
2023-06-27,5-Year,5-Year,False,91282CHK0,43.0,4.019,3.95,2.52,12.210873063717226,19.6907455470365,68.09838138924627,6.899999999999995
2023-06-28,7-Year,7-Year,False,91282CHJ3,35.0,3.839,3.77,2.65,8.13859383594799,16.553147199669716,75.30825896438229,6.899999999999995
2023-07-11,3-Year,3-Year,False,91282CHM6,40.0,4.534,4.475,2.88,10.778894987198434,19.792292005634465,69.4288130071671,5.900000000000016
2023-07-12,10-Year,9-Year 10-Month,True,91282CHC8,32.0,3.857,3.775,2.53,12.39314342914066,19.869625970106096,67.73723060075324,8.20000000000003
2023-07-13,30-Year,29-Year 10-Month,True,912810TR9,18.0,3.91,3.83,2.43,10.852012725795147,20.13295747957414,69.0150297946307,8.000000000000007
2023-07-19,20-Year,19-Year 10-Month,True,912810TS7,12.0,4.036,3.965,2.68,9.568353115412148,21.67775509767545,68.7538917869124,7.099999999999973
2023-07-24,2-Year,2-Year,False,91282CHN4,42.0,4.823,4.76,2.78,13.789602771766782,20.76510110389253,65.44529612434069,6.300000000000061
2023-07-25,5-Year,5-Year,False,91282CHQ7,43.0,4.17,4.1,2.6,13.492509364212788,22.125384495947724,64.3821061398395,7.000000000000028
2023-07-27,7-Year,7-Year,False,91282CHR5,35.0,4.087,4.02,2.48,14.339317342120788,15.906602026931294,69.75408063094793,6.700000000000017
2023-08-08,3-Year,3-Year,False,91282CHU8,42.0,4.398,4.355,2.9,10.329151311722047,15.69652393633996,73.97432475193798,4.299999999999926
2023-08-09,10-Year,10-Year,False,91282CHT1,38.0,3.999,3.922,2.56,9.504942526909174,18.29800644437895,72.19705102871188,7.699999999999996
2023-08-10,30-Year,30-Year,False,912810TT5,23.0,4.189,4.115,2.42,12.526626903040663,19.642435790112405,67.83093730684693,7.399999999999984
2023-08-23,20-Year,20-Year,False,912810TU2,16.0,4.499,4.427,2.56,11.35018673247288,20.20141611360385,68.44839715392327,7.200000000000006
2023-08-28,2-Year,2-Year,False,91282CHV6,45.0,5.024,4.98,2.94,14.982075359181707,20.006856725348307,65.01106791547,4.3999999999999595
2023-08-28,5-Year,5-Year,False,91282CHX2,46.0,4.4,4.33,2.54,13.827071650360482,18.254216971993902,67.91871137764562,7.000000000000028
2023-08-29,7-Year,7-Year,False,91282CHW4,36.0,4.212,4.155,2.66,9.774064511469671,14.973911360339242,75.25202412819108,5.6999999999999496
2023-09-11,3-Year,3-Year,False,91282CHY0,44.0,4.66,4.597,2.75,20.25305451890977,22.079983693372203,57.66696178771803,6.299999999999972
2023-09-12,10-Year,9-Year 11-Month,True,91282CHT1,35.0,4.289,4.229,2.52,13.768036285029645,19.91823699310303,66.31372672186733,5.999999999999961
2023-09-13,30-Year,29-Year 11-Month,True,912810TT5,20.0,4.345,4.27,2.46,15.77703406471271,19.73617940773047,64.48678652755682,7.500000000000018
2023-09-19,20-Year,19-Year 11-Month,True,912810TU2,13.0,4.592,4.538,2.74,9.273404281209475,25.364464485693567,65.36213123309696,5.399999999999938
2023-09-26,2-Year,2-Year,False,91282CJB8,48.0,5.085,5.03,2.73,13.986642762939978,20.994725984931907,65.01863125212812,5.499999999999972
2023-09-27,5-Year,5-Year,False,91282CJA0,49.0,4.659,4.599,2.52,11.230233813037866,17.620198961114276,71.14956722584786,5.999999999999961
2023-09-28,7-Year,7-Year,False,91282CHZ7,37.0,4.673,4.6,2.47,14.597395568620627,19.93407661631351,65.46852781506585,7.30000000000004
2023-10-10,3-Year,3-Year,False,91282CJC6,46.0,4.74,4.67,2.56,22.088831444075538,21.9438119254093,55.96735663051516,7.000000000000028
2023-10-11,10-Year,9-Year 10-Month,True,91282CHT1,35.0,4.61,4.53,2.5,18.749826619292463,20.90847463933791,60.34169874136962,8.000000000000007
2023-10-12,30-Year,29-Year 10-Month,True,912810TT5,20.0,4.837,4.74,2.35,18.16940287519744,16.70521163340181,65.12538549140075,9.699999999999953
2023-10-18,20-Year,19-Year 10-Month,True,912810TU2,13.0,5.245,5.186,2.59,11.933137028148701,15.201190097923106,72.86567287392819,5.900000000000016
2023-10-24,2-Year,2-Year,False,91282CJE2,51.0,5.055,5.01,2.64,17.626972610607606,20.327356674920736,62.045670714471655,4.499999999999993
2023-10-25,5-Year,5-Year,False,91282CJF9,52.0,4.899,4.819,2.36,19.40520404321039,19.084680274934477,61.51011568185514,8.000000000000007
2023-10-26,7-Year,7-Year,False,91282CJG7,38.0,4.908,4.849,2.7,10.981048749763225,18.398409403698587,70.62054184653819,5.900000000000016
2023-11-07,3-Year,3-Year,False,91282CJK8,48.0,4.701,4.649,2.67,16.26383550510047,19.13449083973821,64.60167365516132,5.19999999999996
2023-11-08,10-Year,10-Year,False,91282CJJ1,40.0,4.519,4.44,2.45,15.101924504157575,15.172002894147148,69.72607260169528,7.899999999999974
2023-11-09,30-Year,30-Year,False,912810TV0,24.0,4.769,4.65,2.24,24.729553056784447,15.162845320157489,60.10760162305806,11.899999999999977
2023-11-20,20-Year,20-Year,False,912810TW8,16.0,4.78,4.73,2.58,9.506667990885278,16.511718750419462,73.98161325869526,4.999999999999982
2023-11-27,5-Year,5-Year,False,91282CJN2,55.0,4.42,4.365,2.46,16.84885976368006,17.63304104376523,65.51809919255471,5.499999999999972
2023-11-27,2-Year,2-Year,False,91282CJL6,54.0,4.887,4.83,2.54,18.760856398853957,23.856459320716684,57.382684280429366,5.6999999999999496
2023-11-28,7-Year,7-Year,False,91282CJM4,39.0,4.399,4.319,2.44,20.291888458296707,15.848811041616939,63.859300500086356,8.000000000000007
2023-12-11,3-Year,3-Year,False,91282CJP7,50.0,4.49,4.43,2.42,26.237993187395066,21.68692690171768,52.075079910887254,6.00000000000005
2023-12-11,10-Year,9-Year 11-Month,True,91282CJJ1,37.0,4.296,4.224,2.53,17.303726457660712,18.870631344473793,63.8256421978655,7.200000000000006
2023-12-12,30-Year,29-Year 11-Month,True,912810TV0,21.0,4.344,4.28,2.43,14.226005123033806,17.301459151982485,68.47253572498371,6.400000000000006
2023-12-20,20-Year,19-Year 11-Month,True,912810TW8,13.0,4.213,4.147,2.55,12.887225067172256,20.707776941590566,66.40499799123718,6.599999999999984
2023-12-26,2-Year,2-Year,False,91282CJS1,57.0,4.314,4.27,2.68,18.633694074626188,19.511503468481713,61.8548024568921,4.400000000000048
2023-12-27,5-Year,5-Year,False,91282CJR3,58.0,3.801,3.75,2.5,14.04482795708353,15.359106327648975,70.5960657152675,5.100000000000016
2023-12-28,7-Year,7-Year,False,91282CJQ5,40.0,3.859,3.783,2.5,16.916275621937928,19.374566557726578,63.70915782033549,7.600000000000007
2024-01-09,3-Year,3-Year,False,91282CJT9,52.0,4.105,4.065,2.67,17.849243764511034,16.842319420373588,65.30843681511539,4.0000000000000036
2024-01-10,10-Year,9-Year 10-Month,True,91282CJJ1,37.0,4.024,3.957,2.56,15.149719256629382,18.738209645868558,66.11207109750205,6.700000000000017
2024-01-11,30-Year,29-Year 10-Month,True,912810TV0,21.0,4.229,4.16,2.37,14.519182659700695,17.70917336673468,67.77164397356462,6.899999999999995
2024-01-17,20-Year,19-Year 10-Month,True,912810TW8,13.0,4.423,4.36,2.53,17.331049902107797,20.508148634187062,62.16080146370514,6.299999999999972
2024-01-23,2-Year,2-Year,False,91282CJV4,60.0,4.365,4.31,2.57,14.828784430659795,19.87050285631088,65.30071271302933,5.50000000000006
2024-01-24,5-Year,5-Year,False,91282CJW2,61.0,4.055,3.979,2.31,20.374029391534425,18.688154359207008,60.93781624925857,7.599999999999962
2024-01-25,7-Year,7-Year,False,91282CJX0,41.0,4.109,4.053,2.57,13.938234108855813,17.003257261992964,69.05850862915123,5.600000000000005
2024-02-06,3-Year,3-Year,False,91282CKA8,54.0,4.169,4.13,2.58,15.710794326054458,18.337293156897708,65.95191251704783,3.89999999999997
2024-02-07,10-Year,10-Year,False,91282CJZ5,42.0,4.093,4.037,2.56,12.983750213644646,16.050561639566553,70.96568814678879,5.600000000000005
2024-02-08,30-Year,30-Year,False,912810TX6,25.0,4.36,4.314,2.4,14.810432903774675,14.49430804919672,70.6952590470286,4.600000000000026
2024-02-21,20-Year,20-Year,False,912810TZ1,16.0,4.595,4.51,2.39,21.207432930260133,19.70988064383396,59.082686425905905,8.499999999999996
2024-02-26,5-Year,5-Year,False,91282CKD2,64.0,4.32,4.248,2.41,16.81653094487748,19.655813246734493,63.527655808388026,7.200000000000006
2024-02-26,2-Year,2-Year,False,91282CKB6,63.0,4.691,4.64,2.49,14.73383063154761,20.106064786414034,65.16010458203836,5.100000000000016
2024-02-27,7-Year,7-Year,False,91282CKC4,42.0,4.327,4.27,2.58,15.59828171492196,14.83163183588266,69.57008644919537,5.700000000000038
2024-03-11,3-Year,3-Year,False,91282CKE0,56.0,4.256,4.207,2.6,14.39808116313436,15.555370496553088,70.04654834031255,4.900000000000038
2024-03-12,10-Year,9-Year 11-Month,True,91282CJZ5,39.0,4.166,4.1,2.51,17.06360881237537,18.64646392265564,64.289927264969,6.6000000000000725
2024-03-13,30-Year,29-Year 11-Month,True,912810TX6,22.0,4.331,4.283,2.47,13.932510609099324,16.77454250204987,69.2929468888508,4.800000000000004
2024-03-19,20-Year,19-Year 11-Month,True,912810TZ1,13.0,4.542,4.499,2.79,9.34655409203023,17.16070065479296,73.4927452531768,4.300000000000015
2024-03-25,2-Year,2-Year,False,91282CKH3,66.0,4.595,4.54,2.62,13.361711877192532,20.876038481805015,65.76224964100246,5.499999999999972
2024-03-26,5-Year,5-Year,False,91282CKG5,67.0,4.235,4.188,2.41,12.731797263277489,16.814909397929107,70.45329333879342,4.70000000000006
2024-03-27,7-Year,7-Year,False,91282CKF7,43.0,4.185,4.135,2.61,12.859891519939163,17.410141161768763,69.72996731829207,4.999999999999982
2024-04-09,3-Year,3-Year,False,91282CKJ9,58.0,4.548,4.489,2.5,19.310327835425014,20.4262500956425,60.26342206893249,5.900000000000016
2024-04-10,10-Year,9-Year 10-Month,True,91282CJZ5,39.0,4.56,4.465,2.34,23.955232072549947,14.235435812985225,61.80933211446483,9.499999999999975
2024-04-11,30-Year,29-Year 10-Month,True,912810TX6,22.0,4.671,4.608,2.37,17.34004876734709,18.277335407018498,64.38261582563442,6.300000000000061
2024-04-17,20-Year,19-Year 10-Month,True,912810TZ1,13.0,4.818,4.77,2.82,9.085202903004136,16.208163476755004,74.70663362024086,4.800000000000004
2024-04-23,2-Year,2-Year,False,91282CKK6,69.0,4.898,4.85,2.66,15.084500684447988,18.699265304770073,66.21623401078193,4.800000000000004
2024-04-24,5-Year,5-Year,False,91282CKP5,70.0,4.659,4.591,2.39,15.015051662973658,19.24225708579886,65.74269125122748,6.799999999999962
2024-04-25,7-Year,7-Year,False,91282CKN0,44.0,4.716,4.661,2.48,13.902014377812637,20.988251978312192,65.10973364387517,5.50000000000006
2024-05-07,3-Year,3-Year,False,91282CKR1,58.0,4.605,4.55,2.63,14.87222090529957,19.604600778621645,65.52317831607878,5.50000000000006
2024-05-08,10-Year,10-Year,False,91282CKQ3,42.0,4.483,4.422,2.49,15.73198419787422,18.744897859668267,65.5231179424575,6.099999999999994
2024-05-09,30-Year,30-Year,False,912810UA4,25.0,4.635,4.585,2.41,15.355892312322379,19.78170680695996,64.86240088071766,4.999999999999982
2024-05-22,20-Year,20-Year,False,912810UB2,16.0,4.635,4.58,2.51,10.063946481435616,19.175525294415312,70.76052822414908,5.499999999999972
2024-05-28,5-Year,5-Year,False,91282CKT7,70.0,4.553,4.48,2.3,19.520908210004563,15.442773031556925,65.03631875843851,7.299999999999951
2024-05-28,2-Year,2-Year,False,91282CKS9,69.0,4.917,4.85,2.41,16.57425027324397,25.51912327035487,57.906626456401156,6.700000000000017
2024-05-29,7-Year,7-Year,False,91282CKU4,44.0,4.65,4.59,2.43,16.99751932007325,16.127074326989753,66.87540635293699,6.00000000000005
2024-06-10,3-Year,3-Year,False,91282CKV2,58.0,4.659,4.59,2.43,19.960793131493148,15.900349391356276,64.13885747715058,6.899999999999995
2024-06-11,10-Year,9-Year 11-Month,True,91282CKQ3,39.0,4.438,4.374,2.67,11.586951521608125,13.810896401562593,74.60215207682928,6.400000000000006
2024-06-13,30-Year,29-Year 11-Month,True,912810UA4,22.0,4.403,4.35,2.49,13.698264241976057,17.80340043901367,68.49833531901027,5.299999999999994
2024-06-18,20-Year,19-Year 11-Month,True,912810UB2,13.0,4.452,4.395,2.74,5.76611249050965,16.34503774920239,77.88884976028795,5.700000000000038
2024-06-25,2-Year,2-Year,False,91282CKY6,69.0,4.706,4.658,2.75,13.484531362252635,20.93486153683458,65.58060710091279,4.800000000000004
2024-06-26,5-Year,5-Year,False,91282CKX8,70.0,4.331,4.271,2.35,13.383467739433511,17.700148738322373,68.91638352224412,6.00000000000005
2024-06-27,7-Year,7-Year,False,91282CKW0,44.0,4.276,4.219,2.58,11.872178160821623,18.47533476787795,69.65248707130043,5.6999999999999496
2024-07-09,3-Year,3-Year,False,91282CKZ3,58.0,4.399,4.35,2.67,14.776513709891201,21.257162130100117,63.96632416000868,4.900000000000038
2024-07-10,10-Year,9-Year 10-Month,True,91282CKQ3,39.0,4.276,4.218,2.58,11.531659841267894,20.863230733410486,67.60510942532161,5.799999999999983
2024-07-11,30-Year,29-Year 10-Month,True,912810UA4,22.0,4.405,4.327,2.3,15.875048652634982,23.364645524299004,60.76030582306602,7.800000000000029
2024-07-17,20-Year,19-Year 10-Month,True,912810UB2,13.0,4.466,4.406,2.68,8.474420801335103,14.32272548787913,77.20285371078577,6.00000000000005
2024-07-23,2-Year,2-Year,False,91282CLB5,69.0,4.434,4.393,2.81,9.01256351940884,14.420476849180824,76.56695963141034,4.100000000000037
2024-07-24,5-Year,5-Year,False,91282CLC3,70.0,4.121,4.05,2.4,13.970336883901812,18.7807821914077,67.2488809246905,7.100000000000062
2024-07-25,7-Year,7-Year,False,91282CLD1,44.0,4.162,4.111,2.64,8.868499057195443,16.75565714041111,74.37584380239345,5.100000000000016
2024-08-06,3-Year,3-Year,False,91282CLG4,58.0,3.81,3.75,2.55,15.35407957303734,20.25457712639923,64.39134330056343,6.000000000000005
2024-08-07,10-Year,10-Year,False,91282CLF6,42.0,3.96,3.888,2.32,17.87743169270591,15.952312367558644,66.17025593973544,7.200000000000006
2024-08-08,30-Year,30-Year,False,912810UC0,25.0,4.314,4.225,2.31,19.182801901837685,15.499897349615383,65.31730074854694,8.900000000000041
2024-08-21,20-Year,20-Year,False,912810UD8,16.0,4.16,4.095,2.54,9.724390362291397,19.27127014604098,71.00433949166762,6.500000000000039
2024-08-27,2-Year,2-Year,False,91282CLH2,69.0,3.874,3.83,2.68,11.933251424947878,19.108028930106293,68.95871964494583,4.400000000000004
2024-08-28,5-Year,5-Year,False,91282CLK5,70.0,3.645,3.59,2.41,13.172385122077474,16.286341754946964,70.54127312297557,5.500000000000016
2024-08-29,7-Year,7-Year,False,91282CLJ8,44.0,3.77,3.71,2.5,13.721300961682037,11.18930991452661,75.08938912379135,6.000000000000005
2024-09-10,3-Year,3-Year,False,91282CLL3,58.0,3.44,3.403,2.66,10.451478195801961,11.30456195823084,78.2439598459672,3.699999999999992
2024-09-11,10-Year,9-Year 11-Month,True,91282CLF6,39.0,3.648,3.605,2.64,10.24509183570046,13.707992115651974,76.04691604864756,4.300000000000015
2024-09-12,30-Year,29-Year 11-Month,True,912810UC0,22.0,4.015,3.95,2.38,15.65871009777135,15.657067783018286,68.68422211921038,6.49999999999995
2024-09-17,20-Year,19-Year 11-Month,True,912810UD8,13.0,4.039,3.97,2.51,18.62407090704436,16.28162590030096,65.09430319265468,6.899999999999951
2024-09-24,2-Year,2-Year,False,91282CLP4,69.0,3.52,3.47,2.59,12.794165308131571,19.616132612659875,67.58970207920855,4.999999999999982
2024-09-25,5-Year,5-Year,False,91282CLN9,70.0,3.519,3.463,2.38,11.45918457303564,18.2304544437018,70.31036098326257,5.600000000000005
2024-09-26,7-Year,7-Year,False,91282CLM1,44.0,3.668,3.608,2.63,8.944305655425993,20.255454161323083,70.80024018325093,6.000000000000005
2024-10-08,3-Year,3-Year,False,91282CLQ2,58.0,3.878,3.82,2.45,19.16895040338088,23.965628784405403,56.86542081221372,5.800000000000027
2024-10-09,10-Year,9-Year 10-Month,True,91282CLF6,39.0,4.066,4.008,2.48,13.925546414898129,8.439841864258957,77.63461172084291,5.799999999999983
2024-10-10,30-Year,29-Year 10-Month,True,912810UC0,22.0,4.389,4.32,2.5,12.158448126652265,7.368319280728983,80.47323259261874,6.899999999999995
2024-10-23,20-Year,19-Year 10-Month,True,912810UD8,13.0,4.59,4.53,2.59,14.483063021676088,17.642887090702608,67.8740498876213,5.999999999999961
2024-10-28,5-Year,5-Year,False,91282CLR0,70.0,4.138,4.07,2.39,14.17218587038703,9.473211149000297,76.35460298061267,6.799999999999962
2024-10-28,2-Year,2-Year,False,91282CLS8,69.0,4.13,4.07,2.5,17.927021579986768,23.838656374925833,58.234322045087396,5.999999999999961
2024-10-29,7-Year,7-Year,False,91282CLU3,44.0,4.215,4.17,2.74,7.4651259266002175,20.573758423147577,71.96111565025221,4.499999999999993
2024-11-04,3-Year,3-Year,False,91282CLX7,58.0,4.152,4.09,2.6,19.751590422948837,9.624622168460952,70.6237874085902,6.200000000000028
2024-11-05,10-Year,10-Year,False,91282CLW9,42.0,4.347,4.29,2.58,14.722843009142043,23.621562739977826,61.65559425088013,5.700000000000038
2024-11-06,30-Year,30-Year,False,912810UE6,25.0,4.608,4.565,2.64,10.182147882244728,27.08549470133852,62.732357416416754,4.299999999999926
2024-11-20,20-Year,20-Year,False,912810UF3,16.0,4.68,4.6,2.34,22.611885427053046,7.920234737739444,69.46787983520751,8.000000000000007
2024-11-25,2-Year,2-Year,False,91282CLY5,69.0,4.274,4.235,2.77,9.201951803252072,19.170977019993444,71.62707117675448,3.89999999999997
2024-11-26,5-Year,5-Year,False,91282CMA6,70.0,4.197,4.13,2.43,11.298117525864777,24.581889588582538,64.11999288555269,6.700000000000017
2024-11-27,7-Year,7-Year,False,91282CLZ2,44.0,4.183,4.138,2.71,9.985534318493967,25.93663323079453,64.0778324507115,4.499999999999993
2024-12-10,3-Year,3-Year,False,91282CMB4,58.0,4.117,4.068,2.58,15.112896698769134,20.70990546490254,64.17719783632833,4.900000000000038
2024-12-11,10-Year,9-Year 11-Month,True,91282CLW9,39.0,4.235,4.19,2.7,10.511301234902366,19.50106235900037,69.98763640609727,4.499999999999993
2024-12-12,30-Year,29-Year 11-Month,True,912810UE6,22.0,4.535,4.475,2.39,14.374792371088043,19.09912943757025,66.52607819134171,6.00000000000005
2024-12-17,20-Year,19-Year 11-Month,True,912810UF3,13.0,4.686,4.622,2.5,17.904090645630344,20.135562948397396,61.96034640597225,6.400000000000006
2024-12-23,2-Year,2-Year,False,91282CME8,69.0,4.335,4.285,2.73,11.26347463559871,6.648472933688179,82.0880524307131,4.999999999999982
2024-12-24,5-Year,5-Year,False,91282CMD0,70.0,4.478,4.425,2.4,12.470021068232542,20.255116965861916,67.27486196590554,5.299999999999994
2024-12-26,7-Year,7-Year,False,91282CMC2,44.0,4.532,4.49,2.76,9.271781828698817,2.8506429754223754,87.8775751958788,4.1999999999999815
2025-01-06,3-Year,3-Year,False,91282CMF5,58.0,4.332,4.286,2.62,19.356230702533725,19.667652516840036,60.976116780626235,4.600000000000026
2025-01-07,10-Year,9-Year 10-Month,True,91282CLW9,39.0,4.68,4.625,2.53,15.641133309119496,22.971875637849024,61.38699105303148,5.499999999999972
2025-01-08,30-Year,29-Year 10-Month,True,912810UE6,22.0,4.913,4.87,2.52,12.657969226367562,20.71222691636138,66.62980385727106,4.300000000000015
2025-01-22,20-Year,19-Year 10-Month,True,912810UF3,13.0,4.9,4.86,2.75,10.397760038614889,20.083930305832528,69.51830965555259,4.0000000000000036
2025-01-27,5-Year,5-Year,False,91282CMG3,70.0,4.33,4.285,2.4,11.11688318382038,26.089268902799677,62.79384791337994,4.499999999999993
2025-01-27,2-Year,2-Year,False,91282CMH1,69.0,4.211,4.168,2.66,13.706654824328368,21.269656093444038,65.0236890822276,4.300000000000015
2025-01-28,7-Year,7-Year,False,91282CMK4,44.0,4.457,4.41,2.64,9.857000028609525,23.063120115327603,67.07987985606287,4.699999999999971
2025-02-11,3-Year,3-Year,False,91282CMN8,58.0,4.3,4.26,2.79,10.181686797484563,15.817740185642945,74.0005730168725,4.0000000000000036
2025-02-12,10-Year,10-Year,False,91282CMM0,42.0,4.632,4.56,2.48,14.83829929672424,13.614820794663931,71.54687990861183,7.200000000000006
2025-02-13,30-Year,30-Year,False,912810UG1,25.0,4.748,4.68,2.33,16.3435574087377,18.57792834485344,65.07851424640886,6.8000000000000504
2025-02-19,20-Year,20-Year,False,912810UJ5,16.0,4.83,4.769,2.43,17.507920793698954,19.50546964829373,62.98660955800731,6.099999999999994
2025-02-24,2-Year,2-Year,False,91282CMP3,69.0,4.169,4.13,2.56,6.8685924703788634,7.640964858993213,85.49044267062791,3.89999999999997
2025-02-25,7-Year,5-Year,True,91282CGQ8,70.0,4.123,4.07,2.42,10.587885088260123,14.544625551109542,74.86748936063033,5.299999999999994
2025-02-26,7-Year,7-Year,False,91282CMR9,44.0,4.194,4.148,2.64,8.781558521709568,25.160868051883327,66.0575734264071,4.600000000000026
2025-03-11,3-Year,3-Year,False,91282CMS7,58.0,3.908,3.85,2.7,11.466384447546114,26.001592120431717,62.53202343202218,5.799999999999983
2025-03-12,10-Year,9-Year 11-Month,True,91282CMM0,39.0,4.31,4.265,2.59,13.080091511445769,19.506982520225062,67.41292596832918,4.499999999999993
2025-03-13,30-Year,29-Year 11-Month,True,912810UG1,22.0,4.623,4.56,2.37,16.89072482381986,22.654302035927206,60.45497314025293,6.300000000000061
2025-03-18,20-Year,19-Year 11-Month,True,912810UJ5,13.0,4.632,4.598,2.78,8.80719587837473,22.35436808241876,68.83843603920651,3.399999999999981
2025-03-25,2-Year,2-Year,False,91282CMV0,69.0,3.984,3.936,2.66,10.649102390839133,13.581723697706002,75.76917391145487,4.800000000000004
2025-03-26,5-Year,5-Year,False,91282CMU2,70.0,4.1,4.04,2.33,13.193589705724564,10.968240257726125,75.83817003654931,5.999999999999961
2025-03-27,7-Year,7-Year,False,91282CMT5,44.0,4.233,4.177,2.53,12.669195234486407,26.131169371400492,61.1996353941131,5.600000000000005
2025-04-08,3-Year,3-Year,False,91282CMW8,58.0,3.784,3.7,2.47,20.729098545232887,6.239954337121264,73.03094711764585,8.399999999999963
2025-04-09,10-Year,9-Year 10-Month,True,91282CMM0,39.0,4.435,4.34,2.67,10.700565525340219,1.4034608985897454,87.89597357607003,9.499999999999975
2025-04-10,30-Year,29-Year 10-Month,True,912810UG1,22.0,4.813,4.73,2.43,12.297179248670972,25.82255975729209,61.88026099403694,8.29999999999993
2025-04-16,20-Year,19-Year 10-Month,True,912810UJ5,13.0,4.81,4.75,2.63,16.992396272614624,12.322988838032305,70.68461488935307,5.999999999999961
2025-04-22,2-Year,2-Year,False,91282CMY4,69.0,3.795,3.74,2.52,13.74110051222775,30.078878909745622,56.18002057802662,5.499999999999972
2025-04-23,5-Year,5-Year,False,91282CMZ1,70.0,3.995,3.928,2.41,11.115617318441998,24.844812661596823,64.03957001996118,6.700000000000017
2025-04-24,7-Year,7-Year,False,91282CNA5,44.0,4.123,4.065,2.55,15.2655028568412,25.43529617818598,59.29920096497282,5.799999999999983
2025-05-05,3-Year,3-Year,False,91282CND9,58.0,3.824,3.769,2.56,13.921446472155333,23.708614887569066,62.3699386402756,5.499999999999972
2025-05-06,10-Year,10-Year,False,91282CNC1,42.0,4.342,4.281,2.6,8.926921292731649,19.882867534083594,71.19021117318476,6.099999999999994
2025-05-08,30-Year,30-Year,False,912810UK2,25.0,4.819,4.749,2.31,13.917308653222909,27.20685178087305,58.875839565904045,7.000000000000028
2025-05-21,20-Year,20-Year,False,912810UL0,16.0,5.047,4.974,2.46,16.910549477571273,14.072617098976709,69.01683342345201,7.299999999999951
2025-05-27,2-Year,2-Year,False,91282CNE7,69.0,3.955,3.9,2.57,10.477069858152564,26.184202065612038,63.3387280762354,5.500000000000016
2025-05-28,5-Year,5-Year,False,91282CNG2,70.0,4.071,4.01,2.39,9.235504036395598,12.39365082744997,78.37084513615443,6.099999999999994
2025-05-29,7-Year,7-Year,False,91282CNF4,44.0,4.194,4.144,2.69,4.845120456366791,23.63561993103365,71.51925961259955,4.999999999999982
2025-06-10,3-Year,3-Year,False,91282CNH0,58.0,3.972,3.919,2.52,15.188231366458716,18.028715058734026,66.78305357480725,5.299999999999994
2025-06-11,10-Year,9-Year 11-Month,True,91282CNC1,39.0,4.421,4.378,2.52,8.960654795473648,20.482808562890497,70.55653664163584,4.300000000000015
2025-06-12,30-Year,29-Year 11-Month,True,912810UK2,22.0,4.844,4.8,2.43,11.41342448761568,23.424115667019358,65.16245984536496,4.400000000000048
2025-06-16,20-Year,19-Year 11-Month,True,912810UL0,13.0,4.942,4.88,2.68,13.37455049001533,19.883654253060595,66.74179525692408,6.200000000000028
2025-06-24,2-Year,2-Year,False,91282CNL1,69.0,3.786,3.73,2.58,13.171929899645454,26.326536836152936,60.50153326420161,5.600000000000005
2025-06-25,5-Year,5-Year,False,91282CNK3,70.0,3.879,3.819,2.36,10.884890882654117,24.435380619769262,64.67972849757662,6.000000000000005
2025-06-26,7-Year,7-Year,False,91282CNJ6,44.0,4.022,3.96,2.53,11.642201832669869,11.61873016779458,76.73906799953555,6.200000000000028
2025-07-08,3-Year,3-Year,False,91282CNM9,58.0,3.891,3.836,2.51,16.50923935326766,29.376623175008326,54.114137471724014,5.500000000000016
2025-07-09,10-Year,9-Year 10-Month,True,91282CNC1,39.0,4.362,4.31,2.61,10.873853740796674,23.70430934205173,65.4218369171516,5.200000000000049
2025-07-10,30-Year,29-Year 10-Month,True,912810UK2,22.0,4.889,4.838,2.38,12.81915047330305,27.395851370941664,59.78499815575529,5.100000000000016
2025-07-23,20-Year,19-Year 10-Month,True,912810UL0,13.0,4.935,4.886,2.79,10.716017669324883,21.85563631972672,67.42834601094839,4.899999999999949
2025-07-28,5-Year,5-Year,False,91282CNN7,70.0,3.983,3.92,2.31,12.227659634060668,29.495374905977854,58.276965459961474,6.300000000000017
2025-07-28,2-Year,2-Year,False,91282CNP2,69.0,3.92,3.87,2.62,10.299142020594566,34.37236674261497,55.32849123679047,4.999999999999982
2025-07-29,7-Year,7-Year,False,91282CNR8,44.0,4.092,4.057,2.79,4.062210319176859,33.676567183264986,62.26122249755816,3.4999999999999254
2025-08-05,3-Year,3-Year,False,91282CNU1,58.0,3.669,3.61,2.53,17.879318146360056,28.13492898690462,53.985752866735325,5.900000000000016
2025-08-06,10-Year,10-Year,False,91282CNT4,42.0,4.255,4.195,2.35,16.15665266934916,19.614146496507296,64.22920083414354,5.999999999999961
2025-08-07,30-Year,30-Year,False,912810UM8,25.0,4.813,4.74,2.27,17.455226506199985,23.027249619824826,59.517523873975186,7.299999999999951
2025-08-20,20-Year,20-Year,False,912810UN6,16.0,4.876,4.82,2.54,12.884558565429186,26.47142752523403,60.64401390933678,5.600000000000005
2025-08-26,2-Year,2-Year,False,91282CNV9,69.0,3.641,3.6,2.69,9.740889829258329,33.1648237722536,57.09428639848807,4.0999999999999925
2025-08-27,5-Year,5-Year,False,91282CNX5,70.0,3.724,3.667,2.36,8.784576121664733,30.736859803803025,60.47856407453224,5.700000000000038
2025-08-28,7-Year,7-Year,False,91282CNW7,44.0,3.925,3.87,2.49,9.787655122956677,12.765382695561492,77.44696218148182,5.499999999999972
2025-09-09,3-Year,3-Year,False,91282CNY3,58.0,3.485,3.445,2.73,8.369300949693638,17.39007428889958,74.24062476140678,4.0000000000000036
2025-09-10,10-Year,9-Year 11-Month,True,91282CNT4,39.0,4.033,3.986,2.65,4.212809966880832,12.655147400511071,83.13204263260809,4.700000000000015
2025-09-11,30-Year,29-Year 11-Month,True,912810UM8,22.0,4.651,4.585,2.38,9.955985450818357,28.012653767288608,62.03136078189304,6.599999999999984
2025-09-16,20-Year,19-Year 11-Month,True,912810UN6,13.0,4.613,4.564,2.74,7.5740350993898575,27.865716276415576,64.56024862419457,4.900000000000038
2025-09-23,2-Year,2-Year,False,91282CPB1,69.0,3.571,3.52,2.51,11.48685388672731,30.766778065437123,57.74636804783556,5.100000000000016
2025-09-24,5-Year,5-Year,False,91282CPA3,70.0,3.71,3.654,2.34,11.942761155266346,28.636654136875478,59.42058470785818,5.600000000000005
2025-09-25,7-Year,7-Year,False,91282CNZ0,44.0,3.953,3.895,2.4,12.003996186083505,31.57927891705904,56.41672489685745,5.799999999999983
2025-10-07,3-Year,3-Year,False,91282CPC9,58.0,3.576,3.534,2.66,10.724129532104794,26.577125273690054,62.69874519420515,4.200000000000026
2025-10-08,10-Year,9-Year 10-Month,True,91282CNT4,39.0,4.117,4.06,2.48,9.093187325921233,24.102250270459827,66.80456240361895,5.700000000000038
2025-10-09,30-Year,29-Year 10-Month,True,912810UM8,22.0,4.734,4.67,2.38,8.661401776675495,26.864078597378473,64.47451962594603,6.400000000000006
2025-10-22,20-Year,19-Year 10-Month,True,912810UN6,13.0,4.506,4.464,2.73,10.035537166932757,26.33332761457191,63.63113521849533,4.1999999999999815
2025-10-27,2-Year,2-Year,False,91282CPE5,69.0,3.504,3.453,2.59,11.578560527189271,34.77105286555302,53.65038660725771,5.100000000000016
2025-10-27,5-Year,5-Year,False,91282CPD7,70.0,3.625,3.575,2.38,9.271189182529676,23.892365595760328,66.83644522171,4.999999999999982
2025-10-28,7-Year,7-Year,False,91282CPF2,44.0,3.79,3.735,2.46,13.144692765095678,27.845379647310292,59.009927587594035,5.500000000000016
2025-11-10,3-Year,3-Year,False,91282CPK1,58.0,3.579,3.54,2.85,9.717112430381677,27.319962064780995,62.96292550483733,3.9000000000000146
2025-11-12,10-Year,10-Year,False,91282CPJ4,42.0,4.074,4.028,2.43,10.451457880216305,22.550582337073738,66.99795978270996,4.600000000000026
2025-11-13,30-Year,30-Year,False,912810UP1,25.0,4.694,4.63,2.29,14.5103935145489,14.50131806477097,70.98828842068012,6.400000000000006
2025-11-19,20-Year,20-Year,False,912810UQ9,16.0,4.706,4.65,2.41,11.382777757181724,29.14577228608413,59.47144995673413,5.600000000000005
2025-11-24,2-Year,2-Year,False,91282CPL9,69.0,3.489,3.434,2.68,11.183049754268854,30.74304905237385,58.0739011933573,5.499999999999972
2025-11-25,5-Year,5-Year,False,91282CPN5,70.0,3.562,3.515,2.41,11.038290209248352,27.610965458005282,61.350744332746366,4.699999999999971
2025-11-26,7-Year,7-Year,False,91282CPM7,44.0,3.781,3.715,2.46,13.073455810742802,30.273488521692283,56.65305566756492,6.600000000000028
2025-12-08,3-Year,3-Year,False,91282CPP0,58.0,3.614,3.57,2.64,9.028996619242623,19.00097480366841,71.97002857708897,4.400000000000004
2025-12-09,10-Year,9-Year 11-Month,True,91282CPJ4,39.0,4.175,4.12,2.55,8.80666114105962,20.957500343272724,70.23583851566767,5.499999999999972
2025-12-11,30-Year,29-Year 11-Month,True,912810UP1,22.0,4.773,4.72,2.36,11.16132245307856,23.45709782615134,65.3815797207701,5.299999999999994
2025-12-17,20-Year,19-Year 11-Month,True,912810UQ9,13.0,4.798,4.746,2.67,12.569722771545717,22.23815442574214,65.19212280271215,5.19999999999996
2025-12-22,2-Year,2-Year,False,91282CPS4,69.0,3.499,3.445,2.54,12.739152610969493,34.05249411847354,53.20835327055698,5.400000000000027
2025-12-23,5-Year,5-Year,False,91282CPR6,70.0,3.747,3.692,2.35,8.83685055023448,31.651442676663727,59.51170677310179,5.499999999999972
2025-12-24,7-Year,7-Year,False,91282CPQ8,44.0,3.93,3.881,2.51,9.336170851020762,31.623765789129465,59.04006335984977,4.900000000000038
2026-01-12,10-Year,9-Year 10-Month,True,91282CPJ4,39.0,4.173,4.125,2.55,5.847471989728673,24.505419565513375,69.64710844475796,4.800000000000004
2026-01-12,3-Year,3-Year,False,91282CPT2,58.0,3.609,3.56,2.65,14.00417355682081,29.495169258065346,56.500657185113845,4.899999999999993
2026-01-13,30-Year,29-Year 10-Month,True,912810UP1,22.0,4.825,4.78,2.42,11.951336188537367,21.276853469604493,66.77181034185814,4.499999999999993
2026-01-21,20-Year,19-Year 10-Month,True,912810UQ9,13.0,4.846,4.806,2.86,6.2094403564074945,29.075621909098782,64.71493773449373,4.0000000000000036
2026-01-26,5-Year,2-Year,True,91282CGH8,69.0,3.58,3.54,2.75,7.329155454328026,28.272122930730436,64.39872161494154,4.0000000000000036
2026-01-27,5-Year,5-Year,False,91282CPW5,70.0,3.823,3.77,2.34,10.847365695632025,28.469765358283844,60.682868946084135,5.299999999999994
2026-01-29,7-Year,7-Year,False,91282CPY1,44.0,4.018,3.96,2.45,10.928202874837927,22.199090495545153,66.87270662961691,5.799999999999983
2026-02-10,3-Year,3-Year,False,91282CQA2,58.0,3.518,3.468,2.62,10.936173647111046,31.91698453405668,57.14684181883227,4.999999999999982
2026-02-11,10-Year,10-Year,False,91282CPZ8,42.0,4.177,4.11,2.39,13.375743757876688,22.07940717514221,64.5448490669811,6.699999999999928
2026-02-12,30-Year,30-Year,False,912810UR7,25.0,4.75,4.718,2.66,5.8827052415903625,24.17776470901653,69.93953004939311,3.200000000000003
2026-02-18,20-Year,20-Year,False,912810UT3,16.0,4.664,4.595,2.36,17.592336162702985,27.241089201139403,55.16657463615762,6.899999999999995
2026-02-24,2-Year,2-Year,False,91282CQB0,69.0,3.455,3.403,2.63,9.810356239646438,34.279289512773985,55.910354247579576,5.200000000000005
2026-02-25,5-Year,5-Year,False,91282CQD6,70.0,3.615,3.555,2.32,12.807878105804832,24.697233954139442,62.49488794005572,6.000000000000005
2026-02-26,7-Year,7-Year,False,91282CQC8,44.0,3.79,3.74,2.5,10.418077113318013,26.008109193671626,63.573813693010365,4.999999999999982
2026-03-10,3-Year,3-Year,False,91282CQE4,58.0,3.579,3.527,2.55,19.50061939411113,20.657721853486137,59.841658752402736,5.200000000000005
2026-03-11,10-Year,9-Year 11-Month,True,91282CPZ8,39.0,4.217,4.16,2.45,12.716625457093079,12.831494282870892,74.45188026003603,5.6999999999999496
2026-03-12,30-Year,29-Year 11-Month,True,912810UR7,22.0,4.871,4.825,2.45,9.358421489193413,27.228136148828398,63.41344236197819,4.600000000000026
2026-03-17,20-Year,19-Year 11-Month,True,912810UT3,13.0,4.817,4.77,2.76,9.243957260633051,21.5806740983762,69.17536864099075,4.70000000000006
2026-03-24,2-Year,2-Year,False,91282CQH7,69.0,3.936,3.865,2.44,24.12335698922193,16.496477013333738,59.38016599744434,7.099999999999973
2026-03-25,5-Year,5-Year,False,91282CQG9,70.0,3.98,3.923,2.29,15.614975904982877,22.48239259846935,61.90263149654778,5.699999999999994
2026-03-26,7-Year,7-Year,False,91282CQF1,44.0,4.255,4.19,2.43,12.405671400230394,25.034834585754755,62.55949401401485,6.49999999999995
2026-04-07,3-Year,3-Year,False,91282CQJ3,58.0,3.897,3.847,2.68,13.28017507097146,11.91154603186561,74.80827889716292,4.999999999999982
2026-04-08,10-Year,9-Year 10-Month,True,91282CPZ8,39.0,4.282,4.23,2.43,10.79638996162283,23.881114851629356,65.32249518674782,5.19999999999996
2026-04-09,30-Year,29-Year 10-Month,True,912810UR7,22.0,4.876,4.823,2.39,11.623648837041213,24.233821380661524,64.14252978229726,5.299999999999994
2026-04-22,20-Year,19-Year 10-Month,True,912810UT3,13.0,4.883,4.841,2.68,9.727484574496522,22.879064732572587,67.39345069293088,4.1999999999999815
2026-04-27,5-Year,5-Year,False,91282CQK0,70.0,3.955,3.902,2.33,12.68467907615517,15.025283678400564,72.29003724544427,5.299999999999994
2026-04-27,2-Year,2-Year,False,91282CQL8,69.0,3.812,3.75,2.65,11.868664715776788,31.647845931859468,56.48348935236373,6.199999999999983
2026-04-28,7-Year,7-Year,False,91282CQN4,44.0,4.175,4.12,2.51,11.637997713867048,30.00930376889473,58.352698517238224,5.499999999999972
2026-05-11,3-Year,3-Year,False,91282CQR5,58.0,3.965,3.917,2.54,16.90468865871695,20.139886168441205,62.95542517284185,4.800000000000004
2026-05-12,10-Year,10-Year,False,91282CQQ7,42.0,4.468,4.413,2.4,11.97783048076265,24.071498404858698,63.95067111437866,5.499999999999972
2026-05-13,30-Year,30-Year,False,912810UU0,25.0,5.046,4.99,2.3,11.657298567802709,21.73778656312622,66.60491486907107,5.600000000000005
2026-05-20,20-Year,20-Year,False,912810UV8,16.0,5.122,5.068,2.55,9.38738228469137,22.940875586543196,67.67174212876543,5.400000000000027
2026-05-26,2-Year,2-Year,False,91282CQS3,69.0,4.071,4.015,2.64,12.337303236856485,30.109942042883738,57.55275472025978,5.600000000000005
2026-05-27,5-Year,5-Year,False,91282CQU8,70.0,4.182,4.125,2.34,12.802893049952175,12.343363507504055,74.85374344254377,5.700000000000038
2026-05-28,7-Year,7-Year,False,91282CQT1,44.0,4.29,4.24,2.52,10.41872706721464,11.194401022993404,78.38687190979195,4.999999999999982
2026-06-09,3-Year,3-Year,False,91282CQV6,58.0,4.192,4.147,2.64,15.278032345888166,21.01290491916282,63.709062734949015,4.499999999999993
2026-06-10,10-Year,9-Year 11-Month,True,91282CQQ7,39.0,4.538,4.48,2.57,9.464744312791531,12.324397761210959,78.21085792599752,5.799999999999983
2026-06-11,30-Year,29-Year 11-Month,True,912810UU0,22.0,5.02,4.96,2.33,14.743679974032128,25.30619742950675,59.95012259646112,5.999999999999961
2026-06-16,20-Year,19-Year 11-Month,True,912810UV8,13.0,4.927,4.875,2.75,8.482501118267376,19.943921311339928,71.5735775703927,5.19999999999996
2026-06-23,2-Year,2-Year,False,91282CQY0,69.0,4.189,4.138,2.64,10.239431664795228,34.30982508426984,55.450743250934934,5.100000000000016
2026-06-24,5-Year,5-Year,False,91282CQX2,70.0,4.2,4.135,2.35,12.892917527276145,25.51048611628582,61.59659635643804,6.500000000000039
2026-06-25,7-Year,7-Year,False,91282CQW4,44.0,4.26,4.2,2.5,12.750281932622917,29.6962298634271,57.55348820394999,5.999999999999961
2026-07-07,3-Year,3-Year,False,91282CQZ7,58.0,4.179,4.134,2.6,7.741634203465297,24.754951799189705,67.50341399734499,4.499999999999993
2026-07-08,10-Year,9-Year 10-Month,True,91282CQQ7,39.0,4.58,4.53,2.59,7.777790426407408,10.727341069110183,81.49486850448241,4.999999999999982
2026-07-09,30-Year,29-Year 10-Month,True,912810UU0,22.0,5.058,5.007,2.44,10.050673477942473,12.208114731891294,77.74121179016623,5.100000000000016
2026-07-22,20-Year,19-Year 10-Month,True,912810UV8,13.0,5.163,5.12,2.64,14.665336604148552,16.21304806856291,69.12161532728854,4.300000000000015
2026-07-27,5-Year,5-Year,False,91282CRA1,70.0,4.408,4.343,2.28,13.53438994493463,27.22289444993472,59.24271560513065,6.500000000000039
2026-07-27,2-Year,2-Year,False,91282CRB9,69.0,4.315,4.27,2.66,9.355581965936684,34.05357761048615,56.59084042357717,4.500000000000082
2026-07-28,7-Year,7-Year,False,91282CRC7,44.0,4.473,4.405,2.49,12.968750206390538,16.882461402293274,70.14878839131619,6.799999999999962
2026-08-11,3-Year,3-Year,False,91282CRG8,58.0,4.291,4.243,2.71,11.741277255776005,24.020979075497443,64.23774366872655,4.800000000000004
2026-08-12,10-Year,10-Year,False,91282CRF0,42.0,4.683,4.63,2.53,8.602752716360996,14.671522860610045,76.72572442302896,5.299999999999994
2026-08-13,30-Year,30-Year,False,912810UW6,25.0,5.216,5.15,2.39,11.510861765019548,21.643183462273328,66.84595477270713,6.599999999999984
2026-08-19,20-Year,20-Year,False,912810UX4,16.0,5.204,5.147,2.53,12.488905188829385,24.586062968936044,62.92503184223457,5.6999999999999496
2026-08-25,2-Year,2-Year,False,91282CRH6,69.0,4.204,4.157,2.6,10.896873524541997,23.091967879398105,66.0111585960599,4.699999999999971
2026-08-26,5-Year,5-Year,False,91282CRK9,70.0,4.393,4.34,2.37,10.048506151484798,28.4376072342608,61.51388661425441,5.299999999999994
2026-08-27,7-Year,7-Year,False,91282CRJ2,44.0,4.512,4.46,2.5,12.264115792094003,26.958540177710944,60.77734403019506,5.19999999999996
2026-09-08,3-Year,3-Year,False,91282CRL7,58.0,4.474,4.43,2.72,10.907829264450084,26.944444700435668,62.147726035114246,4.400000000000048
2026-09-09,10-Year,9-Year 11-Month,True,91282CRF0,39.0,4.834,4.769,2.71,4.310844537373377,16.505110677141907,79.18404478548472,6.49999999999995
2026-09-10,30-Year,29-Year 11-Month,True,912810UW6,22.0,5.308,5.25,2.61,2.207904594475033,18.307664355054012,79.48443105047095,5.799999999999983
2026-09-15,20-Year,19-Year 11-Month,True,912810UX4,13.0,5.42,5.36,2.57,16.852476292660096,30.682258617315846,52.46526509002406,5.999999999999961
2026-09-22,2-Year,2-Year,False,91282CRP8,69.0,4.787,4.738,2.63,13.190908825619655,29.01816919861366,57.790921975766686,4.899999999999949
2026-09-23,5-Year,5-Year,False,91282CRN3,70.0,5.033,4.95,2.21,15.774663284142507,29.915306851936712,54.31002986392078,8.300000000000018
2026-09-24,7-Year,7-Year,False,91282CRM5,44.0,5.085,5.019,2.42,12.528632031175965,30.274761820471834,57.1966061483522,6.599999999999984
2026-10-06,3-Year,3-Year,False,91282CRQ6,58.0,4.932,4.88,2.62,10.74020488007504,31.66495271669295,57.59484240323201,5.200000000000049
2026-10-07,10-Year,9-Year 10-Month,True,91282CRF0,39.0,5.3,5.255,2.77,2.5449084528668733,17.116578376792212,80.3385131703409,4.499999999999993
